
2025-12-30 15:42:04,994 [ERROR] Process Process-291:
2025-12-30 15:42:04,997 [ERROR] Process Process-67:
2025-12-30 15:42:04,997 [ERROR] Process Process-87:
2025-12-30 15:42:04,997 [ERROR] Process Process-287:
2025-12-30 15:42:04,997 [ERROR] Process Process-11:
2025-12-30 15:42:04,997 [ERROR] Process Process-22:
2025-12-30 15:42:04,997 [ERROR] Process Process-355:
2025-12-30 15:42:04,997 [ERROR] Process Process-107:
2025-12-30 15:42:04,997 [ERROR] Process Process-98:
2025-12-30 15:42:04,997 [ERROR] Process Process-79:
2025-12-30 15:42:04,997 [ERROR] Process Process-109:
2025-12-30 15:42:04,997 [ERROR] Process Process-234:
2025-12-30 15:42:04,996 [ERROR] Process Process-139:
2025-12-30 15:42:04,997 [ERROR] Process Process-274:
2025-12-30 15:42:04,997 [ERROR] Process Process-364:
2025-12-30 15:42:04,997 [ERROR] Process Process-357:
2025-12-30 15:42:04,997 [ERROR] Process Process-152:
2025-12-30 15:42:04,997 [ERROR] Process Process-319:
2025-12-30 15:42:04,997 [ERROR] Process Process-374:
2025-12-30 15:42:04,997 [ERROR] Process Process-381:
2025-12-30 15:42:04,997 [ERROR] Process Process-69:
2025-12-30 15:42:04,998 [ERROR] Process Process-300:
2025-12-30 15:42:04,997 [ERROR] Process Process-56:
2025-12-30 15:42:04,997 [ERROR] Process Process-135:
2025-12-30 15:42:04,997 [ERROR] Process Process-143:
2025-12-30 15:42:04,998 [ERROR] Process Process-221:
2025-12-30 15:42:04,998 [ERROR] Process Process-131:
2025-12-30 15:42:04,998 [ERROR] Process Process-384:
2025-12-30 15:42:04,998 [ERROR] Process Process-54:
2025-12-30 15:42:04,998 [ERROR] Process Process-133:
2025-12-30 15:42:04,998 [ERROR] Process Process-194:
2025-12-30 15:42:04,998 [ERROR] Process Process-142:
2025-12-30 15:42:04,997 [ERROR] Process Process-84:
2025-12-30 15:42:04,994 [ERROR] Process Process-339:
2025-12-30 15:42:04,999 [ERROR] Traceback (most recent call last):
2025-12-30 15:42:04,999 [ERROR] Traceback (most recent call last):
2025-12-30 15:42:04,999 [ERROR] Traceback (most recent call last):
2025-12-30 15:42:04,998 [ERROR] Process Process-229:
2025-12-30 15:42:04,998 [ERROR] Process Process-312:
2025-12-30 15:42:04,998 [ERROR] Process Process-266:
2025-12-30 15:42:04,999 [ERROR] Traceback (most recent call last):
2025-12-30 15:42:04,999 [ERROR] Process Process-272:
2025-12-30 15:42:04,999 [ERROR]   File "/home/william/miniconda3/envs/llmcompass/lib/python3.9/multiprocessing/process.py", line 315, in _bootstrap
    self.run()
2025-12-30 15:42:04,999 [ERROR] Process Process-59:
2025-12-30 15:42:04,999 [ERROR]   File "/home/william/miniconda3/envs/llmcompass/lib/python3.9/multiprocessing/process.py", line 315, in _bootstrap
    self.run()
2025-12-30 15:42:04,999 [ERROR] Process Process-341:
2025-12-30 15:42:04,999 [ERROR] Process Process-362:
2025-12-30 15:42:04,999 [ERROR]   File "/home/william/miniconda3/envs/llmcompass/lib/python3.9/multiprocessing/process.py", line 315, in _bootstrap
    self.run()
2025-12-30 15:42:04,999 [ERROR] Process Process-303:
2025-12-30 15:42:04,999 [ERROR]   File "/home/william/miniconda3/envs/llmcompass/lib/python3.9/multiprocessing/process.py", line 108, in run
    self._target(*self._args, **self._kwargs)
2025-12-30 15:42:04,999 [ERROR] Process Process-62:
2025-12-30 15:42:04,999 [ERROR] Process Process-91:
2025-12-30 15:42:04,999 [ERROR] Process Process-373:
2025-12-30 15:42:04,999 [ERROR]   File "/home/william/miniconda3/envs/llmcompass/lib/python3.9/multiprocessing/process.py", line 108, in run
    self._target(*self._args, **self._kwargs)
2025-12-30 15:42:04,999 [ERROR] Process Process-168:
2025-12-30 15:42:04,999 [ERROR]   File "/home/william/miniconda3/envs/llmcompass/lib/python3.9/multiprocessing/process.py", line 315, in _bootstrap
    self.run()
2025-12-30 15:42:04,999 [ERROR] Process Process-111:
2025-12-30 15:42:04,999 [ERROR]   File "/home/william/miniconda3/envs/llmcompass/lib/python3.9/multiprocessing/process.py", line 108, in run
    self._target(*self._args, **self._kwargs)
2025-12-30 15:42:04,999 [ERROR]   File "/home/william/LLMCompass_GoldData/ae/figure8/change_memory_bw.py", line 103, in test_memory_bandwidth
    auto_regression_latency_simulated = model_auto_regression.compile_and_simulate(
2025-12-30 15:42:04,999 [ERROR] Process Process-315:
2025-12-30 15:42:04,999 [ERROR] Process Process-50:
2025-12-30 15:42:04,999 [ERROR]   File "/home/william/LLMCompass_GoldData/ae/figure8/change_memory_bw.py", line 103, in test_memory_bandwidth
    auto_regression_latency_simulated = model_auto_regression.compile_and_simulate(
2025-12-30 15:42:04,999 [ERROR]   File "/home/william/miniconda3/envs/llmcompass/lib/python3.9/multiprocessing/process.py", line 108, in run
    self._target(*self._args, **self._kwargs)
2025-12-30 15:42:04,999 [ERROR] Process Process-361:
2025-12-30 15:42:04,999 [ERROR]   File "/home/william/LLMCompass_GoldData/ae/figure8/change_memory_bw.py", line 103, in test_memory_bandwidth
    auto_regression_latency_simulated = model_auto_regression.compile_and_simulate(
2025-12-30 15:42:04,999 [ERROR] Traceback (most recent call last):
2025-12-30 15:42:04,999 [ERROR]   File "/home/william/LLMCompass_GoldData/software_model/transformer.py", line 573, in compile_and_simulate
    self.H_matmul0.compile_and_simulate(pcb, compile_mode)
2025-12-30 15:42:04,999 [ERROR] Traceback (most recent call last):
2025-12-30 15:42:04,999 [ERROR]   File "/home/william/LLMCompass_GoldData/software_model/transformer.py", line 578, in compile_and_simulate
    self.H_matmul1.compile_and_simulate(pcb, compile_mode)
2025-12-30 15:42:04,999 [ERROR]   File "/home/william/LLMCompass_GoldData/ae/figure8/change_memory_bw.py", line 103, in test_memory_bandwidth
    auto_regression_latency_simulated = model_auto_regression.compile_and_simulate(
2025-12-30 15:42:04,999 [ERROR]   File "/home/william/LLMCompass_GoldData/software_model/transformer.py", line 573, in compile_and_simulate
    self.H_matmul0.compile_and_simulate(pcb, compile_mode)
2025-12-30 15:42:04,999 [ERROR]   File "/home/william/LLMCompass_GoldData/software_model/matmul.py", line 583, in compile_and_simulate
    cycle_count = self.simulate(
2025-12-30 15:42:04,999 [ERROR]   File "/home/william/LLMCompass_GoldData/software_model/matmul.py", line 583, in compile_and_simulate
    cycle_count = self.simulate(
2025-12-30 15:42:04,999 [ERROR]   File "/home/william/LLMCompass_GoldData/software_model/transformer.py", line 573, in compile_and_simulate
    self.H_matmul0.compile_and_simulate(pcb, compile_mode)
2025-12-30 15:42:04,999 [ERROR]   File "/home/william/LLMCompass_GoldData/software_model/matmul.py", line 583, in compile_and_simulate
    cycle_count = self.simulate(
2025-12-30 15:42:04,999 [ERROR] Process Process-154:
2025-12-30 15:42:04,999 [ERROR] Process Process-378:
2025-12-30 15:42:04,999 [ERROR]   File "/home/william/LLMCompass_GoldData/software_model/matmul.py", line 914, in simulate
    l2_tile = l2_tiles[m, n, k]
2025-12-30 15:42:04,999 [ERROR]   File "/home/william/LLMCompass_GoldData/software_model/matmul.py", line 915, in simulate
    previous_l2_tile = l2_tiles[previous_m, previous_n, previous_k]
2025-12-30 15:42:04,999 [ERROR] Process Process-196:
2025-12-30 15:42:04,999 [ERROR]   File "/home/william/LLMCompass_GoldData/software_model/matmul.py", line 583, in compile_and_simulate
    cycle_count = self.simulate(
2025-12-30 15:42:04,999 [ERROR]   File "/home/william/LLMCompass_GoldData/software_model/matmul.py", line 943, in simulate
    max(
2025-12-30 15:42:04,999 [ERROR] Process Process-218:
2025-12-30 15:42:04,999 [ERROR]   File "/home/william/miniconda3/envs/llmcompass/lib/python3.9/multiprocessing/process.py", line 315, in _bootstrap
    self.run()
2025-12-30 15:42:04,999 [ERROR]   File "/home/william/miniconda3/envs/llmcompass/lib/python3.9/multiprocessing/process.py", line 315, in _bootstrap
    self.run()
2025-12-30 15:42:04,999 [ERROR] KeyboardInterrupt
2025-12-30 15:42:04,999 [ERROR]   File "/home/william/LLMCompass_GoldData/software_model/matmul.py", line 826, in simulate
    l2_tiles[-1, :N_l2_t, :K_l2_t] = self.L2TileSimulator(
2025-12-30 15:42:04,999 [ERROR] KeyboardInterrupt
2025-12-30 15:42:04,999 [ERROR] Traceback (most recent call last):
2025-12-30 15:42:04,999 [ERROR] Traceback (most recent call last):
2025-12-30 15:42:04,999 [ERROR] Process Process-281:
2025-12-30 15:42:04,999 [ERROR] KeyboardInterrupt
2025-12-30 15:42:04,999 [ERROR]   File "/home/william/miniconda3/envs/llmcompass/lib/python3.9/multiprocessing/process.py", line 108, in run
    self._target(*self._args, **self._kwargs)
2025-12-30 15:42:04,999 [ERROR]   File "/home/william/LLMCompass_GoldData/software_model/matmul.py", line 1005, in __init__
    self.compute_cycle_count = self.simulate_l2_tile_compute_cycle_count(
2025-12-30 15:42:04,999 [ERROR]   File "/home/william/miniconda3/envs/llmcompass/lib/python3.9/multiprocessing/process.py", line 108, in run
    self._target(*self._args, **self._kwargs)
2025-12-30 15:42:04,999 [ERROR] Process Process-338:
2025-12-30 15:42:04,999 [ERROR] Traceback (most recent call last):
2025-12-30 15:42:04,999 [ERROR] Process Process-148:
2025-12-30 15:42:04,999 [ERROR] Process Process-327:
2025-12-30 15:42:04,999 [ERROR] Process Process-216:
2025-12-30 15:42:04,999 [ERROR] Process Process-35:
2025-12-30 15:42:04,999 [ERROR]   File "/home/william/LLMCompass_GoldData/software_model/matmul.py", line 1182, in simulate_l2_tile_compute_cycle_count
    active_l1_tile_list.append((m, n, k, l1_tiles[m, n, k]))
2025-12-30 15:42:04,999 [ERROR]   File "/home/william/LLMCompass_GoldData/ae/figure8/change_memory_bw.py", line 103, in test_memory_bandwidth
    auto_regression_latency_simulated = model_auto_regression.compile_and_simulate(
2025-12-30 15:42:04,999 [ERROR]   File "/home/william/LLMCompass_GoldData/ae/figure8/change_memory_bw.py", line 103, in test_memory_bandwidth
    auto_regression_latency_simulated = model_auto_regression.compile_and_simulate(
2025-12-30 15:42:04,999 [ERROR] Process Process-277:
2025-12-30 15:42:04,999 [ERROR]   File "/home/william/miniconda3/envs/llmcompass/lib/python3.9/multiprocessing/process.py", line 315, in _bootstrap
    self.run()
2025-12-30 15:42:04,999 [ERROR] Process Process-203:
2025-12-30 15:42:04,999 [ERROR]   File "/home/william/miniconda3/envs/llmcompass/lib/python3.9/multiprocessing/process.py", line 315, in _bootstrap
    self.run()
2025-12-30 15:42:04,999 [ERROR]   File "/home/william/LLMCompass_GoldData/software_model/transformer.py", line 578, in compile_and_simulate
    self.H_matmul1.compile_and_simulate(pcb, compile_mode)
2025-12-30 15:42:04,999 [ERROR]   File "/home/william/LLMCompass_GoldData/software_model/transformer.py", line 558, in compile_and_simulate
    self.Q_proj.compile_and_simulate(pcb, compile_mode)
2025-12-30 15:42:04,999 [ERROR] Process Process-347:
2025-12-30 15:42:04,999 [ERROR]   File "/home/william/miniconda3/envs/llmcompass/lib/python3.9/multiprocessing/process.py", line 315, in _bootstrap
    self.run()
2025-12-30 15:42:04,999 [ERROR] KeyboardInterrupt
2025-12-30 15:42:04,999 [ERROR]   File "/home/william/LLMCompass_GoldData/software_model/matmul.py", line 583, in compile_and_simulate
    cycle_count = self.simulate(
2025-12-30 15:42:04,999 [ERROR]   File "/home/william/miniconda3/envs/llmcompass/lib/python3.9/multiprocessing/process.py", line 108, in run
    self._target(*self._args, **self._kwargs)
2025-12-30 15:42:04,999 [ERROR]   File "/home/william/miniconda3/envs/llmcompass/lib/python3.9/multiprocessing/process.py", line 108, in run
    self._target(*self._args, **self._kwargs)
2025-12-30 15:42:04,999 [ERROR]   File "/home/william/LLMCompass_GoldData/software_model/matmul.py", line 583, in compile_and_simulate
    cycle_count = self.simulate(
2025-12-30 15:42:04,999 [ERROR]   File "/home/william/LLMCompass_GoldData/software_model/matmul.py", line 826, in simulate
    l2_tiles[-1, :N_l2_t, :K_l2_t] = self.L2TileSimulator(
2025-12-30 15:42:04,999 [ERROR]   File "/home/william/miniconda3/envs/llmcompass/lib/python3.9/multiprocessing/process.py", line 108, in run
    self._target(*self._args, **self._kwargs)
2025-12-30 15:42:04,999 [ERROR]   File "/home/william/LLMCompass_GoldData/software_model/matmul.py", line 836, in simulate
    l2_tiles[:M_l2_t, -1, :K_l2_t] = self.L2TileSimulator(
2025-12-30 15:42:04,999 [ERROR]   File "/home/william/LLMCompass_GoldData/ae/figure8/change_memory_bw.py", line 103, in test_memory_bandwidth
    auto_regression_latency_simulated = model_auto_regression.compile_and_simulate(
2025-12-30 15:42:04,999 [ERROR] Process Process-23:
2025-12-30 15:42:04,999 [ERROR]   File "/home/william/LLMCompass_GoldData/ae/figure8/change_memory_bw.py", line 103, in test_memory_bandwidth
    auto_regression_latency_simulated = model_auto_regression.compile_and_simulate(
2025-12-30 15:42:04,999 [ERROR] Process Process-66:
2025-12-30 15:42:04,999 [ERROR]   File "/home/william/LLMCompass_GoldData/software_model/matmul.py", line 1005, in __init__
    self.compute_cycle_count = self.simulate_l2_tile_compute_cycle_count(
2025-12-30 15:42:04,999 [ERROR]   File "/home/william/LLMCompass_GoldData/ae/figure8/change_memory_bw.py", line 103, in test_memory_bandwidth
    auto_regression_latency_simulated = model_auto_regression.compile_and_simulate(
2025-12-30 15:42:04,999 [ERROR]   File "/home/william/LLMCompass_GoldData/software_model/matmul.py", line 1005, in __init__
    self.compute_cycle_count = self.simulate_l2_tile_compute_cycle_count(
2025-12-30 15:42:04,999 [ERROR]   File "/home/william/LLMCompass_GoldData/software_model/transformer.py", line 558, in compile_and_simulate
    self.Q_proj.compile_and_simulate(pcb, compile_mode)
2025-12-30 15:42:04,999 [ERROR]   File "/home/william/LLMCompass_GoldData/software_model/transformer.py", line 558, in compile_and_simulate
    self.Q_proj.compile_and_simulate(pcb, compile_mode)
2025-12-30 15:42:04,999 [ERROR]   File "/home/william/LLMCompass_GoldData/software_model/matmul.py", line 1058, in simulate_l2_tile_compute_cycle_count
    l1_tiles[-1, :N_l1_t, :K_l1_t] = Matmul.L1TileSimulator(
2025-12-30 15:42:04,999 [ERROR]   File "/home/william/LLMCompass_GoldData/software_model/transformer.py", line 573, in compile_and_simulate
    self.H_matmul0.compile_and_simulate(pcb, compile_mode)
2025-12-30 15:42:04,999 [ERROR]   File "/home/william/LLMCompass_GoldData/software_model/matmul.py", line 1239, in simulate_l2_tile_compute_cycle_count
    current_batch_M_N_read_count = np.sum(
2025-12-30 15:42:04,999 [ERROR]   File "/home/william/LLMCompass_GoldData/software_model/matmul.py", line 583, in compile_and_simulate
    cycle_count = self.simulate(
2025-12-30 15:42:04,999 [ERROR]   File "/home/william/LLMCompass_GoldData/software_model/matmul.py", line 583, in compile_and_simulate
    cycle_count = self.simulate(
2025-12-30 15:42:04,999 [ERROR]   File "/home/william/LLMCompass_GoldData/software_model/matmul.py", line 1308, in __init__
    self.compute_cycle_count = self.simulate_l1_tile_compute_cycle_count(
2025-12-30 15:42:04,999 [ERROR]   File "/home/william/LLMCompass_GoldData/software_model/matmul.py", line 583, in compile_and_simulate
    cycle_count = self.simulate(
2025-12-30 15:42:04,999 [ERROR]   File "/home/william/miniconda3/envs/llmcompass/lib/python3.9/site-packages/numpy/_core/fromnumeric.py", line 2389, in sum
    return _wrapreduction(
2025-12-30 15:42:04,999 [ERROR]   File "/home/william/LLMCompass_GoldData/software_model/matmul.py", line 826, in simulate
    l2_tiles[-1, :N_l2_t, :K_l2_t] = self.L2TileSimulator(
2025-12-30 15:42:04,999 [ERROR]   File "/home/william/LLMCompass_GoldData/software_model/matmul.py", line 836, in simulate
    l2_tiles[:M_l2_t, -1, :K_l2_t] = self.L2TileSimulator(
2025-12-30 15:42:04,999 [ERROR]   File "/home/william/LLMCompass_GoldData/software_model/matmul.py", line 1338, in simulate_l1_tile_compute_cycle_count
    Matmul.simulate_systolic_array_cycle_count(
2025-12-30 15:42:04,999 [ERROR]   File "/home/william/LLMCompass_GoldData/software_model/matmul.py", line 826, in simulate
    l2_tiles[-1, :N_l2_t, :K_l2_t] = self.L2TileSimulator(
2025-12-30 15:42:04,999 [ERROR]   File "/home/william/miniconda3/envs/llmcompass/lib/python3.9/site-packages/numpy/_core/fromnumeric.py", line 69, in _wrapreduction
    def _wrapreduction(obj, ufunc, method, axis, dtype, out, **kwargs):
2025-12-30 15:42:04,999 [ERROR]   File "/home/william/LLMCompass_GoldData/software_model/matmul.py", line 1005, in __init__
    self.compute_cycle_count = self.simulate_l2_tile_compute_cycle_count(
2025-12-30 15:42:04,999 [ERROR] Traceback (most recent call last):
2025-12-30 15:42:04,999 [ERROR]   File "/home/william/LLMCompass_GoldData/software_model/matmul.py", line 1005, in __init__
    self.compute_cycle_count = self.simulate_l2_tile_compute_cycle_count(
2025-12-30 15:42:04,999 [ERROR]   File "/home/william/LLMCompass_GoldData/software_model/matmul.py", line 1405, in simulate_systolic_array_cycle_count
    cycle_count = look_up_table.loc[
2025-12-30 15:42:04,999 [ERROR] Process Process-101:
2025-12-30 15:42:04,999 [ERROR]   File "/home/william/LLMCompass_GoldData/software_model/matmul.py", line 1005, in __init__
    self.compute_cycle_count = self.simulate_l2_tile_compute_cycle_count(
2025-12-30 15:42:04,999 [ERROR]   File "/home/william/LLMCompass_GoldData/software_model/matmul.py", line 1058, in simulate_l2_tile_compute_cycle_count
    l1_tiles[-1, :N_l1_t, :K_l1_t] = Matmul.L1TileSimulator(
2025-12-30 15:42:04,999 [ERROR] Traceback (most recent call last):
2025-12-30 15:42:04,999 [ERROR] KeyboardInterrupt
2025-12-30 15:42:04,999 [ERROR]   File "/home/william/LLMCompass_GoldData/software_model/matmul.py", line 1239, in simulate_l2_tile_compute_cycle_count
    current_batch_M_N_read_count = np.sum(
2025-12-30 15:42:04,999 [ERROR]   File "/home/william/miniconda3/envs/llmcompass/lib/python3.9/site-packages/pandas/core/indexing.py", line 1183, in __getitem__
    if self._is_scalar_access(key):
2025-12-30 15:42:04,999 [ERROR] Traceback (most recent call last):
2025-12-30 15:42:04,999 [ERROR]   File "/home/william/LLMCompass_GoldData/software_model/matmul.py", line 1286, in simulate_l2_tile_compute_cycle_count
    np.sum(previous_batch_Write_M_N * M_N_tile_size)
2025-12-30 15:42:04,999 [ERROR]   File "/home/william/LLMCompass_GoldData/software_model/matmul.py", line 1308, in __init__
    self.compute_cycle_count = self.simulate_l1_tile_compute_cycle_count(
2025-12-30 15:42:04,999 [ERROR]   File "/home/william/miniconda3/envs/llmcompass/lib/python3.9/site-packages/pandas/core/indexing.py", line 1262, in _is_scalar_access
    if len(key) != self.ndim:
2025-12-30 15:42:04,999 [ERROR]   File "/home/william/miniconda3/envs/llmcompass/lib/python3.9/site-packages/numpy/_core/fromnumeric.py", line 2389, in sum
    return _wrapreduction(
2025-12-30 15:42:04,999 [ERROR] Traceback (most recent call last):
2025-12-30 15:42:04,999 [ERROR] Traceback (most recent call last):
2025-12-30 15:42:04,999 [ERROR]   File "/home/william/miniconda3/envs/llmcompass/lib/python3.9/site-packages/numpy/_core/fromnumeric.py", line 2389, in sum
    return _wrapreduction(
2025-12-30 15:42:04,999 [ERROR]   File "/home/william/LLMCompass_GoldData/software_model/matmul.py", line 1338, in simulate_l1_tile_compute_cycle_count
    Matmul.simulate_systolic_array_cycle_count(
2025-12-30 15:42:04,999 [ERROR] Traceback (most recent call last):
2025-12-30 15:42:04,999 [ERROR]   File "/home/william/miniconda3/envs/llmcompass/lib/python3.9/site-packages/numpy/_core/fromnumeric.py", line 86, in _wrapreduction
    return ufunc.reduce(obj, axis, dtype, out, **passkwargs)
2025-12-30 15:42:04,999 [ERROR]   File "/home/william/miniconda3/envs/llmcompass/lib/python3.9/multiprocessing/process.py", line 315, in _bootstrap
    self.run()
2025-12-30 15:42:04,999 [ERROR] Process Process-48:
2025-12-30 15:42:04,999 [ERROR]   File "/home/william/miniconda3/envs/llmcompass/lib/python3.9/multiprocessing/process.py", line 315, in _bootstrap
    self.run()
2025-12-30 15:42:04,999 [ERROR] KeyboardInterrupt
2025-12-30 15:42:04,999 [ERROR] Traceback (most recent call last):
2025-12-30 15:42:04,999 [ERROR]   File "/home/william/miniconda3/envs/llmcompass/lib/python3.9/site-packages/numpy/_core/fromnumeric.py", line 69, in _wrapreduction
    def _wrapreduction(obj, ufunc, method, axis, dtype, out, **kwargs):
2025-12-30 15:42:04,999 [ERROR]   File "/home/william/miniconda3/envs/llmcompass/lib/python3.9/multiprocessing/process.py", line 315, in _bootstrap
    self.run()
2025-12-30 15:42:04,999 [ERROR]   File "/home/william/LLMCompass_GoldData/software_model/matmul.py", line 1405, in simulate_systolic_array_cycle_count
    cycle_count = look_up_table.loc[
2025-12-30 15:42:04,999 [ERROR] Traceback (most recent call last):
2025-12-30 15:42:04,999 [ERROR]   File "/home/william/miniconda3/envs/llmcompass/lib/python3.9/multiprocessing/process.py", line 315, in _bootstrap
    self.run()
2025-12-30 15:42:04,999 [ERROR]   File "/home/william/miniconda3/envs/llmcompass/lib/python3.9/multiprocessing/process.py", line 108, in run
    self._target(*self._args, **self._kwargs)
2025-12-30 15:42:04,999 [ERROR] KeyboardInterrupt
2025-12-30 15:42:04,999 [ERROR]   File "/home/william/miniconda3/envs/llmcompass/lib/python3.9/multiprocessing/process.py", line 108, in run
    self._target(*self._args, **self._kwargs)
2025-12-30 15:42:04,999 [ERROR]   File "/home/william/miniconda3/envs/llmcompass/lib/python3.9/multiprocessing/process.py", line 315, in _bootstrap
    self.run()
2025-12-30 15:42:04,999 [ERROR] Traceback (most recent call last):
2025-12-30 15:42:04,999 [ERROR] Traceback (most recent call last):
2025-12-30 15:42:04,999 [ERROR]   File "/home/william/miniconda3/envs/llmcompass/lib/python3.9/multiprocessing/process.py", line 315, in _bootstrap
    self.run()
2025-12-30 15:42:04,999 [ERROR] Traceback (most recent call last):
2025-12-30 15:42:04,999 [ERROR] KeyboardInterrupt
2025-12-30 15:42:04,999 [ERROR] Traceback (most recent call last):
2025-12-30 15:42:04,999 [ERROR]   File "/home/william/miniconda3/envs/llmcompass/lib/python3.9/site-packages/pandas/core/indexing.py", line 1179, in __getitem__
    check_dict_or_set_indexers(key)
2025-12-30 15:42:04,999 [ERROR]   File "/home/william/miniconda3/envs/llmcompass/lib/python3.9/multiprocessing/process.py", line 108, in run
    self._target(*self._args, **self._kwargs)
2025-12-30 15:42:04,999 [ERROR]   File "/home/william/LLMCompass_GoldData/ae/figure8/change_memory_bw.py", line 103, in test_memory_bandwidth
    auto_regression_latency_simulated = model_auto_regression.compile_and_simulate(
2025-12-30 15:42:04,999 [ERROR]   File "/home/william/miniconda3/envs/llmcompass/lib/python3.9/multiprocessing/process.py", line 108, in run
    self._target(*self._args, **self._kwargs)
2025-12-30 15:42:04,999 [ERROR]   File "/home/william/miniconda3/envs/llmcompass/lib/python3.9/multiprocessing/process.py", line 315, in _bootstrap
    self.run()
2025-12-30 15:42:04,999 [ERROR]   File "/home/william/LLMCompass_GoldData/ae/figure8/change_memory_bw.py", line 103, in test_memory_bandwidth
    auto_regression_latency_simulated = model_auto_regression.compile_and_simulate(
2025-12-30 15:42:04,999 [ERROR] Traceback (most recent call last):
2025-12-30 15:42:04,999 [ERROR]   File "/home/william/miniconda3/envs/llmcompass/lib/python3.9/multiprocessing/process.py", line 108, in run
    self._target(*self._args, **self._kwargs)
2025-12-30 15:42:04,999 [ERROR]   File "/home/william/miniconda3/envs/llmcompass/lib/python3.9/multiprocessing/process.py", line 315, in _bootstrap
    self.run()
2025-12-30 15:42:04,999 [ERROR] Process Process-297:
2025-12-30 15:42:04,999 [ERROR] Traceback (most recent call last):
2025-12-30 15:42:05,000 [ERROR]   File "/home/william/miniconda3/envs/llmcompass/lib/python3.9/multiprocessing/process.py", line 108, in run
    self._target(*self._args, **self._kwargs)
2025-12-30 15:42:04,999 [ERROR] Traceback (most recent call last):
2025-12-30 15:42:05,000 [ERROR]   File "/home/william/miniconda3/envs/llmcompass/lib/python3.9/site-packages/pandas/core/indexing.py", line 2817, in check_dict_or_set_indexers
    and any(isinstance(x, dict) for x in key)
2025-12-30 15:42:05,000 [ERROR]   File "/home/william/LLMCompass_GoldData/ae/figure8/change_memory_bw.py", line 103, in test_memory_bandwidth
    auto_regression_latency_simulated = model_auto_regression.compile_and_simulate(
2025-12-30 15:42:05,000 [ERROR]   File "/home/william/LLMCompass_GoldData/software_model/transformer.py", line 573, in compile_and_simulate
    self.H_matmul0.compile_and_simulate(pcb, compile_mode)
2025-12-30 15:42:05,000 [ERROR]   File "/home/william/miniconda3/envs/llmcompass/lib/python3.9/multiprocessing/process.py", line 315, in _bootstrap
    self.run()
2025-12-30 15:42:05,000 [ERROR]   File "/home/william/miniconda3/envs/llmcompass/lib/python3.9/multiprocessing/process.py", line 315, in _bootstrap
    self.run()
2025-12-30 15:42:05,000 [ERROR]   File "/home/william/LLMCompass_GoldData/software_model/transformer.py", line 558, in compile_and_simulate
    self.Q_proj.compile_and_simulate(pcb, compile_mode)
2025-12-30 15:42:05,000 [ERROR]   File "/home/william/LLMCompass_GoldData/ae/figure8/change_memory_bw.py", line 103, in test_memory_bandwidth
    auto_regression_latency_simulated = model_auto_regression.compile_and_simulate(
2025-12-30 15:42:05,000 [ERROR]   File "/home/william/miniconda3/envs/llmcompass/lib/python3.9/multiprocessing/process.py", line 315, in _bootstrap
    self.run()
2025-12-30 15:42:05,000 [ERROR]   File "/home/william/miniconda3/envs/llmcompass/lib/python3.9/multiprocessing/process.py", line 108, in run
    self._target(*self._args, **self._kwargs)
2025-12-30 15:42:04,999 [ERROR] Traceback (most recent call last):
2025-12-30 15:42:05,000 [ERROR]   File "/home/william/miniconda3/envs/llmcompass/lib/python3.9/multiprocessing/process.py", line 315, in _bootstrap
    self.run()
2025-12-30 15:42:05,000 [ERROR]   File "/home/william/LLMCompass_GoldData/ae/figure8/change_memory_bw.py", line 103, in test_memory_bandwidth
    auto_regression_latency_simulated = model_auto_regression.compile_and_simulate(
2025-12-30 15:42:05,000 [ERROR]   File "/home/william/miniconda3/envs/llmcompass/lib/python3.9/multiprocessing/process.py", line 108, in run
    self._target(*self._args, **self._kwargs)
2025-12-30 15:42:05,000 [ERROR]   File "/home/william/LLMCompass_GoldData/software_model/transformer.py", line 573, in compile_and_simulate
    self.H_matmul0.compile_and_simulate(pcb, compile_mode)
2025-12-30 15:42:05,000 [ERROR]   File "/home/william/LLMCompass_GoldData/ae/figure8/change_memory_bw.py", line 103, in test_memory_bandwidth
    auto_regression_latency_simulated = model_auto_regression.compile_and_simulate(
2025-12-30 15:42:05,000 [ERROR]   File "/home/william/miniconda3/envs/llmcompass/lib/python3.9/site-packages/pandas/core/indexing.py", line 2817, in <genexpr>
    and any(isinstance(x, dict) for x in key)
2025-12-30 15:42:05,000 [ERROR] Traceback (most recent call last):
2025-12-30 15:42:05,000 [ERROR]   File "/home/william/LLMCompass_GoldData/software_model/transformer.py", line 558, in compile_and_simulate
    self.Q_proj.compile_and_simulate(pcb, compile_mode)
2025-12-30 15:42:05,000 [ERROR]   File "/home/william/LLMCompass_GoldData/software_model/matmul.py", line 583, in compile_and_simulate
    cycle_count = self.simulate(
2025-12-30 15:42:05,000 [ERROR]   File "/home/william/miniconda3/envs/llmcompass/lib/python3.9/multiprocessing/process.py", line 315, in _bootstrap
    self.run()
2025-12-30 15:42:05,000 [ERROR] Traceback (most recent call last):
2025-12-30 15:42:05,000 [ERROR]   File "/home/william/LLMCompass_GoldData/software_model/matmul.py", line 583, in compile_and_simulate
    cycle_count = self.simulate(
2025-12-30 15:42:05,000 [ERROR] Traceback (most recent call last):
2025-12-30 15:42:05,000 [ERROR]   File "/home/william/miniconda3/envs/llmcompass/lib/python3.9/multiprocessing/process.py", line 108, in run
    self._target(*self._args, **self._kwargs)
2025-12-30 15:42:05,000 [ERROR]   File "/home/william/miniconda3/envs/llmcompass/lib/python3.9/multiprocessing/process.py", line 108, in run
    self._target(*self._args, **self._kwargs)
2025-12-30 15:42:05,000 [ERROR]   File "/home/william/miniconda3/envs/llmcompass/lib/python3.9/multiprocessing/process.py", line 315, in _bootstrap
    self.run()
2025-12-30 15:42:05,000 [ERROR] Traceback (most recent call last):
2025-12-30 15:42:05,000 [ERROR]   File "/home/william/miniconda3/envs/llmcompass/lib/python3.9/multiprocessing/process.py", line 108, in run
    self._target(*self._args, **self._kwargs)
2025-12-30 15:42:05,000 [ERROR]   File "/home/william/miniconda3/envs/llmcompass/lib/python3.9/multiprocessing/process.py", line 315, in _bootstrap
    self.run()
2025-12-30 15:42:05,000 [ERROR]   File "/home/william/LLMCompass_GoldData/ae/figure8/change_memory_bw.py", line 103, in test_memory_bandwidth
    auto_regression_latency_simulated = model_auto_regression.compile_and_simulate(
2025-12-30 15:42:05,000 [ERROR] Traceback (most recent call last):
2025-12-30 15:42:05,000 [ERROR]   File "/home/william/LLMCompass_GoldData/software_model/transformer.py", line 573, in compile_and_simulate
    self.H_matmul0.compile_and_simulate(pcb, compile_mode)
2025-12-30 15:42:05,000 [ERROR]   File "/home/william/miniconda3/envs/llmcompass/lib/python3.9/multiprocessing/process.py", line 108, in run
    self._target(*self._args, **self._kwargs)
2025-12-30 15:42:05,000 [ERROR]   File "/home/william/LLMCompass_GoldData/ae/figure8/change_memory_bw.py", line 103, in test_memory_bandwidth
    auto_regression_latency_simulated = model_auto_regression.compile_and_simulate(
2025-12-30 15:42:05,000 [ERROR]   File "/home/william/LLMCompass_GoldData/software_model/matmul.py", line 583, in compile_and_simulate
    cycle_count = self.simulate(
2025-12-30 15:42:05,000 [ERROR]   File "/home/william/LLMCompass_GoldData/software_model/transformer.py", line 573, in compile_and_simulate
    self.H_matmul0.compile_and_simulate(pcb, compile_mode)
2025-12-30 15:42:05,000 [ERROR] Traceback (most recent call last):
2025-12-30 15:42:05,000 [ERROR]   File "/home/william/LLMCompass_GoldData/software_model/matmul.py", line 583, in compile_and_simulate
    cycle_count = self.simulate(
2025-12-30 15:42:05,000 [ERROR]   File "/home/william/LLMCompass_GoldData/software_model/matmul.py", line 846, in simulate
    l2_tiles[:M_l2_t, :N_l2_t, -1] = self.L2TileSimulator(
2025-12-30 15:42:05,000 [ERROR] KeyboardInterrupt
2025-12-30 15:42:05,000 [ERROR]   File "/home/william/miniconda3/envs/llmcompass/lib/python3.9/multiprocessing/process.py", line 315, in _bootstrap
    self.run()
2025-12-30 15:42:05,000 [ERROR]   File "/home/william/LLMCompass_GoldData/software_model/matmul.py", line 836, in simulate
    l2_tiles[:M_l2_t, -1, :K_l2_t] = self.L2TileSimulator(
2025-12-30 15:42:05,000 [ERROR]   File "/home/william/miniconda3/envs/llmcompass/lib/python3.9/multiprocessing/process.py", line 108, in run
    self._target(*self._args, **self._kwargs)
2025-12-30 15:42:05,000 [ERROR]   File "/home/william/LLMCompass_GoldData/ae/figure8/change_memory_bw.py", line 103, in test_memory_bandwidth
    auto_regression_latency_simulated = model_auto_regression.compile_and_simulate(
2025-12-30 15:42:05,000 [ERROR]   File "/home/william/miniconda3/envs/llmcompass/lib/python3.9/multiprocessing/process.py", line 315, in _bootstrap
    self.run()
2025-12-30 15:42:05,000 [ERROR]   File "/home/william/LLMCompass_GoldData/ae/figure8/change_memory_bw.py", line 103, in test_memory_bandwidth
    auto_regression_latency_simulated = model_auto_regression.compile_and_simulate(
2025-12-30 15:42:05,000 [ERROR] Traceback (most recent call last):
2025-12-30 15:42:05,000 [ERROR]   File "/home/william/miniconda3/envs/llmcompass/lib/python3.9/multiprocessing/process.py", line 108, in run
    self._target(*self._args, **self._kwargs)
2025-12-30 15:42:05,000 [ERROR] Traceback (most recent call last):
2025-12-30 15:42:05,000 [ERROR]   File "/home/william/LLMCompass_GoldData/ae/figure8/change_memory_bw.py", line 103, in test_memory_bandwidth
    auto_regression_latency_simulated = model_auto_regression.compile_and_simulate(
2025-12-30 15:42:05,000 [ERROR]   File "/home/william/miniconda3/envs/llmcompass/lib/python3.9/multiprocessing/process.py", line 315, in _bootstrap
    self.run()
2025-12-30 15:42:05,000 [ERROR]   File "/home/william/LLMCompass_GoldData/software_model/transformer.py", line 573, in compile_and_simulate
    self.H_matmul0.compile_and_simulate(pcb, compile_mode)
2025-12-30 15:42:05,000 [ERROR]   File "/home/william/miniconda3/envs/llmcompass/lib/python3.9/multiprocessing/process.py", line 108, in run
    self._target(*self._args, **self._kwargs)
2025-12-30 15:42:05,000 [ERROR]   File "/home/william/miniconda3/envs/llmcompass/lib/python3.9/multiprocessing/process.py", line 315, in _bootstrap
    self.run()
2025-12-30 15:42:05,000 [ERROR]   File "/home/william/LLMCompass_GoldData/software_model/matmul.py", line 583, in compile_and_simulate
    cycle_count = self.simulate(
2025-12-30 15:42:05,000 [ERROR]   File "/home/william/LLMCompass_GoldData/ae/figure8/change_memory_bw.py", line 103, in test_memory_bandwidth
    auto_regression_latency_simulated = model_auto_regression.compile_and_simulate(
2025-12-30 15:42:05,000 [ERROR]   File "/home/william/miniconda3/envs/llmcompass/lib/python3.9/multiprocessing/process.py", line 315, in _bootstrap
    self.run()
2025-12-30 15:42:05,000 [ERROR]   File "/home/william/LLMCompass_GoldData/ae/figure8/change_memory_bw.py", line 103, in test_memory_bandwidth
    auto_regression_latency_simulated = model_auto_regression.compile_and_simulate(
2025-12-30 15:42:05,000 [ERROR] Traceback (most recent call last):
2025-12-30 15:42:05,000 [ERROR]   File "/home/william/LLMCompass_GoldData/software_model/transformer.py", line 558, in compile_and_simulate
    self.Q_proj.compile_and_simulate(pcb, compile_mode)
2025-12-30 15:42:05,000 [ERROR]   File "/home/william/LLMCompass_GoldData/software_model/matmul.py", line 914, in simulate
    l2_tile = l2_tiles[m, n, k]
2025-12-30 15:42:05,000 [ERROR]   File "/home/william/LLMCompass_GoldData/software_model/matmul.py", line 583, in compile_and_simulate
    cycle_count = self.simulate(
2025-12-30 15:42:05,000 [ERROR]   File "/home/william/LLMCompass_GoldData/software_model/matmul.py", line 918, in simulate
    if m == previous_m and k == previous_k:
2025-12-30 15:42:05,000 [ERROR]   File "/home/william/LLMCompass_GoldData/software_model/matmul.py", line 1005, in __init__
    self.compute_cycle_count = self.simulate_l2_tile_compute_cycle_count(
2025-12-30 15:42:05,000 [ERROR]   File "/home/william/miniconda3/envs/llmcompass/lib/python3.9/multiprocessing/process.py", line 315, in _bootstrap
    self.run()
2025-12-30 15:42:05,000 [ERROR]   File "/home/william/LLMCompass_GoldData/software_model/matmul.py", line 1005, in __init__
    self.compute_cycle_count = self.simulate_l2_tile_compute_cycle_count(
2025-12-30 15:42:05,000 [ERROR] Traceback (most recent call last):
2025-12-30 15:42:05,000 [ERROR]   File "/home/william/miniconda3/envs/llmcompass/lib/python3.9/multiprocessing/process.py", line 108, in run
    self._target(*self._args, **self._kwargs)
2025-12-30 15:42:05,000 [ERROR]   File "/home/william/LLMCompass_GoldData/ae/figure8/change_memory_bw.py", line 103, in test_memory_bandwidth
    auto_regression_latency_simulated = model_auto_regression.compile_and_simulate(
2025-12-30 15:42:05,000 [ERROR]   File "/home/william/miniconda3/envs/llmcompass/lib/python3.9/multiprocessing/process.py", line 315, in _bootstrap
    self.run()
2025-12-30 15:42:05,000 [ERROR]   File "/home/william/LLMCompass_GoldData/software_model/transformer.py", line 573, in compile_and_simulate
    self.H_matmul0.compile_and_simulate(pcb, compile_mode)
2025-12-30 15:42:05,000 [ERROR]   File "/home/william/miniconda3/envs/llmcompass/lib/python3.9/multiprocessing/process.py", line 108, in run
    self._target(*self._args, **self._kwargs)
2025-12-30 15:42:05,000 [ERROR]   File "/home/william/LLMCompass_GoldData/software_model/transformer.py", line 558, in compile_and_simulate
    self.Q_proj.compile_and_simulate(pcb, compile_mode)
2025-12-30 15:42:05,000 [ERROR]   File "/home/william/LLMCompass_GoldData/software_model/transformer.py", line 573, in compile_and_simulate
    self.H_matmul0.compile_and_simulate(pcb, compile_mode)
2025-12-30 15:42:05,000 [ERROR] Traceback (most recent call last):
2025-12-30 15:42:05,000 [ERROR]   File "/home/william/LLMCompass_GoldData/software_model/matmul.py", line 583, in compile_and_simulate
    cycle_count = self.simulate(
2025-12-30 15:42:05,000 [ERROR]   File "/home/william/miniconda3/envs/llmcompass/lib/python3.9/multiprocessing/process.py", line 108, in run
    self._target(*self._args, **self._kwargs)
2025-12-30 15:42:05,000 [ERROR] Traceback (most recent call last):
2025-12-30 15:42:05,000 [ERROR]   File "/home/william/LLMCompass_GoldData/software_model/matmul.py", line 905, in simulate
    for m, n, k in self.generate_tile_loops(
2025-12-30 15:42:05,000 [ERROR]   File "/home/william/LLMCompass_GoldData/ae/figure8/change_memory_bw.py", line 103, in test_memory_bandwidth
    auto_regression_latency_simulated = model_auto_regression.compile_and_simulate(
2025-12-30 15:42:05,000 [ERROR]   File "/home/william/LLMCompass_GoldData/software_model/transformer.py", line 573, in compile_and_simulate
    self.H_matmul0.compile_and_simulate(pcb, compile_mode)
2025-12-30 15:42:05,000 [ERROR]   File "/home/william/miniconda3/envs/llmcompass/lib/python3.9/multiprocessing/process.py", line 108, in run
    self._target(*self._args, **self._kwargs)
2025-12-30 15:42:05,000 [ERROR]   File "/home/william/miniconda3/envs/llmcompass/lib/python3.9/multiprocessing/process.py", line 108, in run
    self._target(*self._args, **self._kwargs)
2025-12-30 15:42:05,000 [ERROR]   File "/home/william/LLMCompass_GoldData/software_model/transformer.py", line 573, in compile_and_simulate
    self.H_matmul0.compile_and_simulate(pcb, compile_mode)
2025-12-30 15:42:05,000 [ERROR]   File "/home/william/miniconda3/envs/llmcompass/lib/python3.9/multiprocessing/process.py", line 315, in _bootstrap
    self.run()
2025-12-30 15:42:05,000 [ERROR]   File "/home/william/miniconda3/envs/llmcompass/lib/python3.9/multiprocessing/process.py", line 315, in _bootstrap
    self.run()
2025-12-30 15:42:05,000 [ERROR]   File "/home/william/LLMCompass_GoldData/software_model/matmul.py", line 583, in compile_and_simulate
    cycle_count = self.simulate(
2025-12-30 15:42:05,000 [ERROR]   File "/home/william/LLMCompass_GoldData/software_model/matmul.py", line 926, in simulate
    if k > 0 and not (m == previous_m and n == previous_n):
2025-12-30 15:42:05,000 [ERROR]   File "/home/william/LLMCompass_GoldData/software_model/matmul.py", line 1048, in simulate_l2_tile_compute_cycle_count
    l1_tiles[:M_l1_t, :N_l1_t, :K_l1_t] = Matmul.L1TileSimulator(
2025-12-30 15:42:05,000 [ERROR] KeyboardInterrupt
2025-12-30 15:42:05,000 [ERROR]   File "/home/william/LLMCompass_GoldData/software_model/matmul.py", line 1176, in simulate_l2_tile_compute_cycle_count
    for m, n, k in Matmul.generate_tile_loops(
2025-12-30 15:42:05,000 [ERROR]   File "/home/william/miniconda3/envs/llmcompass/lib/python3.9/multiprocessing/process.py", line 108, in run
    self._target(*self._args, **self._kwargs)
2025-12-30 15:42:05,000 [ERROR] KeyboardInterrupt
2025-12-30 15:42:05,000 [ERROR]   File "/home/william/miniconda3/envs/llmcompass/lib/python3.9/multiprocessing/process.py", line 315, in _bootstrap
    self.run()
2025-12-30 15:42:05,000 [ERROR] Process Process-290:
2025-12-30 15:42:05,000 [ERROR]   File "/home/william/LLMCompass_GoldData/ae/figure8/change_memory_bw.py", line 103, in test_memory_bandwidth
    auto_regression_latency_simulated = model_auto_regression.compile_and_simulate(
2025-12-30 15:42:05,000 [ERROR]   File "/home/william/miniconda3/envs/llmcompass/lib/python3.9/multiprocessing/process.py", line 108, in run
    self._target(*self._args, **self._kwargs)
2025-12-30 15:42:05,000 [ERROR]   File "/home/william/LLMCompass_GoldData/software_model/transformer.py", line 573, in compile_and_simulate
    self.H_matmul0.compile_and_simulate(pcb, compile_mode)
2025-12-30 15:42:05,000 [ERROR]   File "/home/william/LLMCompass_GoldData/software_model/matmul.py", line 583, in compile_and_simulate
    cycle_count = self.simulate(
2025-12-30 15:42:05,000 [ERROR] Traceback (most recent call last):
2025-12-30 15:42:05,000 [ERROR]   File "/home/william/LLMCompass_GoldData/ae/figure8/change_memory_bw.py", line 103, in test_memory_bandwidth
    auto_regression_latency_simulated = model_auto_regression.compile_and_simulate(
2025-12-30 15:42:05,000 [ERROR]   File "/home/william/LLMCompass_GoldData/software_model/matmul.py", line 583, in compile_and_simulate
    cycle_count = self.simulate(
2025-12-30 15:42:05,000 [ERROR]   File "/home/william/LLMCompass_GoldData/software_model/matmul.py", line 583, in compile_and_simulate
    cycle_count = self.simulate(
2025-12-30 15:42:05,000 [ERROR] Process Process-293:
2025-12-30 15:42:05,000 [ERROR]   File "/home/william/LLMCompass_GoldData/software_model/matmul.py", line 943, in simulate
    max(
2025-12-30 15:42:05,000 [ERROR]   File "/home/william/miniconda3/envs/llmcompass/lib/python3.9/multiprocessing/process.py", line 315, in _bootstrap
    self.run()
2025-12-30 15:42:05,000 [ERROR]   File "/home/william/LLMCompass_GoldData/ae/figure8/change_memory_bw.py", line 103, in test_memory_bandwidth
    auto_regression_latency_simulated = model_auto_regression.compile_and_simulate(
2025-12-30 15:42:05,000 [ERROR]   File "/home/william/LLMCompass_GoldData/software_model/matmul.py", line 198, in generate_tile_loops
    for m in range(loop_M):
2025-12-30 15:42:05,000 [ERROR] Process Process-204:
2025-12-30 15:42:05,000 [ERROR]   File "/home/william/LLMCompass_GoldData/software_model/transformer.py", line 573, in compile_and_simulate
    self.H_matmul0.compile_and_simulate(pcb, compile_mode)
2025-12-30 15:42:05,000 [ERROR]   File "/home/william/LLMCompass_GoldData/software_model/matmul.py", line 583, in compile_and_simulate
    cycle_count = self.simulate(
2025-12-30 15:42:05,000 [ERROR]   File "/home/william/miniconda3/envs/llmcompass/lib/python3.9/multiprocessing/process.py", line 315, in _bootstrap
    self.run()
2025-12-30 15:42:05,000 [ERROR]   File "/home/william/LLMCompass_GoldData/ae/figure8/change_memory_bw.py", line 103, in test_memory_bandwidth
    auto_regression_latency_simulated = model_auto_regression.compile_and_simulate(
2025-12-30 15:42:05,000 [ERROR]   File "/home/william/LLMCompass_GoldData/ae/figure8/change_memory_bw.py", line 103, in test_memory_bandwidth
    auto_regression_latency_simulated = model_auto_regression.compile_and_simulate(
2025-12-30 15:42:05,000 [ERROR]   File "/home/william/LLMCompass_GoldData/software_model/matmul.py", line 583, in compile_and_simulate
    cycle_count = self.simulate(
2025-12-30 15:42:05,000 [ERROR]   File "/home/william/miniconda3/envs/llmcompass/lib/python3.9/multiprocessing/process.py", line 108, in run
    self._target(*self._args, **self._kwargs)
2025-12-30 15:42:05,000 [ERROR]   File "/home/william/miniconda3/envs/llmcompass/lib/python3.9/multiprocessing/process.py", line 315, in _bootstrap
    self.run()
2025-12-30 15:42:05,000 [ERROR]   File "/home/william/LLMCompass_GoldData/software_model/matmul.py", line 826, in simulate
    l2_tiles[-1, :N_l2_t, :K_l2_t] = self.L2TileSimulator(
2025-12-30 15:42:05,000 [ERROR]   File "/home/william/LLMCompass_GoldData/software_model/matmul.py", line 1308, in __init__
    self.compute_cycle_count = self.simulate_l1_tile_compute_cycle_count(
2025-12-30 15:42:05,000 [ERROR]   File "/home/william/miniconda3/envs/llmcompass/lib/python3.9/multiprocessing/process.py", line 108, in run
    self._target(*self._args, **self._kwargs)
2025-12-30 15:42:05,000 [ERROR] KeyboardInterrupt
2025-12-30 15:42:05,000 [ERROR]   File "/home/william/LLMCompass_GoldData/software_model/matmul.py", line 198, in generate_tile_loops
    for m in range(loop_M):
2025-12-30 15:42:05,000 [ERROR]   File "/home/william/LLMCompass_GoldData/ae/figure8/change_memory_bw.py", line 103, in test_memory_bandwidth
    auto_regression_latency_simulated = model_auto_regression.compile_and_simulate(
2025-12-30 15:42:05,000 [ERROR] Process Process-75:
2025-12-30 15:42:05,000 [ERROR]   File "/home/william/miniconda3/envs/llmcompass/lib/python3.9/multiprocessing/process.py", line 108, in run
    self._target(*self._args, **self._kwargs)
2025-12-30 15:42:05,000 [ERROR]   File "/home/william/LLMCompass_GoldData/software_model/transformer.py", line 558, in compile_and_simulate
    self.Q_proj.compile_and_simulate(pcb, compile_mode)
2025-12-30 15:42:05,000 [ERROR]   File "/home/william/LLMCompass_GoldData/ae/figure8/change_memory_bw.py", line 103, in test_memory_bandwidth
    auto_regression_latency_simulated = model_auto_regression.compile_and_simulate(
2025-12-30 15:42:05,000 [ERROR] Traceback (most recent call last):
2025-12-30 15:42:05,000 [ERROR]   File "/home/william/LLMCompass_GoldData/software_model/matmul.py", line 905, in simulate
    for m, n, k in self.generate_tile_loops(
2025-12-30 15:42:05,000 [ERROR]   File "/home/william/LLMCompass_GoldData/software_model/matmul.py", line 583, in compile_and_simulate
    cycle_count = self.simulate(
2025-12-30 15:42:05,000 [ERROR]   File "/home/william/LLMCompass_GoldData/software_model/transformer.py", line 573, in compile_and_simulate
    self.H_matmul0.compile_and_simulate(pcb, compile_mode)
2025-12-30 15:42:05,000 [ERROR]   File "/home/william/LLMCompass_GoldData/software_model/matmul.py", line 846, in simulate
    l2_tiles[:M_l2_t, :N_l2_t, -1] = self.L2TileSimulator(
2025-12-30 15:42:05,000 [ERROR]   File "/home/william/LLMCompass_GoldData/software_model/matmul.py", line 846, in simulate
    l2_tiles[:M_l2_t, :N_l2_t, -1] = self.L2TileSimulator(
2025-12-30 15:42:05,000 [ERROR]   File "/home/william/miniconda3/envs/llmcompass/lib/python3.9/multiprocessing/process.py", line 315, in _bootstrap
    self.run()
2025-12-30 15:42:05,000 [ERROR]   File "/home/william/LLMCompass_GoldData/software_model/transformer.py", line 558, in compile_and_simulate
    self.Q_proj.compile_and_simulate(pcb, compile_mode)
2025-12-30 15:42:05,000 [ERROR] KeyboardInterrupt
2025-12-30 15:42:05,000 [ERROR]   File "/home/william/miniconda3/envs/llmcompass/lib/python3.9/multiprocessing/process.py", line 108, in run
    self._target(*self._args, **self._kwargs)
2025-12-30 15:42:05,000 [ERROR] KeyboardInterrupt
2025-12-30 15:42:05,000 [ERROR]   File "/home/william/LLMCompass_GoldData/software_model/matmul.py", line 905, in simulate
    for m, n, k in self.generate_tile_loops(
2025-12-30 15:42:05,000 [ERROR]   File "/home/william/LLMCompass_GoldData/software_model/matmul.py", line 583, in compile_and_simulate
    cycle_count = self.simulate(
2025-12-30 15:42:05,000 [ERROR]   File "/home/william/miniconda3/envs/llmcompass/lib/python3.9/multiprocessing/process.py", line 108, in run
    self._target(*self._args, **self._kwargs)
2025-12-30 15:42:05,000 [ERROR]   File "/home/william/LLMCompass_GoldData/software_model/transformer.py", line 583, in compile_and_simulate
    self.H_matmul2.compile_and_simulate(pcb, compile_mode)
2025-12-30 15:42:05,000 [ERROR]   File "/home/william/LLMCompass_GoldData/software_model/transformer.py", line 573, in compile_and_simulate
    self.H_matmul0.compile_and_simulate(pcb, compile_mode)
2025-12-30 15:42:05,000 [ERROR]   File "/home/william/LLMCompass_GoldData/ae/figure8/change_memory_bw.py", line 103, in test_memory_bandwidth
    auto_regression_latency_simulated = model_auto_regression.compile_and_simulate(
2025-12-30 15:42:05,000 [ERROR]   File "/home/william/LLMCompass_GoldData/software_model/matmul.py", line 1338, in simulate_l1_tile_compute_cycle_count
    Matmul.simulate_systolic_array_cycle_count(
2025-12-30 15:42:05,000 [ERROR]   File "/home/william/LLMCompass_GoldData/software_model/matmul.py", line 1005, in __init__
    self.compute_cycle_count = self.simulate_l2_tile_compute_cycle_count(
2025-12-30 15:42:05,000 [ERROR] Traceback (most recent call last):
2025-12-30 15:42:05,000 [ERROR]   File "/home/william/LLMCompass_GoldData/software_model/matmul.py", line 826, in simulate
    l2_tiles[-1, :N_l2_t, :K_l2_t] = self.L2TileSimulator(
2025-12-30 15:42:05,000 [ERROR]   File "/home/william/miniconda3/envs/llmcompass/lib/python3.9/multiprocessing/process.py", line 108, in run
    self._target(*self._args, **self._kwargs)
2025-12-30 15:42:05,000 [ERROR]   File "/home/william/LLMCompass_GoldData/software_model/matmul.py", line 1405, in simulate_systolic_array_cycle_count
    cycle_count = look_up_table.loc[
2025-12-30 15:42:05,000 [ERROR]   File "/home/william/LLMCompass_GoldData/ae/figure8/change_memory_bw.py", line 103, in test_memory_bandwidth
    auto_regression_latency_simulated = model_auto_regression.compile_and_simulate(
2025-12-30 15:42:05,000 [ERROR]   File "/home/william/LLMCompass_GoldData/software_model/transformer.py", line 573, in compile_and_simulate
    self.H_matmul0.compile_and_simulate(pcb, compile_mode)
2025-12-30 15:42:05,000 [ERROR] KeyboardInterrupt
2025-12-30 15:42:05,000 [ERROR]   File "/home/william/LLMCompass_GoldData/ae/figure8/change_memory_bw.py", line 103, in test_memory_bandwidth
    auto_regression_latency_simulated = model_auto_regression.compile_and_simulate(
2025-12-30 15:42:05,000 [ERROR]   File "/home/william/LLMCompass_GoldData/software_model/matmul.py", line 583, in compile_and_simulate
    cycle_count = self.simulate(
2025-12-30 15:42:05,000 [ERROR]   File "/home/william/LLMCompass_GoldData/software_model/transformer.py", line 573, in compile_and_simulate
    self.H_matmul0.compile_and_simulate(pcb, compile_mode)
2025-12-30 15:42:05,000 [ERROR]   File "/home/william/LLMCompass_GoldData/software_model/matmul.py", line 198, in generate_tile_loops
    for m in range(loop_M):
2025-12-30 15:42:05,000 [ERROR]   File "/home/william/LLMCompass_GoldData/software_model/matmul.py", line 846, in simulate
    l2_tiles[:M_l2_t, :N_l2_t, -1] = self.L2TileSimulator(
2025-12-30 15:42:05,000 [ERROR]   File "/home/william/LLMCompass_GoldData/software_model/matmul.py", line 583, in compile_and_simulate
    cycle_count = self.simulate(
2025-12-30 15:42:05,000 [ERROR]   File "/home/william/LLMCompass_GoldData/software_model/matmul.py", line 1005, in __init__
    self.compute_cycle_count = self.simulate_l2_tile_compute_cycle_count(
2025-12-30 15:42:05,000 [ERROR]   File "/home/william/LLMCompass_GoldData/software_model/matmul.py", line 1005, in __init__
    self.compute_cycle_count = self.simulate_l2_tile_compute_cycle_count(
2025-12-30 15:42:05,000 [ERROR] Traceback (most recent call last):
2025-12-30 15:42:05,000 [ERROR]   File "/home/william/miniconda3/envs/llmcompass/lib/python3.9/multiprocessing/process.py", line 108, in run
    self._target(*self._args, **self._kwargs)
2025-12-30 15:42:05,000 [ERROR]   File "/home/william/LLMCompass_GoldData/software_model/matmul.py", line 583, in compile_and_simulate
    cycle_count = self.simulate(
2025-12-30 15:42:05,000 [ERROR]   File "/home/william/miniconda3/envs/llmcompass/lib/python3.9/multiprocessing/process.py", line 315, in _bootstrap
    self.run()
2025-12-30 15:42:05,000 [ERROR]   File "/home/william/LLMCompass_GoldData/software_model/matmul.py", line 199, in generate_tile_loops
    yield m, n, k
2025-12-30 15:42:05,000 [ERROR]   File "/home/william/LLMCompass_GoldData/ae/figure8/change_memory_bw.py", line 103, in test_memory_bandwidth
    auto_regression_latency_simulated = model_auto_regression.compile_and_simulate(
2025-12-30 15:42:05,000 [ERROR]   File "/home/william/LLMCompass_GoldData/software_model/matmul.py", line 915, in simulate
    previous_l2_tile = l2_tiles[previous_m, previous_n, previous_k]
2025-12-30 15:42:05,000 [ERROR]   File "/home/william/LLMCompass_GoldData/ae/figure8/change_memory_bw.py", line 103, in test_memory_bandwidth
    auto_regression_latency_simulated = model_auto_regression.compile_and_simulate(
2025-12-30 15:42:05,000 [ERROR]   File "/home/william/LLMCompass_GoldData/software_model/matmul.py", line 583, in compile_and_simulate
    cycle_count = self.simulate(
2025-12-30 15:42:05,000 [ERROR]   File "/home/william/LLMCompass_GoldData/software_model/matmul.py", line 583, in compile_and_simulate
    cycle_count = self.simulate(
2025-12-30 15:42:05,000 [ERROR]   File "/home/william/LLMCompass_GoldData/software_model/transformer.py", line 558, in compile_and_simulate
    self.Q_proj.compile_and_simulate(pcb, compile_mode)
2025-12-30 15:42:05,000 [ERROR]   File "/home/william/LLMCompass_GoldData/software_model/matmul.py", line 1220, in simulate_l2_tile_compute_cycle_count
    temp_l1_tile.M
2025-12-30 15:42:05,000 [ERROR] Process Process-141:
2025-12-30 15:42:05,000 [ERROR]   File "/home/william/miniconda3/envs/llmcompass/lib/python3.9/site-packages/pandas/core/indexing.py", line 1185, in __getitem__
    return self._getitem_tuple(key)
2025-12-30 15:42:05,000 [ERROR] KeyboardInterrupt
2025-12-30 15:42:05,000 [ERROR]   File "/home/william/LLMCompass_GoldData/software_model/transformer.py", line 558, in compile_and_simulate
    self.Q_proj.compile_and_simulate(pcb, compile_mode)
2025-12-30 15:42:05,000 [ERROR]   File "/home/william/LLMCompass_GoldData/software_model/matmul.py", line 583, in compile_and_simulate
    cycle_count = self.simulate(
2025-12-30 15:42:05,000 [ERROR]   File "/home/william/LLMCompass_GoldData/software_model/transformer.py", line 558, in compile_and_simulate
    self.Q_proj.compile_and_simulate(pcb, compile_mode)
2025-12-30 15:42:05,000 [ERROR]   File "/home/william/LLMCompass_GoldData/ae/figure8/change_memory_bw.py", line 103, in test_memory_bandwidth
    auto_regression_latency_simulated = model_auto_regression.compile_and_simulate(
2025-12-30 15:42:05,000 [ERROR]   File "/home/william/LLMCompass_GoldData/software_model/matmul.py", line 836, in simulate
    l2_tiles[:M_l2_t, -1, :K_l2_t] = self.L2TileSimulator(
2025-12-30 15:42:05,000 [ERROR]   File "/home/william/LLMCompass_GoldData/software_model/matmul.py", line 583, in compile_and_simulate
    cycle_count = self.simulate(
2025-12-30 15:42:05,000 [ERROR]   File "/home/william/miniconda3/envs/llmcompass/lib/python3.9/multiprocessing/process.py", line 315, in _bootstrap
    self.run()
2025-12-30 15:42:05,000 [ERROR]   File "/home/william/LLMCompass_GoldData/software_model/matmul.py", line 1005, in __init__
    self.compute_cycle_count = self.simulate_l2_tile_compute_cycle_count(
2025-12-30 15:42:05,000 [ERROR] KeyboardInterrupt
2025-12-30 15:42:05,000 [ERROR]   File "/home/william/LLMCompass_GoldData/software_model/matmul.py", line 826, in simulate
    l2_tiles[-1, :N_l2_t, :K_l2_t] = self.L2TileSimulator(
2025-12-30 15:42:05,000 [ERROR]   File "/home/william/LLMCompass_GoldData/software_model/matmul.py", line 1213, in simulate_l2_tile_compute_cycle_count
    current_batch_Read_M_K[temp_m, temp_k] = 1
2025-12-30 15:42:05,000 [ERROR] Traceback (most recent call last):
2025-12-30 15:42:05,000 [ERROR]   File "/home/william/LLMCompass_GoldData/software_model/matmul.py", line 1222, in simulate_l2_tile_compute_cycle_count
    / chiplet_module.compute_module.core.vector_unit.total_vector_flops_per_cycle
2025-12-30 15:42:05,000 [ERROR]   File "/home/william/LLMCompass_GoldData/software_model/matmul.py", line 943, in simulate
    max(
2025-12-30 15:42:05,000 [ERROR]   File "/home/william/LLMCompass_GoldData/ae/figure8/change_memory_bw.py", line 103, in test_memory_bandwidth
    auto_regression_latency_simulated = model_auto_regression.compile_and_simulate(
2025-12-30 15:42:05,000 [ERROR] KeyboardInterrupt
2025-12-30 15:42:05,000 [ERROR]   File "/home/william/miniconda3/envs/llmcompass/lib/python3.9/multiprocessing/process.py", line 108, in run
    self._target(*self._args, **self._kwargs)
2025-12-30 15:42:05,000 [ERROR]   File "/home/william/LLMCompass_GoldData/software_model/transformer.py", line 573, in compile_and_simulate
    self.H_matmul0.compile_and_simulate(pcb, compile_mode)
2025-12-30 15:42:05,000 [ERROR]   File "/home/william/LLMCompass_GoldData/software_model/transformer.py", line 573, in compile_and_simulate
    self.H_matmul0.compile_and_simulate(pcb, compile_mode)
2025-12-30 15:42:05,000 [ERROR]   File "/home/william/miniconda3/envs/llmcompass/lib/python3.9/multiprocessing/process.py", line 315, in _bootstrap
    self.run()
2025-12-30 15:42:05,000 [ERROR]   File "/home/william/LLMCompass_GoldData/software_model/matmul.py", line 905, in simulate
    for m, n, k in self.generate_tile_loops(
2025-12-30 15:42:05,000 [ERROR] KeyboardInterrupt
2025-12-30 15:42:05,000 [ERROR]   File "/home/william/LLMCompass_GoldData/software_model/matmul.py", line 915, in simulate
    previous_l2_tile = l2_tiles[previous_m, previous_n, previous_k]
2025-12-30 15:42:05,000 [ERROR]   File "/home/william/LLMCompass_GoldData/software_model/transformer.py", line 558, in compile_and_simulate
    self.Q_proj.compile_and_simulate(pcb, compile_mode)
2025-12-30 15:42:05,000 [ERROR]   File "/home/william/LLMCompass_GoldData/software_model/matmul.py", line 583, in compile_and_simulate
    cycle_count = self.simulate(
2025-12-30 15:42:05,000 [ERROR] KeyboardInterrupt
2025-12-30 15:42:05,000 [ERROR]   File "/home/william/miniconda3/envs/llmcompass/lib/python3.9/site-packages/pandas/core/indexing.py", line 1369, in _getitem_tuple
    return self._getitem_lowerdim(tup)
2025-12-30 15:42:05,000 [ERROR]   File "/home/william/LLMCompass_GoldData/software_model/matmul.py", line 583, in compile_and_simulate
    cycle_count = self.simulate(
2025-12-30 15:42:05,000 [ERROR]   File "/home/william/LLMCompass_GoldData/software_model/matmul.py", line 943, in simulate
    max(
2025-12-30 15:42:05,000 [ERROR]   File "/home/william/LLMCompass_GoldData/software_model/matmul.py", line 583, in compile_and_simulate
    cycle_count = self.simulate(
2025-12-30 15:42:05,000 [ERROR]   File "/home/william/LLMCompass_GoldData/software_model/matmul.py", line 1005, in __init__
    self.compute_cycle_count = self.simulate_l2_tile_compute_cycle_count(
2025-12-30 15:42:05,000 [ERROR]   File "/home/william/LLMCompass_GoldData/software_model/transformer.py", line 573, in compile_and_simulate
    self.H_matmul0.compile_and_simulate(pcb, compile_mode)
2025-12-30 15:42:05,000 [ERROR]   File "/home/william/LLMCompass_GoldData/software_model/matmul.py", line 905, in simulate
    for m, n, k in self.generate_tile_loops(
2025-12-30 15:42:05,000 [ERROR]   File "/home/william/LLMCompass_GoldData/software_model/matmul.py", line 1039, in simulate_l2_tile_compute_cycle_count
    M_remain = M % l1_tile_M
2025-12-30 15:42:05,000 [ERROR]   File "/home/william/miniconda3/envs/llmcompass/lib/python3.9/multiprocessing/process.py", line 108, in run
    self._target(*self._args, **self._kwargs)
2025-12-30 15:42:05,000 [ERROR]   File "/home/william/LLMCompass_GoldData/software_model/matmul.py", line 1005, in __init__
    self.compute_cycle_count = self.simulate_l2_tile_compute_cycle_count(
2025-12-30 15:42:05,000 [ERROR] KeyboardInterrupt
2025-12-30 15:42:05,000 [ERROR] KeyboardInterrupt
2025-12-30 15:42:05,000 [ERROR] KeyboardInterrupt
2025-12-30 15:42:05,000 [ERROR]   File "/home/william/LLMCompass_GoldData/software_model/matmul.py", line 583, in compile_and_simulate
    cycle_count = self.simulate(
2025-12-30 15:42:05,000 [ERROR]   File "/home/william/LLMCompass_GoldData/software_model/matmul.py", line 583, in compile_and_simulate
    cycle_count = self.simulate(
2025-12-30 15:42:05,000 [ERROR]   File "/home/william/LLMCompass_GoldData/ae/figure8/change_memory_bw.py", line 103, in test_memory_bandwidth
    auto_regression_latency_simulated = model_auto_regression.compile_and_simulate(
2025-12-30 15:42:05,000 [ERROR]   File "/home/william/LLMCompass_GoldData/software_model/matmul.py", line 199, in generate_tile_loops
    yield m, n, k
2025-12-30 15:42:05,000 [ERROR]   File "/home/william/miniconda3/envs/llmcompass/lib/python3.9/multiprocessing/process.py", line 108, in run
    self._target(*self._args, **self._kwargs)
2025-12-30 15:42:05,000 [ERROR]   File "/home/william/LLMCompass_GoldData/software_model/matmul.py", line 583, in compile_and_simulate
    cycle_count = self.simulate(
2025-12-30 15:42:05,000 [ERROR]   File "/home/william/LLMCompass_GoldData/software_model/matmul.py", line 1240, in simulate_l2_tile_compute_cycle_count
    (
2025-12-30 15:42:05,000 [ERROR]   File "/home/william/miniconda3/envs/llmcompass/lib/python3.9/multiprocessing/process.py", line 315, in _bootstrap
    self.run()
2025-12-30 15:42:05,000 [ERROR]   File "/home/william/miniconda3/envs/llmcompass/lib/python3.9/site-packages/pandas/core/indexing.py", line 1042, in _getitem_lowerdim
    return self._getitem_nested_tuple(tup)
2025-12-30 15:42:05,000 [ERROR] KeyboardInterrupt
2025-12-30 15:42:05,000 [ERROR]   File "/home/william/LLMCompass_GoldData/software_model/matmul.py", line 846, in simulate
    l2_tiles[:M_l2_t, :N_l2_t, -1] = self.L2TileSimulator(
2025-12-30 15:42:05,000 [ERROR]   File "/home/william/LLMCompass_GoldData/software_model/matmul.py", line 826, in simulate
    l2_tiles[-1, :N_l2_t, :K_l2_t] = self.L2TileSimulator(
2025-12-30 15:42:05,000 [ERROR] KeyboardInterrupt
2025-12-30 15:42:05,000 [ERROR]   File "/home/william/LLMCompass_GoldData/software_model/matmul.py", line 1224, in simulate_l2_tile_compute_cycle_count
    current_batch_compute_cycle_count = max(
2025-12-30 15:42:05,000 [ERROR]   File "/home/william/LLMCompass_GoldData/software_model/matmul.py", line 583, in compile_and_simulate
    cycle_count = self.simulate(
2025-12-30 15:42:05,000 [ERROR]   File "/home/william/LLMCompass_GoldData/software_model/matmul.py", line 826, in simulate
    l2_tiles[-1, :N_l2_t, :K_l2_t] = self.L2TileSimulator(
2025-12-30 15:42:05,000 [ERROR]   File "/home/william/LLMCompass_GoldData/software_model/matmul.py", line 198, in generate_tile_loops
    for m in range(loop_M):
2025-12-30 15:42:05,000 [ERROR]   File "/home/william/LLMCompass_GoldData/ae/figure8/change_memory_bw.py", line 103, in test_memory_bandwidth
    auto_regression_latency_simulated = model_auto_regression.compile_and_simulate(
2025-12-30 15:42:05,000 [ERROR] KeyboardInterrupt
2025-12-30 15:42:05,000 [ERROR]   File "/home/william/LLMCompass_GoldData/software_model/matmul.py", line 905, in simulate
    for m, n, k in self.generate_tile_loops(
2025-12-30 15:42:05,000 [ERROR]   File "/home/william/LLMCompass_GoldData/software_model/transformer.py", line 583, in compile_and_simulate
    self.H_matmul2.compile_and_simulate(pcb, compile_mode)
2025-12-30 15:42:05,000 [ERROR]   File "/home/william/LLMCompass_GoldData/software_model/matmul.py", line 826, in simulate
    l2_tiles[-1, :N_l2_t, :K_l2_t] = self.L2TileSimulator(
2025-12-30 15:42:05,000 [ERROR]   File "/home/william/miniconda3/envs/llmcompass/lib/python3.9/site-packages/pandas/core/indexing.py", line 1150, in _getitem_nested_tuple
    if com.is_null_slice(key):
2025-12-30 15:42:05,000 [ERROR]   File "/home/william/LLMCompass_GoldData/ae/figure8/change_memory_bw.py", line 103, in test_memory_bandwidth
    auto_regression_latency_simulated = model_auto_regression.compile_and_simulate(
2025-12-30 15:42:05,000 [ERROR]   File "/home/william/LLMCompass_GoldData/software_model/matmul.py", line 836, in simulate
    l2_tiles[:M_l2_t, -1, :K_l2_t] = self.L2TileSimulator(
2025-12-30 15:42:05,000 [ERROR]   File "/home/william/LLMCompass_GoldData/software_model/matmul.py", line 1005, in __init__
    self.compute_cycle_count = self.simulate_l2_tile_compute_cycle_count(
2025-12-30 15:42:05,000 [ERROR] KeyboardInterrupt
2025-12-30 15:42:05,000 [ERROR]   File "/home/william/miniconda3/envs/llmcompass/lib/python3.9/multiprocessing/process.py", line 108, in run
    self._target(*self._args, **self._kwargs)
2025-12-30 15:42:05,000 [ERROR] KeyboardInterrupt
2025-12-30 15:42:05,000 [ERROR] KeyboardInterrupt
2025-12-30 15:42:05,000 [ERROR]   File "/home/william/LLMCompass_GoldData/software_model/matmul.py", line 1005, in __init__
    self.compute_cycle_count = self.simulate_l2_tile_compute_cycle_count(
2025-12-30 15:42:05,000 [ERROR] Traceback (most recent call last):
2025-12-30 15:42:05,000 [ERROR]   File "/home/william/LLMCompass_GoldData/software_model/matmul.py", line 905, in simulate
    for m, n, k in self.generate_tile_loops(
2025-12-30 15:42:05,000 [ERROR] KeyboardInterrupt
2025-12-30 15:42:05,000 [ERROR]   File "/home/william/LLMCompass_GoldData/software_model/matmul.py", line 1005, in __init__
    self.compute_cycle_count = self.simulate_l2_tile_compute_cycle_count(
2025-12-30 15:42:05,000 [ERROR]   File "/home/william/LLMCompass_GoldData/software_model/matmul.py", line 198, in generate_tile_loops
    for m in range(loop_M):
2025-12-30 15:42:05,000 [ERROR]   File "/home/william/LLMCompass_GoldData/software_model/transformer.py", line 558, in compile_and_simulate
    self.Q_proj.compile_and_simulate(pcb, compile_mode)
2025-12-30 15:42:05,000 [ERROR]   File "/home/william/LLMCompass_GoldData/software_model/matmul.py", line 583, in compile_and_simulate
    cycle_count = self.simulate(
2025-12-30 15:42:05,000 [ERROR]   File "/home/william/LLMCompass_GoldData/software_model/matmul.py", line 1005, in __init__
    self.compute_cycle_count = self.simulate_l2_tile_compute_cycle_count(
2025-12-30 15:42:05,000 [ERROR]   File "/home/william/LLMCompass_GoldData/software_model/matmul.py", line 1214, in simulate_l2_tile_compute_cycle_count
    current_batch_Read_K_N[temp_k, temp_n] = 1
2025-12-30 15:42:05,000 [ERROR]   File "/home/william/LLMCompass_GoldData/software_model/transformer.py", line 573, in compile_and_simulate
    self.H_matmul0.compile_and_simulate(pcb, compile_mode)
2025-12-30 15:42:05,000 [ERROR]   File "/home/william/LLMCompass_GoldData/software_model/matmul.py", line 1005, in __init__
    self.compute_cycle_count = self.simulate_l2_tile_compute_cycle_count(
2025-12-30 15:42:05,000 [ERROR] Traceback (most recent call last):
2025-12-30 15:42:05,000 [ERROR]   File "/home/william/LLMCompass_GoldData/software_model/matmul.py", line 198, in generate_tile_loops
    for m in range(loop_M):
2025-12-30 15:42:05,000 [ERROR]   File "/home/william/LLMCompass_GoldData/software_model/matmul.py", line 1232, in simulate_l2_tile_compute_cycle_count
    (current_batch_Read_M_K * (~previous_batch_Read_M_K))
2025-12-30 15:42:05,000 [ERROR]   File "/home/william/LLMCompass_GoldData/software_model/matmul.py", line 1217, in simulate_l2_tile_compute_cycle_count
    temp_l1_tile_compute_cycle_count = temp_l1_tile.compute_cycle_count
2025-12-30 15:42:05,000 [ERROR]   File "/home/william/LLMCompass_GoldData/software_model/matmul.py", line 914, in simulate
    l2_tile = l2_tiles[m, n, k]
2025-12-30 15:42:05,000 [ERROR] KeyboardInterrupt
2025-12-30 15:42:05,000 [ERROR]   File "/home/william/LLMCompass_GoldData/software_model/matmul.py", line 583, in compile_and_simulate
    cycle_count = self.simulate(
2025-12-30 15:42:05,001 [ERROR]   File "/home/william/LLMCompass_GoldData/software_model/matmul.py", line 1133, in simulate_l2_tile_compute_cycle_count
    M_K_tile_size[-1, :K_l1_t] = M_remain * l1_tile_K
2025-12-30 15:42:05,001 [ERROR]   File "/home/william/miniconda3/envs/llmcompass/lib/python3.9/multiprocessing/process.py", line 315, in _bootstrap
    self.run()
2025-12-30 15:42:05,001 [ERROR]   File "/home/william/LLMCompass_GoldData/software_model/matmul.py", line 583, in compile_and_simulate
    cycle_count = self.simulate(
2025-12-30 15:42:05,001 [ERROR] KeyboardInterrupt
2025-12-30 15:42:05,001 [ERROR]   File "/home/william/LLMCompass_GoldData/software_model/matmul.py", line 1241, in simulate_l2_tile_compute_cycle_count
    current_batch_Read_M_N
2025-12-30 15:42:05,001 [ERROR] KeyboardInterrupt
2025-12-30 15:42:05,001 [ERROR] KeyboardInterrupt
2025-12-30 15:42:05,001 [ERROR] KeyboardInterrupt
2025-12-30 15:42:05,001 [ERROR]   File "/home/william/LLMCompass_GoldData/software_model/matmul.py", line 836, in simulate
    l2_tiles[:M_l2_t, -1, :K_l2_t] = self.L2TileSimulator(
2025-12-30 15:42:05,001 [ERROR] KeyboardInterrupt
2025-12-30 15:42:05,001 [ERROR]   File "/home/william/LLMCompass_GoldData/software_model/matmul.py", line 911, in simulate
    if m == 0 and n == 0 and k == 0:
2025-12-30 15:42:05,001 [ERROR]   File "/home/william/miniconda3/envs/llmcompass/lib/python3.9/multiprocessing/process.py", line 315, in _bootstrap
    self.run()
2025-12-30 15:42:05,001 [ERROR] KeyboardInterrupt
2025-12-30 15:42:05,001 [ERROR] KeyboardInterrupt
2025-12-30 15:42:05,001 [ERROR]   File "/home/william/miniconda3/envs/llmcompass/lib/python3.9/multiprocessing/process.py", line 108, in run
    self._target(*self._args, **self._kwargs)
2025-12-30 15:42:05,001 [ERROR]   File "/home/william/LLMCompass_GoldData/software_model/matmul.py", line 1005, in __init__
    self.compute_cycle_count = self.simulate_l2_tile_compute_cycle_count(
2025-12-30 15:42:05,001 [ERROR] KeyboardInterrupt
2025-12-30 15:42:05,001 [ERROR]   File "/home/william/miniconda3/envs/llmcompass/lib/python3.9/multiprocessing/process.py", line 108, in run
    self._target(*self._args, **self._kwargs)
2025-12-30 15:42:05,001 [ERROR]   File "/home/william/LLMCompass_GoldData/ae/figure8/change_memory_bw.py", line 103, in test_memory_bandwidth
    auto_regression_latency_simulated = model_auto_regression.compile_and_simulate(
2025-12-30 15:42:05,001 [ERROR] Traceback (most recent call last):
2025-12-30 15:42:05,001 [ERROR]   File "/home/william/LLMCompass_GoldData/software_model/matmul.py", line 1182, in simulate_l2_tile_compute_cycle_count
    active_l1_tile_list.append((m, n, k, l1_tiles[m, n, k]))
2025-12-30 15:42:05,001 [ERROR]   File "/home/william/LLMCompass_GoldData/ae/figure8/change_memory_bw.py", line 103, in test_memory_bandwidth
    auto_regression_latency_simulated = model_auto_regression.compile_and_simulate(
2025-12-30 15:42:05,001 [ERROR]   File "/home/william/LLMCompass_GoldData/software_model/transformer.py", line 573, in compile_and_simulate
    self.H_matmul0.compile_and_simulate(pcb, compile_mode)
2025-12-30 15:42:05,001 [ERROR]   File "/home/william/LLMCompass_GoldData/software_model/transformer.py", line 573, in compile_and_simulate
    self.H_matmul0.compile_and_simulate(pcb, compile_mode)
2025-12-30 15:42:05,001 [ERROR]   File "/home/william/LLMCompass_GoldData/software_model/matmul.py", line 583, in compile_and_simulate
    cycle_count = self.simulate(
2025-12-30 15:42:05,001 [ERROR] KeyboardInterrupt
2025-12-30 15:42:05,001 [ERROR]   File "/home/william/miniconda3/envs/llmcompass/lib/python3.9/multiprocessing/process.py", line 315, in _bootstrap
    self.run()
2025-12-30 15:42:05,001 [ERROR]   File "/home/william/LLMCompass_GoldData/software_model/matmul.py", line 583, in compile_and_simulate
    cycle_count = self.simulate(
2025-12-30 15:42:05,001 [ERROR]   File "/home/william/LLMCompass_GoldData/software_model/matmul.py", line 905, in simulate
    for m, n, k in self.generate_tile_loops(
2025-12-30 15:42:05,001 [ERROR]   File "/home/william/miniconda3/envs/llmcompass/lib/python3.9/multiprocessing/process.py", line 108, in run
    self._target(*self._args, **self._kwargs)
2025-12-30 15:42:05,001 [ERROR]   File "/home/william/LLMCompass_GoldData/software_model/matmul.py", line 198, in generate_tile_loops
    for m in range(loop_M):
2025-12-30 15:42:05,001 [ERROR]   File "/home/william/LLMCompass_GoldData/software_model/matmul.py", line 943, in simulate
    max(
2025-12-30 15:42:05,001 [ERROR]   File "/home/william/LLMCompass_GoldData/ae/figure8/change_memory_bw.py", line 103, in test_memory_bandwidth
    auto_regression_latency_simulated = model_auto_regression.compile_and_simulate(
2025-12-30 15:42:05,001 [ERROR] KeyboardInterrupt
2025-12-30 15:42:05,001 [ERROR] KeyboardInterrupt
2025-12-30 15:42:05,001 [ERROR]   File "/home/william/LLMCompass_GoldData/software_model/transformer.py", line 573, in compile_and_simulate
    self.H_matmul0.compile_and_simulate(pcb, compile_mode)
2025-12-30 15:42:05,001 [ERROR]   File "/home/william/LLMCompass_GoldData/software_model/matmul.py", line 583, in compile_and_simulate
    cycle_count = self.simulate(
2025-12-30 15:42:05,001 [ERROR]   File "/home/william/LLMCompass_GoldData/software_model/matmul.py", line 935, in simulate
    if m == previous_m and n == previous_n:
2025-12-30 15:42:05,001 [ERROR] KeyboardInterrupt
2025-12-30 15:42:05,001 [ERROR] Process Process-161:
2025-12-30 15:42:05,001 [ERROR] Process Process-85:
2025-12-30 15:42:05,001 [ERROR] Process Process-60:
2025-12-30 15:42:05,001 [ERROR] Process Process-65:
2025-12-30 15:42:05,001 [ERROR] Process Process-175:
2025-12-30 15:42:05,001 [ERROR] Process Process-100:
2025-12-30 15:42:05,001 [ERROR] Traceback (most recent call last):
2025-12-30 15:42:05,001 [ERROR]   File "/home/william/miniconda3/envs/llmcompass/lib/python3.9/multiprocessing/process.py", line 315, in _bootstrap
    self.run()
2025-12-30 15:42:05,001 [ERROR]   File "/home/william/miniconda3/envs/llmcompass/lib/python3.9/multiprocessing/process.py", line 108, in run
    self._target(*self._args, **self._kwargs)
2025-12-30 15:42:05,001 [ERROR]   File "/home/william/LLMCompass_GoldData/ae/figure8/change_memory_bw.py", line 103, in test_memory_bandwidth
    auto_regression_latency_simulated = model_auto_regression.compile_and_simulate(
2025-12-30 15:42:05,001 [ERROR]   File "/home/william/LLMCompass_GoldData/software_model/transformer.py", line 558, in compile_and_simulate
    self.Q_proj.compile_and_simulate(pcb, compile_mode)
2025-12-30 15:42:05,001 [ERROR]   File "/home/william/LLMCompass_GoldData/software_model/matmul.py", line 583, in compile_and_simulate
    cycle_count = self.simulate(
2025-12-30 15:42:05,001 [ERROR]   File "/home/william/LLMCompass_GoldData/software_model/matmul.py", line 856, in simulate
    l2_tiles[-1, -1, :K_l2_t] = self.L2TileSimulator(
2025-12-30 15:42:05,001 [ERROR]   File "/home/william/LLMCompass_GoldData/software_model/matmul.py", line 1005, in __init__
    self.compute_cycle_count = self.simulate_l2_tile_compute_cycle_count(
2025-12-30 15:42:05,001 [ERROR]   File "/home/william/LLMCompass_GoldData/software_model/matmul.py", line 1217, in simulate_l2_tile_compute_cycle_count
    temp_l1_tile_compute_cycle_count = temp_l1_tile.compute_cycle_count
2025-12-30 15:42:05,001 [ERROR] KeyboardInterrupt
2025-12-30 15:42:05,001 [ERROR] Traceback (most recent call last):
2025-12-30 15:42:05,001 [ERROR] Traceback (most recent call last):
2025-12-30 15:42:05,002 [ERROR] Traceback (most recent call last):
2025-12-30 15:42:05,002 [ERROR] Traceback (most recent call last):
2025-12-30 15:42:05,002 [ERROR] Traceback (most recent call last):
2025-12-30 15:42:05,002 [ERROR]   File "/home/william/miniconda3/envs/llmcompass/lib/python3.9/multiprocessing/process.py", line 315, in _bootstrap
    self.run()
2025-12-30 15:42:05,002 [ERROR]   File "/home/william/miniconda3/envs/llmcompass/lib/python3.9/multiprocessing/process.py", line 315, in _bootstrap
    self.run()
2025-12-30 15:42:05,002 [ERROR] Traceback (most recent call last):
2025-12-30 15:42:05,002 [ERROR]   File "/home/william/miniconda3/envs/llmcompass/lib/python3.9/multiprocessing/process.py", line 108, in run
    self._target(*self._args, **self._kwargs)
2025-12-30 15:42:05,002 [ERROR]   File "/home/william/miniconda3/envs/llmcompass/lib/python3.9/multiprocessing/process.py", line 108, in run
    self._target(*self._args, **self._kwargs)
2025-12-30 15:42:05,002 [ERROR]   File "/home/william/miniconda3/envs/llmcompass/lib/python3.9/multiprocessing/process.py", line 315, in _bootstrap
    self.run()
2025-12-30 15:42:05,002 [ERROR]   File "/home/william/miniconda3/envs/llmcompass/lib/python3.9/multiprocessing/process.py", line 315, in _bootstrap
    self.run()
2025-12-30 15:42:05,002 [ERROR]   File "/home/william/miniconda3/envs/llmcompass/lib/python3.9/multiprocessing/process.py", line 315, in _bootstrap
    self.run()
2025-12-30 15:42:05,002 [ERROR] Traceback (most recent call last):
2025-12-30 15:42:05,002 [ERROR]   File "/home/william/LLMCompass_GoldData/ae/figure8/change_memory_bw.py", line 103, in test_memory_bandwidth
    auto_regression_latency_simulated = model_auto_regression.compile_and_simulate(
2025-12-30 15:42:05,002 [ERROR]   File "/home/william/LLMCompass_GoldData/ae/figure8/change_memory_bw.py", line 103, in test_memory_bandwidth
    auto_regression_latency_simulated = model_auto_regression.compile_and_simulate(
2025-12-30 15:42:05,002 [ERROR]   File "/home/william/miniconda3/envs/llmcompass/lib/python3.9/multiprocessing/process.py", line 315, in _bootstrap
    self.run()
2025-12-30 15:42:04,999 [ERROR] Traceback (most recent call last):
2025-12-30 15:42:05,002 [ERROR]   File "/home/william/miniconda3/envs/llmcompass/lib/python3.9/multiprocessing/process.py", line 108, in run
    self._target(*self._args, **self._kwargs)
2025-12-30 15:42:05,002 [ERROR]   File "/home/william/miniconda3/envs/llmcompass/lib/python3.9/multiprocessing/process.py", line 108, in run
    self._target(*self._args, **self._kwargs)
2025-12-30 15:42:05,002 [ERROR]   File "/home/william/LLMCompass_GoldData/software_model/transformer.py", line 573, in compile_and_simulate
    self.H_matmul0.compile_and_simulate(pcb, compile_mode)
2025-12-30 15:42:05,002 [ERROR]   File "/home/william/LLMCompass_GoldData/software_model/transformer.py", line 573, in compile_and_simulate
    self.H_matmul0.compile_and_simulate(pcb, compile_mode)
2025-12-30 15:42:05,002 [ERROR]   File "/home/william/miniconda3/envs/llmcompass/lib/python3.9/multiprocessing/process.py", line 108, in run
    self._target(*self._args, **self._kwargs)
2025-12-30 15:42:05,002 [ERROR]   File "/home/william/miniconda3/envs/llmcompass/lib/python3.9/multiprocessing/process.py", line 108, in run
    self._target(*self._args, **self._kwargs)
2025-12-30 15:42:05,002 [ERROR]   File "/home/william/LLMCompass_GoldData/ae/figure8/change_memory_bw.py", line 103, in test_memory_bandwidth
    auto_regression_latency_simulated = model_auto_regression.compile_and_simulate(
2025-12-30 15:42:05,002 [ERROR]   File "/home/william/LLMCompass_GoldData/software_model/matmul.py", line 583, in compile_and_simulate
    cycle_count = self.simulate(
2025-12-30 15:42:05,002 [ERROR]   File "/home/william/LLMCompass_GoldData/software_model/matmul.py", line 583, in compile_and_simulate
    cycle_count = self.simulate(
2025-12-30 15:42:05,002 [ERROR]   File "/home/william/LLMCompass_GoldData/ae/figure8/change_memory_bw.py", line 103, in test_memory_bandwidth
    auto_regression_latency_simulated = model_auto_regression.compile_and_simulate(
2025-12-30 15:42:05,002 [ERROR]   File "/home/william/LLMCompass_GoldData/ae/figure8/change_memory_bw.py", line 103, in test_memory_bandwidth
    auto_regression_latency_simulated = model_auto_regression.compile_and_simulate(
2025-12-30 15:42:05,002 [ERROR]   File "/home/william/miniconda3/envs/llmcompass/lib/python3.9/multiprocessing/process.py", line 315, in _bootstrap
    self.run()
2025-12-30 15:42:05,002 [ERROR]   File "/home/william/LLMCompass_GoldData/ae/figure8/change_memory_bw.py", line 103, in test_memory_bandwidth
    auto_regression_latency_simulated = model_auto_regression.compile_and_simulate(
2025-12-30 15:42:05,002 [ERROR]   File "/home/william/LLMCompass_GoldData/software_model/transformer.py", line 578, in compile_and_simulate
    self.H_matmul1.compile_and_simulate(pcb, compile_mode)
2025-12-30 15:42:05,002 [ERROR]   File "/home/william/LLMCompass_GoldData/software_model/matmul.py", line 846, in simulate
    l2_tiles[:M_l2_t, :N_l2_t, -1] = self.L2TileSimulator(
2025-12-30 15:42:05,002 [ERROR]   File "/home/william/LLMCompass_GoldData/software_model/matmul.py", line 866, in simulate
    l2_tiles[-1, :N_l2_t, -1] = self.L2TileSimulator(
2025-12-30 15:42:05,002 [ERROR]   File "/home/william/LLMCompass_GoldData/software_model/transformer.py", line 573, in compile_and_simulate
    self.H_matmul0.compile_and_simulate(pcb, compile_mode)
2025-12-30 15:42:05,002 [ERROR]   File "/home/william/LLMCompass_GoldData/software_model/transformer.py", line 573, in compile_and_simulate
    self.H_matmul0.compile_and_simulate(pcb, compile_mode)
2025-12-30 15:42:05,002 [ERROR]   File "/home/william/LLMCompass_GoldData/software_model/matmul.py", line 583, in compile_and_simulate
    cycle_count = self.simulate(
2025-12-30 15:42:05,002 [ERROR]   File "/home/william/LLMCompass_GoldData/software_model/matmul.py", line 1005, in __init__
    self.compute_cycle_count = self.simulate_l2_tile_compute_cycle_count(
2025-12-30 15:42:05,002 [ERROR]   File "/home/william/LLMCompass_GoldData/software_model/matmul.py", line 1005, in __init__
    self.compute_cycle_count = self.simulate_l2_tile_compute_cycle_count(
2025-12-30 15:42:05,002 [ERROR]   File "/home/william/miniconda3/envs/llmcompass/lib/python3.9/multiprocessing/process.py", line 108, in run
    self._target(*self._args, **self._kwargs)
2025-12-30 15:42:05,002 [ERROR]   File "/home/william/LLMCompass_GoldData/software_model/transformer.py", line 573, in compile_and_simulate
    self.H_matmul0.compile_and_simulate(pcb, compile_mode)
2025-12-30 15:42:05,002 [ERROR]   File "/home/william/miniconda3/envs/llmcompass/lib/python3.9/multiprocessing/process.py", line 315, in _bootstrap
    self.run()
2025-12-30 15:42:05,002 [ERROR]   File "/home/william/LLMCompass_GoldData/software_model/matmul.py", line 583, in compile_and_simulate
    cycle_count = self.simulate(
2025-12-30 15:42:05,002 [ERROR]   File "/home/william/LLMCompass_GoldData/software_model/matmul.py", line 583, in compile_and_simulate
    cycle_count = self.simulate(
2025-12-30 15:42:05,002 [ERROR]   File "/home/william/LLMCompass_GoldData/software_model/matmul.py", line 905, in simulate
    for m, n, k in self.generate_tile_loops(
2025-12-30 15:42:05,002 [ERROR]   File "/home/william/LLMCompass_GoldData/software_model/matmul.py", line 1216, in simulate_l2_tile_compute_cycle_count
    current_batch_Write_M_N[temp_m, temp_n] = 1
2025-12-30 15:42:05,002 [ERROR]   File "/home/william/LLMCompass_GoldData/software_model/matmul.py", line 1176, in simulate_l2_tile_compute_cycle_count
    for m, n, k in Matmul.generate_tile_loops(
2025-12-30 15:42:05,002 [ERROR]   File "/home/william/LLMCompass_GoldData/ae/figure8/change_memory_bw.py", line 103, in test_memory_bandwidth
    auto_regression_latency_simulated = model_auto_regression.compile_and_simulate(
2025-12-30 15:42:05,002 [ERROR]   File "/home/william/LLMCompass_GoldData/software_model/matmul.py", line 583, in compile_and_simulate
    cycle_count = self.simulate(
2025-12-30 15:42:05,002 [ERROR]   File "/home/william/LLMCompass_GoldData/software_model/matmul.py", line 846, in simulate
    l2_tiles[:M_l2_t, :N_l2_t, -1] = self.L2TileSimulator(
2025-12-30 15:42:05,002 [ERROR]   File "/home/william/miniconda3/envs/llmcompass/lib/python3.9/multiprocessing/process.py", line 108, in run
    self._target(*self._args, **self._kwargs)
2025-12-30 15:42:05,002 [ERROR]   File "/home/william/LLMCompass_GoldData/software_model/matmul.py", line 826, in simulate
    l2_tiles[-1, :N_l2_t, :K_l2_t] = self.L2TileSimulator(
2025-12-30 15:42:05,002 [ERROR]   File "/home/william/LLMCompass_GoldData/software_model/matmul.py", line 198, in generate_tile_loops
    for m in range(loop_M):
2025-12-30 15:42:05,002 [ERROR] KeyboardInterrupt
2025-12-30 15:42:05,002 [ERROR] KeyboardInterrupt
2025-12-30 15:42:05,002 [ERROR]   File "/home/william/LLMCompass_GoldData/software_model/transformer.py", line 558, in compile_and_simulate
    self.Q_proj.compile_and_simulate(pcb, compile_mode)
2025-12-30 15:42:05,002 [ERROR]   File "/home/william/LLMCompass_GoldData/software_model/matmul.py", line 1005, in __init__
    self.compute_cycle_count = self.simulate_l2_tile_compute_cycle_count(
2025-12-30 15:42:05,002 [ERROR]   File "/home/william/LLMCompass_GoldData/ae/figure8/change_memory_bw.py", line 103, in test_memory_bandwidth
    auto_regression_latency_simulated = model_auto_regression.compile_and_simulate(
2025-12-30 15:42:05,002 [ERROR]   File "/home/william/LLMCompass_GoldData/software_model/matmul.py", line 826, in simulate
    l2_tiles[-1, :N_l2_t, :K_l2_t] = self.L2TileSimulator(
2025-12-30 15:42:05,002 [ERROR]   File "/home/william/LLMCompass_GoldData/software_model/matmul.py", line 989, in __init__
    ) + 2 * ceil(
2025-12-30 15:42:05,002 [ERROR] KeyboardInterrupt
2025-12-30 15:42:05,002 [ERROR]   File "/home/william/LLMCompass_GoldData/software_model/matmul.py", line 583, in compile_and_simulate
    cycle_count = self.simulate(
2025-12-30 15:42:05,002 [ERROR]   File "/home/william/LLMCompass_GoldData/software_model/transformer.py", line 558, in compile_and_simulate
    self.Q_proj.compile_and_simulate(pcb, compile_mode)
2025-12-30 15:42:05,002 [ERROR]   File "/home/william/LLMCompass_GoldData/software_model/matmul.py", line 1277, in simulate_l2_tile_compute_cycle_count
    previous_batch_Read_M_K = copy.deepcopy(current_batch_Read_M_K)
2025-12-30 15:42:05,002 [ERROR]   File "/home/william/LLMCompass_GoldData/software_model/matmul.py", line 1005, in __init__
    self.compute_cycle_count = self.simulate_l2_tile_compute_cycle_count(
2025-12-30 15:42:05,002 [ERROR]   File "/home/william/LLMCompass_GoldData/software_model/matmul.py", line 826, in simulate
    l2_tiles[-1, :N_l2_t, :K_l2_t] = self.L2TileSimulator(
2025-12-30 15:42:05,002 [ERROR]   File "/home/william/LLMCompass_GoldData/software_model/matmul.py", line 583, in compile_and_simulate
    cycle_count = self.simulate(
2025-12-30 15:42:05,002 [ERROR] KeyboardInterrupt
2025-12-30 15:42:05,002 [ERROR]   File "/home/william/miniconda3/envs/llmcompass/lib/python3.9/copy.py", line 153, in deepcopy
    y = copier(memo)
2025-12-30 15:42:05,002 [ERROR] Process Process-375:
2025-12-30 15:42:05,002 [ERROR] Process Process-27:
2025-12-30 15:42:05,002 [ERROR] Process Process-120:
2025-12-30 15:42:05,002 [ERROR]   File "/home/william/LLMCompass_GoldData/software_model/matmul.py", line 1176, in simulate_l2_tile_compute_cycle_count
    for m, n, k in Matmul.generate_tile_loops(
2025-12-30 15:42:05,002 [ERROR]   File "/home/william/LLMCompass_GoldData/software_model/matmul.py", line 932, in simulate
    previous_l2_tile.K_reduction_cycle_count
2025-12-30 15:42:05,002 [ERROR] KeyboardInterrupt
2025-12-30 15:42:05,002 [ERROR] KeyboardInterrupt
2025-12-30 15:42:05,002 [ERROR] Process Process-390:
2025-12-30 15:42:05,002 [ERROR] Process Process-343:
2025-12-30 15:42:05,002 [ERROR]   File "/home/william/LLMCompass_GoldData/software_model/matmul.py", line 198, in generate_tile_loops
    for m in range(loop_M):
2025-12-30 15:42:05,002 [ERROR] Process Process-333:
2025-12-30 15:42:05,002 [ERROR] Process Process-372:
2025-12-30 15:42:05,002 [ERROR] Process Process-270:
2025-12-30 15:42:05,002 [ERROR] KeyboardInterrupt
2025-12-30 15:42:05,002 [ERROR] Process Process-348:
2025-12-30 15:42:05,002 [ERROR] Process Process-167:
2025-12-30 15:42:05,002 [ERROR] Process Process-299:
2025-12-30 15:42:05,002 [ERROR] Process Process-368:
2025-12-30 15:42:05,002 [ERROR] Process Process-128:
2025-12-30 15:42:05,002 [ERROR] KeyboardInterrupt
2025-12-30 15:42:05,002 [ERROR] Process Process-124:
2025-12-30 15:42:05,002 [ERROR] Process Process-336:
2025-12-30 15:42:05,002 [ERROR] Process Process-308:
2025-12-30 15:42:05,002 [ERROR] Process Process-310:
2025-12-30 15:42:05,002 [ERROR] Process Process-340:
2025-12-30 15:42:05,002 [ERROR] Process Process-45:
2025-12-30 15:42:05,002 [ERROR] Traceback (most recent call last):
2025-12-30 15:42:05,002 [ERROR] Traceback (most recent call last):
2025-12-30 15:42:05,003 [ERROR]   File "/home/william/miniconda3/envs/llmcompass/lib/python3.9/multiprocessing/process.py", line 315, in _bootstrap
    self.run()
2025-12-30 15:42:05,003 [ERROR]   File "/home/william/miniconda3/envs/llmcompass/lib/python3.9/multiprocessing/process.py", line 315, in _bootstrap
    self.run()
2025-12-30 15:42:05,003 [ERROR]   File "/home/william/miniconda3/envs/llmcompass/lib/python3.9/multiprocessing/process.py", line 108, in run
    self._target(*self._args, **self._kwargs)
2025-12-30 15:42:05,003 [ERROR] Traceback (most recent call last):
2025-12-30 15:42:05,003 [ERROR] Traceback (most recent call last):
2025-12-30 15:42:05,003 [ERROR]   File "/home/william/miniconda3/envs/llmcompass/lib/python3.9/multiprocessing/process.py", line 108, in run
    self._target(*self._args, **self._kwargs)
2025-12-30 15:42:05,003 [ERROR]   File "/home/william/LLMCompass_GoldData/ae/figure8/change_memory_bw.py", line 103, in test_memory_bandwidth
    auto_regression_latency_simulated = model_auto_regression.compile_and_simulate(
2025-12-30 15:42:05,003 [ERROR] Traceback (most recent call last):
2025-12-30 15:42:05,003 [ERROR]   File "/home/william/LLMCompass_GoldData/software_model/transformer.py", line 583, in compile_and_simulate
    self.H_matmul2.compile_and_simulate(pcb, compile_mode)
2025-12-30 15:42:05,003 [ERROR]   File "/home/william/LLMCompass_GoldData/ae/figure8/change_memory_bw.py", line 103, in test_memory_bandwidth
    auto_regression_latency_simulated = model_auto_regression.compile_and_simulate(
2025-12-30 15:42:05,003 [ERROR]   File "/home/william/miniconda3/envs/llmcompass/lib/python3.9/multiprocessing/process.py", line 315, in _bootstrap
    self.run()
2025-12-30 15:42:05,003 [ERROR] Traceback (most recent call last):
2025-12-30 15:42:05,003 [ERROR]   File "/home/william/miniconda3/envs/llmcompass/lib/python3.9/multiprocessing/process.py", line 315, in _bootstrap
    self.run()
2025-12-30 15:42:05,003 [ERROR]   File "/home/william/LLMCompass_GoldData/software_model/matmul.py", line 583, in compile_and_simulate
    cycle_count = self.simulate(
2025-12-30 15:42:05,003 [ERROR]   File "/home/william/LLMCompass_GoldData/software_model/transformer.py", line 558, in compile_and_simulate
    self.Q_proj.compile_and_simulate(pcb, compile_mode)
2025-12-30 15:42:05,003 [ERROR] Traceback (most recent call last):
2025-12-30 15:42:05,003 [ERROR]   File "/home/william/miniconda3/envs/llmcompass/lib/python3.9/multiprocessing/process.py", line 108, in run
    self._target(*self._args, **self._kwargs)
2025-12-30 15:42:05,003 [ERROR]   File "/home/william/miniconda3/envs/llmcompass/lib/python3.9/multiprocessing/process.py", line 108, in run
    self._target(*self._args, **self._kwargs)
2025-12-30 15:42:05,003 [ERROR] Traceback (most recent call last):
2025-12-30 15:42:05,003 [ERROR]   File "/home/william/LLMCompass_GoldData/software_model/matmul.py", line 911, in simulate
    if m == 0 and n == 0 and k == 0:
2025-12-30 15:42:05,003 [ERROR]   File "/home/william/miniconda3/envs/llmcompass/lib/python3.9/multiprocessing/process.py", line 315, in _bootstrap
    self.run()
2025-12-30 15:42:05,003 [ERROR]   File "/home/william/LLMCompass_GoldData/software_model/matmul.py", line 583, in compile_and_simulate
    cycle_count = self.simulate(
2025-12-30 15:42:05,003 [ERROR]   File "/home/william/LLMCompass_GoldData/ae/figure8/change_memory_bw.py", line 103, in test_memory_bandwidth
    auto_regression_latency_simulated = model_auto_regression.compile_and_simulate(
2025-12-30 15:42:05,003 [ERROR]   File "/home/william/LLMCompass_GoldData/ae/figure8/change_memory_bw.py", line 103, in test_memory_bandwidth
    auto_regression_latency_simulated = model_auto_regression.compile_and_simulate(
2025-12-30 15:42:05,003 [ERROR]   File "/home/william/miniconda3/envs/llmcompass/lib/python3.9/multiprocessing/process.py", line 315, in _bootstrap
    self.run()
2025-12-30 15:42:05,003 [ERROR] Traceback (most recent call last):
2025-12-30 15:42:05,003 [ERROR] Traceback (most recent call last):
2025-12-30 15:42:05,003 [ERROR] Traceback (most recent call last):
2025-12-30 15:42:05,003 [ERROR]   File "/home/william/LLMCompass_GoldData/software_model/matmul.py", line 915, in simulate
    previous_l2_tile = l2_tiles[previous_m, previous_n, previous_k]
2025-12-30 15:42:05,003 [ERROR] KeyboardInterrupt
2025-12-30 15:42:05,003 [ERROR]   File "/home/william/miniconda3/envs/llmcompass/lib/python3.9/multiprocessing/process.py", line 108, in run
    self._target(*self._args, **self._kwargs)
2025-12-30 15:42:05,003 [ERROR]   File "/home/william/LLMCompass_GoldData/software_model/transformer.py", line 558, in compile_and_simulate
    self.Q_proj.compile_and_simulate(pcb, compile_mode)
2025-12-30 15:42:05,003 [ERROR]   File "/home/william/LLMCompass_GoldData/software_model/transformer.py", line 558, in compile_and_simulate
    self.Q_proj.compile_and_simulate(pcb, compile_mode)
2025-12-30 15:42:05,003 [ERROR]   File "/home/william/miniconda3/envs/llmcompass/lib/python3.9/multiprocessing/process.py", line 315, in _bootstrap
    self.run()
2025-12-30 15:42:05,003 [ERROR]   File "/home/william/miniconda3/envs/llmcompass/lib/python3.9/multiprocessing/process.py", line 108, in run
    self._target(*self._args, **self._kwargs)
2025-12-30 15:42:05,003 [ERROR]   File "/home/william/miniconda3/envs/llmcompass/lib/python3.9/multiprocessing/process.py", line 315, in _bootstrap
    self.run()
2025-12-30 15:42:05,003 [ERROR] KeyboardInterrupt
2025-12-30 15:42:05,003 [ERROR]   File "/home/william/LLMCompass_GoldData/ae/figure8/change_memory_bw.py", line 103, in test_memory_bandwidth
    auto_regression_latency_simulated = model_auto_regression.compile_and_simulate(
2025-12-30 15:42:05,003 [ERROR]   File "/home/william/LLMCompass_GoldData/software_model/matmul.py", line 583, in compile_and_simulate
    cycle_count = self.simulate(
2025-12-30 15:42:05,003 [ERROR]   File "/home/william/LLMCompass_GoldData/software_model/matmul.py", line 583, in compile_and_simulate
    cycle_count = self.simulate(
2025-12-30 15:42:05,003 [ERROR]   File "/home/william/LLMCompass_GoldData/ae/figure8/change_memory_bw.py", line 103, in test_memory_bandwidth
    auto_regression_latency_simulated = model_auto_regression.compile_and_simulate(
2025-12-30 15:42:05,003 [ERROR] Traceback (most recent call last):
2025-12-30 15:42:05,003 [ERROR]   File "/home/william/miniconda3/envs/llmcompass/lib/python3.9/multiprocessing/process.py", line 108, in run
    self._target(*self._args, **self._kwargs)
2025-12-30 15:42:05,003 [ERROR]   File "/home/william/miniconda3/envs/llmcompass/lib/python3.9/multiprocessing/process.py", line 315, in _bootstrap
    self.run()
2025-12-30 15:42:05,003 [ERROR]   File "/home/william/miniconda3/envs/llmcompass/lib/python3.9/multiprocessing/process.py", line 108, in run
    self._target(*self._args, **self._kwargs)
2025-12-30 15:42:05,003 [ERROR]   File "/home/william/miniconda3/envs/llmcompass/lib/python3.9/multiprocessing/process.py", line 315, in _bootstrap
    self.run()
2025-12-30 15:42:05,003 [ERROR]   File "/home/william/miniconda3/envs/llmcompass/lib/python3.9/multiprocessing/process.py", line 315, in _bootstrap
    self.run()
2025-12-30 15:42:05,003 [ERROR]   File "/home/william/LLMCompass_GoldData/software_model/transformer.py", line 558, in compile_and_simulate
    self.Q_proj.compile_and_simulate(pcb, compile_mode)
2025-12-30 15:42:05,003 [ERROR]   File "/home/william/LLMCompass_GoldData/software_model/matmul.py", line 911, in simulate
    if m == 0 and n == 0 and k == 0:
2025-12-30 15:42:05,003 [ERROR]   File "/home/william/LLMCompass_GoldData/software_model/matmul.py", line 836, in simulate
    l2_tiles[:M_l2_t, -1, :K_l2_t] = self.L2TileSimulator(
2025-12-30 15:42:05,003 [ERROR]   File "/home/william/LLMCompass_GoldData/software_model/transformer.py", line 573, in compile_and_simulate
    self.H_matmul0.compile_and_simulate(pcb, compile_mode)
2025-12-30 15:42:05,003 [ERROR]   File "/home/william/LLMCompass_GoldData/ae/figure8/change_memory_bw.py", line 103, in test_memory_bandwidth
    auto_regression_latency_simulated = model_auto_regression.compile_and_simulate(
2025-12-30 15:42:05,003 [ERROR]   File "/home/william/LLMCompass_GoldData/ae/figure8/change_memory_bw.py", line 103, in test_memory_bandwidth
    auto_regression_latency_simulated = model_auto_regression.compile_and_simulate(
2025-12-30 15:42:05,003 [ERROR]   File "/home/william/LLMCompass_GoldData/software_model/matmul.py", line 583, in compile_and_simulate
    cycle_count = self.simulate(
2025-12-30 15:42:05,003 [ERROR]   File "/home/william/LLMCompass_GoldData/software_model/matmul.py", line 1005, in __init__
    self.compute_cycle_count = self.simulate_l2_tile_compute_cycle_count(
2025-12-30 15:42:05,003 [ERROR]   File "/home/william/miniconda3/envs/llmcompass/lib/python3.9/multiprocessing/process.py", line 108, in run
    self._target(*self._args, **self._kwargs)
2025-12-30 15:42:05,002 [ERROR] Process Process-146:
2025-12-30 15:42:05,003 [ERROR]   File "/home/william/LLMCompass_GoldData/software_model/matmul.py", line 583, in compile_and_simulate
    cycle_count = self.simulate(
2025-12-30 15:42:05,003 [ERROR]   File "/home/william/miniconda3/envs/llmcompass/lib/python3.9/multiprocessing/process.py", line 108, in run
    self._target(*self._args, **self._kwargs)
2025-12-30 15:42:05,003 [ERROR] KeyboardInterrupt
2025-12-30 15:42:05,003 [ERROR]   File "/home/william/miniconda3/envs/llmcompass/lib/python3.9/multiprocessing/process.py", line 108, in run
    self._target(*self._args, **self._kwargs)
2025-12-30 15:42:05,003 [ERROR]   File "/home/william/LLMCompass_GoldData/software_model/transformer.py", line 573, in compile_and_simulate
    self.H_matmul0.compile_and_simulate(pcb, compile_mode)
2025-12-30 15:42:05,003 [ERROR]   File "/home/william/miniconda3/envs/llmcompass/lib/python3.9/multiprocessing/process.py", line 315, in _bootstrap
    self.run()
2025-12-30 15:42:05,003 [ERROR]   File "/home/william/LLMCompass_GoldData/software_model/matmul.py", line 1182, in simulate_l2_tile_compute_cycle_count
    active_l1_tile_list.append((m, n, k, l1_tiles[m, n, k]))
2025-12-30 15:42:05,003 [ERROR]   File "/home/william/LLMCompass_GoldData/software_model/matmul.py", line 905, in simulate
    for m, n, k in self.generate_tile_loops(
2025-12-30 15:42:05,003 [ERROR]   File "/home/william/LLMCompass_GoldData/software_model/transformer.py", line 558, in compile_and_simulate
    self.Q_proj.compile_and_simulate(pcb, compile_mode)
2025-12-30 15:42:05,003 [ERROR]   File "/home/william/LLMCompass_GoldData/software_model/matmul.py", line 905, in simulate
    for m, n, k in self.generate_tile_loops(
2025-12-30 15:42:05,003 [ERROR]   File "/home/william/LLMCompass_GoldData/ae/figure8/change_memory_bw.py", line 103, in test_memory_bandwidth
    auto_regression_latency_simulated = model_auto_regression.compile_and_simulate(
2025-12-30 15:42:05,003 [ERROR] Traceback (most recent call last):
2025-12-30 15:42:05,003 [ERROR]   File "/home/william/LLMCompass_GoldData/software_model/matmul.py", line 583, in compile_and_simulate
    cycle_count = self.simulate(
2025-12-30 15:42:05,003 [ERROR]   File "/home/william/LLMCompass_GoldData/ae/figure8/change_memory_bw.py", line 103, in test_memory_bandwidth
    auto_regression_latency_simulated = model_auto_regression.compile_and_simulate(
2025-12-30 15:42:05,003 [ERROR]   File "/home/william/LLMCompass_GoldData/ae/figure8/change_memory_bw.py", line 103, in test_memory_bandwidth
    auto_regression_latency_simulated = model_auto_regression.compile_and_simulate(
2025-12-30 15:42:05,003 [ERROR] KeyboardInterrupt
2025-12-30 15:42:05,003 [ERROR]   File "/home/william/miniconda3/envs/llmcompass/lib/python3.9/multiprocessing/process.py", line 108, in run
    self._target(*self._args, **self._kwargs)
2025-12-30 15:42:05,003 [ERROR]   File "/home/william/LLMCompass_GoldData/software_model/matmul.py", line 198, in generate_tile_loops
    for m in range(loop_M):
2025-12-30 15:42:05,003 [ERROR] KeyboardInterrupt
2025-12-30 15:42:05,003 [ERROR]   File "/home/william/LLMCompass_GoldData/software_model/matmul.py", line 583, in compile_and_simulate
    cycle_count = self.simulate(
2025-12-30 15:42:05,003 [ERROR]   File "/home/william/LLMCompass_GoldData/software_model/transformer.py", line 558, in compile_and_simulate
    self.Q_proj.compile_and_simulate(pcb, compile_mode)
2025-12-30 15:42:05,003 [ERROR]   File "/home/william/LLMCompass_GoldData/software_model/matmul.py", line 942, in simulate
    total_cycle_count += (
2025-12-30 15:42:05,003 [ERROR]   File "/home/william/LLMCompass_GoldData/software_model/transformer.py", line 578, in compile_and_simulate
    self.H_matmul1.compile_and_simulate(pcb, compile_mode)
2025-12-30 15:42:05,003 [ERROR]   File "/home/william/LLMCompass_GoldData/software_model/transformer.py", line 573, in compile_and_simulate
    self.H_matmul0.compile_and_simulate(pcb, compile_mode)
2025-12-30 15:42:05,003 [ERROR] KeyboardInterrupt
2025-12-30 15:42:05,003 [ERROR]   File "/home/william/LLMCompass_GoldData/ae/figure8/change_memory_bw.py", line 103, in test_memory_bandwidth
    auto_regression_latency_simulated = model_auto_regression.compile_and_simulate(
2025-12-30 15:42:05,003 [ERROR] Process Process-58:
2025-12-30 15:42:05,003 [ERROR]   File "/home/william/LLMCompass_GoldData/software_model/matmul.py", line 905, in simulate
    for m, n, k in self.generate_tile_loops(
2025-12-30 15:42:05,003 [ERROR]   File "/home/william/LLMCompass_GoldData/software_model/matmul.py", line 583, in compile_and_simulate
    cycle_count = self.simulate(
2025-12-30 15:42:05,003 [ERROR] KeyboardInterrupt
2025-12-30 15:42:05,003 [ERROR]   File "/home/william/miniconda3/envs/llmcompass/lib/python3.9/multiprocessing/process.py", line 315, in _bootstrap
    self.run()
2025-12-30 15:42:05,003 [ERROR]   File "/home/william/LLMCompass_GoldData/software_model/matmul.py", line 583, in compile_and_simulate
    cycle_count = self.simulate(
2025-12-30 15:42:05,003 [ERROR]   File "/home/william/LLMCompass_GoldData/software_model/matmul.py", line 583, in compile_and_simulate
    cycle_count = self.simulate(
2025-12-30 15:42:05,003 [ERROR]   File "/home/william/LLMCompass_GoldData/software_model/transformer.py", line 558, in compile_and_simulate
    self.Q_proj.compile_and_simulate(pcb, compile_mode)
2025-12-30 15:42:05,003 [ERROR]   File "/home/william/LLMCompass_GoldData/software_model/matmul.py", line 198, in generate_tile_loops
    for m in range(loop_M):
2025-12-30 15:42:05,003 [ERROR]   File "/home/william/LLMCompass_GoldData/software_model/matmul.py", line 905, in simulate
    for m, n, k in self.generate_tile_loops(
2025-12-30 15:42:05,003 [ERROR]   File "/home/william/LLMCompass_GoldData/software_model/matmul.py", line 915, in simulate
    previous_l2_tile = l2_tiles[previous_m, previous_n, previous_k]
2025-12-30 15:42:05,003 [ERROR]   File "/home/william/LLMCompass_GoldData/software_model/matmul.py", line 915, in simulate
    previous_l2_tile = l2_tiles[previous_m, previous_n, previous_k]
2025-12-30 15:42:05,003 [ERROR]   File "/home/william/miniconda3/envs/llmcompass/lib/python3.9/multiprocessing/process.py", line 108, in run
    self._target(*self._args, **self._kwargs)
2025-12-30 15:42:05,003 [ERROR]   File "/home/william/LLMCompass_GoldData/software_model/matmul.py", line 583, in compile_and_simulate
    cycle_count = self.simulate(
2025-12-30 15:42:05,003 [ERROR]   File "/home/william/LLMCompass_GoldData/software_model/matmul.py", line 198, in generate_tile_loops
    for m in range(loop_M):
2025-12-30 15:42:05,003 [ERROR] KeyboardInterrupt
2025-12-30 15:42:05,003 [ERROR]   File "/home/william/LLMCompass_GoldData/software_model/matmul.py", line 836, in simulate
    l2_tiles[:M_l2_t, -1, :K_l2_t] = self.L2TileSimulator(
2025-12-30 15:42:05,003 [ERROR] KeyboardInterrupt
2025-12-30 15:42:05,003 [ERROR]   File "/home/william/LLMCompass_GoldData/ae/figure8/change_memory_bw.py", line 103, in test_memory_bandwidth
    auto_regression_latency_simulated = model_auto_regression.compile_and_simulate(
2025-12-30 15:42:05,003 [ERROR] KeyboardInterrupt
2025-12-30 15:42:05,003 [ERROR] KeyboardInterrupt
2025-12-30 15:42:05,003 [ERROR] Process Process-94:
2025-12-30 15:42:05,003 [ERROR]   File "/home/william/LLMCompass_GoldData/software_model/matmul.py", line 1005, in __init__
    self.compute_cycle_count = self.simulate_l2_tile_compute_cycle_count(
2025-12-30 15:42:05,003 [ERROR]   File "/home/william/LLMCompass_GoldData/software_model/transformer.py", line 558, in compile_and_simulate
    self.Q_proj.compile_and_simulate(pcb, compile_mode)
2025-12-30 15:42:05,003 [ERROR]   File "/home/william/LLMCompass_GoldData/software_model/matmul.py", line 1182, in simulate_l2_tile_compute_cycle_count
    active_l1_tile_list.append((m, n, k, l1_tiles[m, n, k]))
2025-12-30 15:42:05,003 [ERROR] Traceback (most recent call last):
2025-12-30 15:42:05,003 [ERROR]   File "/home/william/LLMCompass_GoldData/software_model/matmul.py", line 583, in compile_and_simulate
    cycle_count = self.simulate(
2025-12-30 15:42:05,003 [ERROR] Traceback (most recent call last):
2025-12-30 15:42:05,003 [ERROR] Traceback (most recent call last):
2025-12-30 15:42:05,003 [ERROR]   File "/home/william/LLMCompass_GoldData/software_model/matmul.py", line 826, in simulate
    l2_tiles[-1, :N_l2_t, :K_l2_t] = self.L2TileSimulator(
2025-12-30 15:42:05,003 [ERROR] KeyboardInterrupt
2025-12-30 15:42:05,003 [ERROR]   File "/home/william/LLMCompass_GoldData/software_model/matmul.py", line 1005, in __init__
    self.compute_cycle_count = self.simulate_l2_tile_compute_cycle_count(
2025-12-30 15:42:05,003 [ERROR]   File "/home/william/miniconda3/envs/llmcompass/lib/python3.9/multiprocessing/process.py", line 315, in _bootstrap
    self.run()
2025-12-30 15:42:05,003 [ERROR]   File "/home/william/LLMCompass_GoldData/software_model/matmul.py", line 1176, in simulate_l2_tile_compute_cycle_count
    for m, n, k in Matmul.generate_tile_loops(
2025-12-30 15:42:05,003 [ERROR]   File "/home/william/miniconda3/envs/llmcompass/lib/python3.9/multiprocessing/process.py", line 315, in _bootstrap
    self.run()
2025-12-30 15:42:05,003 [ERROR]   File "/home/william/miniconda3/envs/llmcompass/lib/python3.9/multiprocessing/process.py", line 108, in run
    self._target(*self._args, **self._kwargs)
2025-12-30 15:42:05,003 [ERROR]   File "/home/william/miniconda3/envs/llmcompass/lib/python3.9/multiprocessing/process.py", line 315, in _bootstrap
    self.run()
2025-12-30 15:42:05,003 [ERROR]   File "/home/william/LLMCompass_GoldData/software_model/matmul.py", line 199, in generate_tile_loops
    yield m, n, k
2025-12-30 15:42:05,003 [ERROR]   File "/home/william/LLMCompass_GoldData/ae/figure8/change_memory_bw.py", line 103, in test_memory_bandwidth
    auto_regression_latency_simulated = model_auto_regression.compile_and_simulate(
2025-12-30 15:42:05,003 [ERROR]   File "/home/william/miniconda3/envs/llmcompass/lib/python3.9/multiprocessing/process.py", line 108, in run
    self._target(*self._args, **self._kwargs)
2025-12-30 15:42:05,003 [ERROR]   File "/home/william/miniconda3/envs/llmcompass/lib/python3.9/multiprocessing/process.py", line 108, in run
    self._target(*self._args, **self._kwargs)
2025-12-30 15:42:05,003 [ERROR] KeyboardInterrupt
2025-12-30 15:42:05,003 [ERROR]   File "/home/william/LLMCompass_GoldData/software_model/transformer.py", line 558, in compile_and_simulate
    self.Q_proj.compile_and_simulate(pcb, compile_mode)
2025-12-30 15:42:05,003 [ERROR]   File "/home/william/LLMCompass_GoldData/ae/figure8/change_memory_bw.py", line 103, in test_memory_bandwidth
    auto_regression_latency_simulated = model_auto_regression.compile_and_simulate(
2025-12-30 15:42:05,003 [ERROR]   File "/home/william/LLMCompass_GoldData/ae/figure8/change_memory_bw.py", line 103, in test_memory_bandwidth
    auto_regression_latency_simulated = model_auto_regression.compile_and_simulate(
2025-12-30 15:42:05,003 [ERROR]   File "/home/william/LLMCompass_GoldData/software_model/matmul.py", line 583, in compile_and_simulate
    cycle_count = self.simulate(
2025-12-30 15:42:05,003 [ERROR] Traceback (most recent call last):
2025-12-30 15:42:05,003 [ERROR]   File "/home/william/LLMCompass_GoldData/software_model/transformer.py", line 558, in compile_and_simulate
    self.Q_proj.compile_and_simulate(pcb, compile_mode)
2025-12-30 15:42:05,003 [ERROR]   File "/home/william/LLMCompass_GoldData/software_model/transformer.py", line 573, in compile_and_simulate
    self.H_matmul0.compile_and_simulate(pcb, compile_mode)
2025-12-30 15:42:05,003 [ERROR]   File "/home/william/LLMCompass_GoldData/software_model/matmul.py", line 836, in simulate
    l2_tiles[:M_l2_t, -1, :K_l2_t] = self.L2TileSimulator(
2025-12-30 15:42:05,003 [ERROR]   File "/home/william/LLMCompass_GoldData/software_model/matmul.py", line 583, in compile_and_simulate
    cycle_count = self.simulate(
2025-12-30 15:42:05,003 [ERROR]   File "/home/william/LLMCompass_GoldData/software_model/matmul.py", line 583, in compile_and_simulate
    cycle_count = self.simulate(
2025-12-30 15:42:05,003 [ERROR]   File "/home/william/LLMCompass_GoldData/software_model/matmul.py", line 1005, in __init__
    self.compute_cycle_count = self.simulate_l2_tile_compute_cycle_count(
2025-12-30 15:42:05,003 [ERROR]   File "/home/william/LLMCompass_GoldData/software_model/matmul.py", line 846, in simulate
    l2_tiles[:M_l2_t, :N_l2_t, -1] = self.L2TileSimulator(
2025-12-30 15:42:05,003 [ERROR]   File "/home/william/LLMCompass_GoldData/software_model/matmul.py", line 826, in simulate
    l2_tiles[-1, :N_l2_t, :K_l2_t] = self.L2TileSimulator(
2025-12-30 15:42:05,003 [ERROR]   File "/home/william/LLMCompass_GoldData/software_model/matmul.py", line 1231, in simulate_l2_tile_compute_cycle_count
    current_batch_M_K_read_count = np.sum(
2025-12-30 15:42:05,003 [ERROR] Traceback (most recent call last):
2025-12-30 15:42:05,003 [ERROR]   File "/home/william/LLMCompass_GoldData/software_model/matmul.py", line 1005, in __init__
    self.compute_cycle_count = self.simulate_l2_tile_compute_cycle_count(
2025-12-30 15:42:05,003 [ERROR]   File "/home/william/miniconda3/envs/llmcompass/lib/python3.9/multiprocessing/process.py", line 315, in _bootstrap
    self.run()
2025-12-30 15:42:05,003 [ERROR]   File "/home/william/LLMCompass_GoldData/software_model/matmul.py", line 1005, in __init__
    self.compute_cycle_count = self.simulate_l2_tile_compute_cycle_count(
2025-12-30 15:42:05,003 [ERROR]   File "/home/william/miniconda3/envs/llmcompass/lib/python3.9/site-packages/numpy/_core/fromnumeric.py", line 2389, in sum
    return _wrapreduction(
2025-12-30 15:42:05,003 [ERROR]   File "/home/william/LLMCompass_GoldData/software_model/matmul.py", line 1048, in simulate_l2_tile_compute_cycle_count
    l1_tiles[:M_l1_t, :N_l1_t, :K_l1_t] = Matmul.L1TileSimulator(
2025-12-30 15:42:05,003 [ERROR]   File "/home/william/LLMCompass_GoldData/software_model/matmul.py", line 1058, in simulate_l2_tile_compute_cycle_count
    l1_tiles[-1, :N_l1_t, :K_l1_t] = Matmul.L1TileSimulator(
2025-12-30 15:42:05,003 [ERROR]   File "/home/william/miniconda3/envs/llmcompass/lib/python3.9/multiprocessing/process.py", line 108, in run
    self._target(*self._args, **self._kwargs)
2025-12-30 15:42:05,003 [ERROR]   File "/home/william/miniconda3/envs/llmcompass/lib/python3.9/site-packages/numpy/_core/fromnumeric.py", line 69, in _wrapreduction
    def _wrapreduction(obj, ufunc, method, axis, dtype, out, **kwargs):
2025-12-30 15:42:05,003 [ERROR]   File "/home/william/LLMCompass_GoldData/software_model/matmul.py", line 1308, in __init__
    self.compute_cycle_count = self.simulate_l1_tile_compute_cycle_count(
2025-12-30 15:42:05,003 [ERROR]   File "/home/william/LLMCompass_GoldData/software_model/matmul.py", line 1308, in __init__
    self.compute_cycle_count = self.simulate_l1_tile_compute_cycle_count(
2025-12-30 15:42:05,003 [ERROR]   File "/home/william/miniconda3/envs/llmcompass/lib/python3.9/multiprocessing/process.py", line 315, in _bootstrap
    self.run()
2025-12-30 15:42:05,003 [ERROR]   File "/home/william/LLMCompass_GoldData/software_model/matmul.py", line 1338, in simulate_l1_tile_compute_cycle_count
    Matmul.simulate_systolic_array_cycle_count(
2025-12-30 15:42:05,003 [ERROR]   File "/home/william/LLMCompass_GoldData/ae/figure8/change_memory_bw.py", line 103, in test_memory_bandwidth
    auto_regression_latency_simulated = model_auto_regression.compile_and_simulate(
2025-12-30 15:42:05,003 [ERROR]   File "/home/william/LLMCompass_GoldData/software_model/matmul.py", line 1338, in simulate_l1_tile_compute_cycle_count
    Matmul.simulate_systolic_array_cycle_count(
2025-12-30 15:42:05,003 [ERROR] KeyboardInterrupt
2025-12-30 15:42:05,003 [ERROR]   File "/home/william/LLMCompass_GoldData/software_model/matmul.py", line 1405, in simulate_systolic_array_cycle_count
    cycle_count = look_up_table.loc[
2025-12-30 15:42:05,003 [ERROR]   File "/home/william/miniconda3/envs/llmcompass/lib/python3.9/multiprocessing/process.py", line 108, in run
    self._target(*self._args, **self._kwargs)
2025-12-30 15:42:05,003 [ERROR]   File "/home/william/LLMCompass_GoldData/software_model/matmul.py", line 1405, in simulate_systolic_array_cycle_count
    cycle_count = look_up_table.loc[
2025-12-30 15:42:05,003 [ERROR]   File "/home/william/LLMCompass_GoldData/software_model/transformer.py", line 558, in compile_and_simulate
    self.Q_proj.compile_and_simulate(pcb, compile_mode)
2025-12-30 15:42:05,003 [ERROR]   File "/home/william/miniconda3/envs/llmcompass/lib/python3.9/site-packages/pandas/core/indexing.py", line 1185, in __getitem__
    return self._getitem_tuple(key)
2025-12-30 15:42:05,003 [ERROR] Process Process-325:
2025-12-30 15:42:05,003 [ERROR]   File "/home/william/miniconda3/envs/llmcompass/lib/python3.9/site-packages/pandas/core/indexing.py", line 1185, in __getitem__
    return self._getitem_tuple(key)
2025-12-30 15:42:05,003 [ERROR]   File "/home/william/miniconda3/envs/llmcompass/lib/python3.9/site-packages/pandas/core/indexing.py", line 1368, in _getitem_tuple
    tup = self._expand_ellipsis(tup)
2025-12-30 15:42:05,003 [ERROR]   File "/home/william/LLMCompass_GoldData/ae/figure8/change_memory_bw.py", line 103, in test_memory_bandwidth
    auto_regression_latency_simulated = model_auto_regression.compile_and_simulate(
2025-12-30 15:42:05,003 [ERROR]   File "/home/william/LLMCompass_GoldData/software_model/matmul.py", line 583, in compile_and_simulate
    cycle_count = self.simulate(
2025-12-30 15:42:05,003 [ERROR]   File "/home/william/miniconda3/envs/llmcompass/lib/python3.9/site-packages/pandas/core/indexing.py", line 1369, in _getitem_tuple
    return self._getitem_lowerdim(tup)
2025-12-30 15:42:05,003 [ERROR]   File "/home/william/miniconda3/envs/llmcompass/lib/python3.9/site-packages/pandas/core/indexing.py", line 942, in _expand_ellipsis
    if any(x is Ellipsis for x in tup):
2025-12-30 15:42:05,003 [ERROR]   File "/home/william/LLMCompass_GoldData/software_model/transformer.py", line 558, in compile_and_simulate
    self.Q_proj.compile_and_simulate(pcb, compile_mode)
2025-12-30 15:42:05,003 [ERROR]   File "/home/william/miniconda3/envs/llmcompass/lib/python3.9/site-packages/pandas/core/indexing.py", line 1042, in _getitem_lowerdim
    return self._getitem_nested_tuple(tup)
2025-12-30 15:42:05,003 [ERROR]   File "/home/william/LLMCompass_GoldData/software_model/matmul.py", line 826, in simulate
    l2_tiles[-1, :N_l2_t, :K_l2_t] = self.L2TileSimulator(
2025-12-30 15:42:05,003 [ERROR]   File "/home/william/LLMCompass_GoldData/software_model/matmul.py", line 583, in compile_and_simulate
    cycle_count = self.simulate(
2025-12-30 15:42:05,004 [ERROR] KeyboardInterrupt
2025-12-30 15:42:05,004 [ERROR]   File "/home/william/miniconda3/envs/llmcompass/lib/python3.9/site-packages/pandas/core/indexing.py", line 1154, in _getitem_nested_tuple
    obj = getattr(obj, self.name)._getitem_axis(key, axis=axis)
2025-12-30 15:42:05,004 [ERROR]   File "/home/william/LLMCompass_GoldData/software_model/matmul.py", line 1005, in __init__
    self.compute_cycle_count = self.simulate_l2_tile_compute_cycle_count(
2025-12-30 15:42:05,004 [ERROR]   File "/home/william/miniconda3/envs/llmcompass/lib/python3.9/site-packages/pandas/core/indexing.py", line 1410, in _getitem_axis
    if isinstance(key, slice):
2025-12-30 15:42:05,004 [ERROR]   File "/home/william/LLMCompass_GoldData/software_model/matmul.py", line 942, in simulate
    total_cycle_count += (
2025-12-30 15:42:05,004 [ERROR]   File "/home/william/LLMCompass_GoldData/software_model/matmul.py", line 1246, in simulate_l2_tile_compute_cycle_count
    previous_batch_M_N_write_count = np.sum(
2025-12-30 15:42:05,004 [ERROR] KeyboardInterrupt
2025-12-30 15:42:05,004 [ERROR] KeyboardInterrupt
2025-12-30 15:42:05,004 [ERROR]   File "/home/william/miniconda3/envs/llmcompass/lib/python3.9/site-packages/numpy/_core/fromnumeric.py", line 2250, in _sum_dispatcher
    def _sum_dispatcher(a, axis=None, dtype=None, out=None, keepdims=None,
2025-12-30 15:42:05,004 [ERROR] Traceback (most recent call last):
2025-12-30 15:42:05,004 [ERROR] KeyboardInterrupt
2025-12-30 15:42:05,004 [ERROR] Traceback (most recent call last):
2025-12-30 15:42:04,994 [ERROR] Process Process-273:
2025-12-30 15:42:05,004 [ERROR]   File "/home/william/miniconda3/envs/llmcompass/lib/python3.9/multiprocessing/process.py", line 315, in _bootstrap
    self.run()
2025-12-30 15:42:05,004 [ERROR]   File "/home/william/miniconda3/envs/llmcompass/lib/python3.9/multiprocessing/process.py", line 108, in run
    self._target(*self._args, **self._kwargs)
2025-12-30 15:42:05,004 [ERROR]   File "/home/william/miniconda3/envs/llmcompass/lib/python3.9/multiprocessing/process.py", line 315, in _bootstrap
    self.run()
2025-12-30 15:42:05,004 [ERROR]   File "/home/william/LLMCompass_GoldData/ae/figure8/change_memory_bw.py", line 103, in test_memory_bandwidth
    auto_regression_latency_simulated = model_auto_regression.compile_and_simulate(
2025-12-30 15:42:05,004 [ERROR]   File "/home/william/miniconda3/envs/llmcompass/lib/python3.9/multiprocessing/process.py", line 108, in run
    self._target(*self._args, **self._kwargs)
2025-12-30 15:42:05,004 [ERROR]   File "/home/william/LLMCompass_GoldData/software_model/transformer.py", line 573, in compile_and_simulate
    self.H_matmul0.compile_and_simulate(pcb, compile_mode)
2025-12-30 15:42:05,004 [ERROR]   File "/home/william/LLMCompass_GoldData/ae/figure8/change_memory_bw.py", line 103, in test_memory_bandwidth
    auto_regression_latency_simulated = model_auto_regression.compile_and_simulate(
2025-12-30 15:42:05,004 [ERROR]   File "/home/william/LLMCompass_GoldData/software_model/matmul.py", line 583, in compile_and_simulate
    cycle_count = self.simulate(
2025-12-30 15:42:05,004 [ERROR]   File "/home/william/LLMCompass_GoldData/software_model/transformer.py", line 558, in compile_and_simulate
    self.Q_proj.compile_and_simulate(pcb, compile_mode)
2025-12-30 15:42:05,004 [ERROR]   File "/home/william/LLMCompass_GoldData/software_model/matmul.py", line 826, in simulate
    l2_tiles[-1, :N_l2_t, :K_l2_t] = self.L2TileSimulator(
2025-12-30 15:42:05,004 [ERROR]   File "/home/william/LLMCompass_GoldData/software_model/matmul.py", line 583, in compile_and_simulate
    cycle_count = self.simulate(
2025-12-30 15:42:05,004 [ERROR]   File "/home/william/LLMCompass_GoldData/software_model/matmul.py", line 1005, in __init__
    self.compute_cycle_count = self.simulate_l2_tile_compute_cycle_count(
2025-12-30 15:42:05,004 [ERROR]   File "/home/william/LLMCompass_GoldData/software_model/matmul.py", line 836, in simulate
    l2_tiles[:M_l2_t, -1, :K_l2_t] = self.L2TileSimulator(
2025-12-30 15:42:05,004 [ERROR]   File "/home/william/LLMCompass_GoldData/software_model/matmul.py", line 1279, in simulate_l2_tile_compute_cycle_count
    previous_batch_Read_M_N = copy.deepcopy(current_batch_Read_M_N)
2025-12-30 15:42:05,004 [ERROR]   File "/home/william/LLMCompass_GoldData/software_model/matmul.py", line 1005, in __init__
    self.compute_cycle_count = self.simulate_l2_tile_compute_cycle_count(
2025-12-30 15:42:05,004 [ERROR] Process Process-172:
2025-12-30 15:42:05,004 [ERROR] Process Process-208:
2025-12-30 15:42:05,004 [ERROR]   File "/home/william/miniconda3/envs/llmcompass/lib/python3.9/copy.py", line 153, in deepcopy
    y = copier(memo)
2025-12-30 15:42:05,004 [ERROR] Process Process-105:
2025-12-30 15:42:05,004 [ERROR] Process Process-119:
2025-12-30 15:42:05,004 [ERROR] Process Process-159:
2025-12-30 15:42:05,004 [ERROR]   File "/home/william/LLMCompass_GoldData/software_model/matmul.py", line 1182, in simulate_l2_tile_compute_cycle_count
    active_l1_tile_list.append((m, n, k, l1_tiles[m, n, k]))
2025-12-30 15:42:05,004 [ERROR] KeyboardInterrupt
2025-12-30 15:42:05,004 [ERROR] KeyboardInterrupt
2025-12-30 15:42:05,003 [ERROR] Process Process-260:
2025-12-30 15:42:05,004 [ERROR] Traceback (most recent call last):
2025-12-30 15:42:05,004 [ERROR]   File "/home/william/miniconda3/envs/llmcompass/lib/python3.9/multiprocessing/process.py", line 315, in _bootstrap
    self.run()
2025-12-30 15:42:05,004 [ERROR] Traceback (most recent call last):
2025-12-30 15:42:05,004 [ERROR]   File "/home/william/miniconda3/envs/llmcompass/lib/python3.9/multiprocessing/process.py", line 108, in run
    self._target(*self._args, **self._kwargs)
2025-12-30 15:42:05,004 [ERROR]   File "/home/william/LLMCompass_GoldData/ae/figure8/change_memory_bw.py", line 103, in test_memory_bandwidth
    auto_regression_latency_simulated = model_auto_regression.compile_and_simulate(
2025-12-30 15:42:05,004 [ERROR]   File "/home/william/miniconda3/envs/llmcompass/lib/python3.9/multiprocessing/process.py", line 315, in _bootstrap
    self.run()
2025-12-30 15:42:05,004 [ERROR]   File "/home/william/LLMCompass_GoldData/software_model/transformer.py", line 573, in compile_and_simulate
    self.H_matmul0.compile_and_simulate(pcb, compile_mode)
2025-12-30 15:42:05,004 [ERROR]   File "/home/william/LLMCompass_GoldData/software_model/matmul.py", line 583, in compile_and_simulate
    cycle_count = self.simulate(
2025-12-30 15:42:05,004 [ERROR] Traceback (most recent call last):
2025-12-30 15:42:05,004 [ERROR]   File "/home/william/miniconda3/envs/llmcompass/lib/python3.9/multiprocessing/process.py", line 108, in run
    self._target(*self._args, **self._kwargs)
2025-12-30 15:42:05,004 [ERROR] Traceback (most recent call last):
2025-12-30 15:42:05,005 [ERROR]   File "/home/william/LLMCompass_GoldData/software_model/matmul.py", line 942, in simulate
    total_cycle_count += (
2025-12-30 15:42:05,005 [ERROR]   File "/home/william/LLMCompass_GoldData/ae/figure8/change_memory_bw.py", line 103, in test_memory_bandwidth
    auto_regression_latency_simulated = model_auto_regression.compile_and_simulate(
2025-12-30 15:42:05,004 [ERROR] Traceback (most recent call last):
2025-12-30 15:42:05,005 [ERROR] KeyboardInterrupt
2025-12-30 15:42:05,005 [ERROR]   File "/home/william/LLMCompass_GoldData/software_model/transformer.py", line 573, in compile_and_simulate
    self.H_matmul0.compile_and_simulate(pcb, compile_mode)
2025-12-30 15:42:05,005 [ERROR]   File "/home/william/miniconda3/envs/llmcompass/lib/python3.9/multiprocessing/process.py", line 315, in _bootstrap
    self.run()
2025-12-30 15:42:05,005 [ERROR]   File "/home/william/miniconda3/envs/llmcompass/lib/python3.9/multiprocessing/process.py", line 315, in _bootstrap
    self.run()
2025-12-30 15:42:05,005 [ERROR]   File "/home/william/LLMCompass_GoldData/software_model/matmul.py", line 583, in compile_and_simulate
    cycle_count = self.simulate(
2025-12-30 15:42:05,005 [ERROR]   File "/home/william/miniconda3/envs/llmcompass/lib/python3.9/multiprocessing/process.py", line 108, in run
    self._target(*self._args, **self._kwargs)
2025-12-30 15:42:05,005 [ERROR]   File "/home/william/miniconda3/envs/llmcompass/lib/python3.9/multiprocessing/process.py", line 315, in _bootstrap
    self.run()
2025-12-30 15:42:05,005 [ERROR]   File "/home/william/LLMCompass_GoldData/software_model/matmul.py", line 911, in simulate
    if m == 0 and n == 0 and k == 0:
2025-12-30 15:42:05,005 [ERROR]   File "/home/william/miniconda3/envs/llmcompass/lib/python3.9/multiprocessing/process.py", line 108, in run
    self._target(*self._args, **self._kwargs)
2025-12-30 15:42:04,994 [ERROR] Process Process-380:
2025-12-30 15:42:05,005 [ERROR]   File "/home/william/LLMCompass_GoldData/ae/figure8/change_memory_bw.py", line 103, in test_memory_bandwidth
    auto_regression_latency_simulated = model_auto_regression.compile_and_simulate(
2025-12-30 15:42:05,005 [ERROR] KeyboardInterrupt
2025-12-30 15:42:05,005 [ERROR]   File "/home/william/miniconda3/envs/llmcompass/lib/python3.9/multiprocessing/process.py", line 108, in run
    self._target(*self._args, **self._kwargs)
2025-12-30 15:42:05,005 [ERROR]   File "/home/william/LLMCompass_GoldData/ae/figure8/change_memory_bw.py", line 103, in test_memory_bandwidth
    auto_regression_latency_simulated = model_auto_regression.compile_and_simulate(
2025-12-30 15:42:05,005 [ERROR]   File "/home/william/LLMCompass_GoldData/software_model/transformer.py", line 573, in compile_and_simulate
    self.H_matmul0.compile_and_simulate(pcb, compile_mode)
2025-12-30 15:42:05,005 [ERROR]   File "/home/william/LLMCompass_GoldData/ae/figure8/change_memory_bw.py", line 103, in test_memory_bandwidth
    auto_regression_latency_simulated = model_auto_regression.compile_and_simulate(
2025-12-30 15:42:05,005 [ERROR]   File "/home/william/LLMCompass_GoldData/software_model/transformer.py", line 573, in compile_and_simulate
    self.H_matmul0.compile_and_simulate(pcb, compile_mode)
2025-12-30 15:42:05,005 [ERROR]   File "/home/william/LLMCompass_GoldData/software_model/transformer.py", line 558, in compile_and_simulate
    self.Q_proj.compile_and_simulate(pcb, compile_mode)
2025-12-30 15:42:05,005 [ERROR]   File "/home/william/LLMCompass_GoldData/software_model/matmul.py", line 583, in compile_and_simulate
    cycle_count = self.simulate(
2025-12-30 15:42:05,005 [ERROR]   File "/home/william/LLMCompass_GoldData/software_model/matmul.py", line 583, in compile_and_simulate
    cycle_count = self.simulate(
2025-12-30 15:42:05,005 [ERROR]   File "/home/william/LLMCompass_GoldData/software_model/matmul.py", line 583, in compile_and_simulate
    cycle_count = self.simulate(
2025-12-30 15:42:05,005 [ERROR]   File "/home/william/LLMCompass_GoldData/software_model/matmul.py", line 905, in simulate
    for m, n, k in self.generate_tile_loops(
2025-12-30 15:42:05,005 [ERROR]   File "/home/william/LLMCompass_GoldData/software_model/matmul.py", line 826, in simulate
    l2_tiles[-1, :N_l2_t, :K_l2_t] = self.L2TileSimulator(
2025-12-30 15:42:05,005 [ERROR]   File "/home/william/LLMCompass_GoldData/software_model/matmul.py", line 826, in simulate
    l2_tiles[-1, :N_l2_t, :K_l2_t] = self.L2TileSimulator(
2025-12-30 15:42:05,005 [ERROR]   File "/home/william/LLMCompass_GoldData/software_model/matmul.py", line 198, in generate_tile_loops
    for m in range(loop_M):
2025-12-30 15:42:05,005 [ERROR]   File "/home/william/LLMCompass_GoldData/software_model/matmul.py", line 1005, in __init__
    self.compute_cycle_count = self.simulate_l2_tile_compute_cycle_count(
2025-12-30 15:42:05,005 [ERROR]   File "/home/william/LLMCompass_GoldData/software_model/matmul.py", line 1005, in __init__
    self.compute_cycle_count = self.simulate_l2_tile_compute_cycle_count(
2025-12-30 15:42:05,005 [ERROR]   File "/home/william/LLMCompass_GoldData/software_model/matmul.py", line 1231, in simulate_l2_tile_compute_cycle_count
    current_batch_M_K_read_count = np.sum(
2025-12-30 15:42:05,005 [ERROR] KeyboardInterrupt
2025-12-30 15:42:05,005 [ERROR]   File "/home/william/miniconda3/envs/llmcompass/lib/python3.9/site-packages/numpy/_core/fromnumeric.py", line 2389, in sum
    return _wrapreduction(
2025-12-30 15:42:05,005 [ERROR]   File "/home/william/LLMCompass_GoldData/software_model/matmul.py", line 1176, in simulate_l2_tile_compute_cycle_count
    for m, n, k in Matmul.generate_tile_loops(
2025-12-30 15:42:05,005 [ERROR]   File "/home/william/miniconda3/envs/llmcompass/lib/python3.9/site-packages/numpy/_core/fromnumeric.py", line 86, in _wrapreduction
    return ufunc.reduce(obj, axis, dtype, out, **passkwargs)
2025-12-30 15:42:05,005 [ERROR]   File "/home/william/LLMCompass_GoldData/software_model/matmul.py", line 199, in generate_tile_loops
    yield m, n, k
2025-12-30 15:42:05,005 [ERROR] KeyboardInterrupt
2025-12-30 15:42:05,005 [ERROR] KeyboardInterrupt
2025-12-30 15:42:05,005 [ERROR] Process Process-305:
2025-12-30 15:42:05,005 [ERROR] Process Process-265:
2025-12-30 15:42:05,005 [ERROR] Traceback (most recent call last):
2025-12-30 15:42:05,005 [ERROR] Process Process-345:
2025-12-30 15:42:05,005 [ERROR] Process Process-251:
2025-12-30 15:42:05,005 [ERROR] Process Process-222:
2025-12-30 15:42:05,005 [ERROR] Process Process-201:
2025-12-30 15:42:05,005 [ERROR] Process Process-313:
2025-12-30 15:42:05,005 [ERROR]   File "/home/william/miniconda3/envs/llmcompass/lib/python3.9/multiprocessing/process.py", line 315, in _bootstrap
    self.run()
2025-12-30 15:42:05,005 [ERROR]   File "/home/william/miniconda3/envs/llmcompass/lib/python3.9/multiprocessing/process.py", line 108, in run
    self._target(*self._args, **self._kwargs)
2025-12-30 15:42:05,005 [ERROR] Traceback (most recent call last):
2025-12-30 15:42:05,005 [ERROR]   File "/home/william/LLMCompass_GoldData/ae/figure8/change_memory_bw.py", line 103, in test_memory_bandwidth
    auto_regression_latency_simulated = model_auto_regression.compile_and_simulate(
2025-12-30 15:42:05,005 [ERROR]   File "/home/william/LLMCompass_GoldData/software_model/transformer.py", line 573, in compile_and_simulate
    self.H_matmul0.compile_and_simulate(pcb, compile_mode)
2025-12-30 15:42:05,005 [ERROR] Process Process-352:
2025-12-30 15:42:05,005 [ERROR] Process Process-321:
2025-12-30 15:42:05,005 [ERROR]   File "/home/william/LLMCompass_GoldData/software_model/matmul.py", line 583, in compile_and_simulate
    cycle_count = self.simulate(
2025-12-30 15:42:05,005 [ERROR] Process Process-320:
2025-12-30 15:42:05,005 [ERROR]   File "/home/william/miniconda3/envs/llmcompass/lib/python3.9/multiprocessing/process.py", line 315, in _bootstrap
    self.run()
2025-12-30 15:42:05,005 [ERROR]   File "/home/william/LLMCompass_GoldData/software_model/matmul.py", line 866, in simulate
    l2_tiles[-1, :N_l2_t, -1] = self.L2TileSimulator(
2025-12-30 15:42:05,005 [ERROR]   File "/home/william/miniconda3/envs/llmcompass/lib/python3.9/multiprocessing/process.py", line 108, in run
    self._target(*self._args, **self._kwargs)
2025-12-30 15:42:05,005 [ERROR]   File "/home/william/LLMCompass_GoldData/software_model/matmul.py", line 1005, in __init__
    self.compute_cycle_count = self.simulate_l2_tile_compute_cycle_count(
2025-12-30 15:42:05,005 [ERROR]   File "/home/william/LLMCompass_GoldData/ae/figure8/change_memory_bw.py", line 103, in test_memory_bandwidth
    auto_regression_latency_simulated = model_auto_regression.compile_and_simulate(
2025-12-30 15:42:05,005 [ERROR]   File "/home/william/LLMCompass_GoldData/software_model/matmul.py", line 1058, in simulate_l2_tile_compute_cycle_count
    l1_tiles[-1, :N_l1_t, :K_l1_t] = Matmul.L1TileSimulator(
2025-12-30 15:42:05,005 [ERROR]   File "/home/william/LLMCompass_GoldData/software_model/transformer.py", line 558, in compile_and_simulate
    self.Q_proj.compile_and_simulate(pcb, compile_mode)
2025-12-30 15:42:05,005 [ERROR]   File "/home/william/LLMCompass_GoldData/software_model/matmul.py", line 1308, in __init__
    self.compute_cycle_count = self.simulate_l1_tile_compute_cycle_count(
2025-12-30 15:42:05,005 [ERROR]   File "/home/william/LLMCompass_GoldData/software_model/matmul.py", line 1338, in simulate_l1_tile_compute_cycle_count
    Matmul.simulate_systolic_array_cycle_count(
2025-12-30 15:42:05,005 [ERROR]   File "/home/william/LLMCompass_GoldData/software_model/matmul.py", line 583, in compile_and_simulate
    cycle_count = self.simulate(
2025-12-30 15:42:05,005 [ERROR] Traceback (most recent call last):
2025-12-30 15:42:05,005 [ERROR]   File "/home/william/LLMCompass_GoldData/software_model/matmul.py", line 1405, in simulate_systolic_array_cycle_count
    cycle_count = look_up_table.loc[
2025-12-30 15:42:05,005 [ERROR]   File "/home/william/LLMCompass_GoldData/software_model/matmul.py", line 836, in simulate
    l2_tiles[:M_l2_t, -1, :K_l2_t] = self.L2TileSimulator(
2025-12-30 15:42:05,005 [ERROR]   File "/home/william/miniconda3/envs/llmcompass/lib/python3.9/site-packages/pandas/core/indexing.py", line 1185, in __getitem__
    return self._getitem_tuple(key)
2025-12-30 15:42:05,005 [ERROR]   File "/home/william/LLMCompass_GoldData/software_model/matmul.py", line 1005, in __init__
    self.compute_cycle_count = self.simulate_l2_tile_compute_cycle_count(
2025-12-30 15:42:05,005 [ERROR]   File "/home/william/miniconda3/envs/llmcompass/lib/python3.9/multiprocessing/process.py", line 315, in _bootstrap
    self.run()
2025-12-30 15:42:05,005 [ERROR]   File "/home/william/miniconda3/envs/llmcompass/lib/python3.9/site-packages/pandas/core/indexing.py", line 1369, in _getitem_tuple
    return self._getitem_lowerdim(tup)
2025-12-30 15:42:05,005 [ERROR]   File "/home/william/LLMCompass_GoldData/software_model/matmul.py", line 1235, in simulate_l2_tile_compute_cycle_count
    current_batch_K_N_read_count = np.sum(
2025-12-30 15:42:05,005 [ERROR]   File "/home/william/miniconda3/envs/llmcompass/lib/python3.9/site-packages/pandas/core/indexing.py", line 1042, in _getitem_lowerdim
    return self._getitem_nested_tuple(tup)
2025-12-30 15:42:05,005 [ERROR]   File "/home/william/miniconda3/envs/llmcompass/lib/python3.9/multiprocessing/process.py", line 108, in run
    self._target(*self._args, **self._kwargs)
2025-12-30 15:42:05,005 [ERROR]   File "/home/william/miniconda3/envs/llmcompass/lib/python3.9/site-packages/numpy/_core/fromnumeric.py", line 2389, in sum
    return _wrapreduction(
2025-12-30 15:42:05,005 [ERROR]   File "/home/william/miniconda3/envs/llmcompass/lib/python3.9/site-packages/pandas/core/indexing.py", line 1150, in _getitem_nested_tuple
    if com.is_null_slice(key):
2025-12-30 15:42:05,005 [ERROR]   File "/home/william/LLMCompass_GoldData/ae/figure8/change_memory_bw.py", line 103, in test_memory_bandwidth
    auto_regression_latency_simulated = model_auto_regression.compile_and_simulate(
2025-12-30 15:42:05,005 [ERROR]   File "/home/william/miniconda3/envs/llmcompass/lib/python3.9/site-packages/numpy/_core/fromnumeric.py", line 69, in _wrapreduction
    def _wrapreduction(obj, ufunc, method, axis, dtype, out, **kwargs):
2025-12-30 15:42:05,005 [ERROR]   File "/home/william/LLMCompass_GoldData/software_model/transformer.py", line 558, in compile_and_simulate
    self.Q_proj.compile_and_simulate(pcb, compile_mode)
2025-12-30 15:42:05,005 [ERROR] KeyboardInterrupt
2025-12-30 15:42:05,005 [ERROR] KeyboardInterrupt
2025-12-30 15:42:05,005 [ERROR]   File "/home/william/LLMCompass_GoldData/software_model/matmul.py", line 583, in compile_and_simulate
    cycle_count = self.simulate(
2025-12-30 15:42:05,005 [ERROR]   File "/home/william/LLMCompass_GoldData/software_model/matmul.py", line 957, in simulate
    previous_k = k
2025-12-30 15:42:05,005 [ERROR] KeyboardInterrupt
2025-12-30 15:42:05,005 [ERROR] Traceback (most recent call last):
2025-12-30 15:42:05,005 [ERROR] Traceback (most recent call last):
2025-12-30 15:42:05,006 [ERROR]   File "/home/william/miniconda3/envs/llmcompass/lib/python3.9/multiprocessing/process.py", line 315, in _bootstrap
    self.run()
2025-12-30 15:42:05,005 [ERROR] Traceback (most recent call last):
2025-12-30 15:42:05,005 [ERROR] Traceback (most recent call last):
2025-12-30 15:42:05,006 [ERROR]   File "/home/william/miniconda3/envs/llmcompass/lib/python3.9/multiprocessing/process.py", line 108, in run
    self._target(*self._args, **self._kwargs)
2025-12-30 15:42:05,006 [ERROR] Traceback (most recent call last):
2025-12-30 15:42:05,006 [ERROR]   File "/home/william/miniconda3/envs/llmcompass/lib/python3.9/multiprocessing/process.py", line 315, in _bootstrap
    self.run()
2025-12-30 15:42:05,006 [ERROR] Traceback (most recent call last):
2025-12-30 15:42:05,006 [ERROR]   File "/home/william/LLMCompass_GoldData/ae/figure8/change_memory_bw.py", line 103, in test_memory_bandwidth
    auto_regression_latency_simulated = model_auto_regression.compile_and_simulate(
2025-12-30 15:42:05,006 [ERROR]   File "/home/william/miniconda3/envs/llmcompass/lib/python3.9/multiprocessing/process.py", line 315, in _bootstrap
    self.run()
2025-12-30 15:42:05,006 [ERROR]   File "/home/william/miniconda3/envs/llmcompass/lib/python3.9/multiprocessing/process.py", line 108, in run
    self._target(*self._args, **self._kwargs)
2025-12-30 15:42:05,006 [ERROR]   File "/home/william/LLMCompass_GoldData/software_model/transformer.py", line 558, in compile_and_simulate
    self.Q_proj.compile_and_simulate(pcb, compile_mode)
2025-12-30 15:42:05,006 [ERROR]   File "/home/william/miniconda3/envs/llmcompass/lib/python3.9/multiprocessing/process.py", line 315, in _bootstrap
    self.run()
2025-12-30 15:42:05,006 [ERROR]   File "/home/william/LLMCompass_GoldData/ae/figure8/change_memory_bw.py", line 103, in test_memory_bandwidth
    auto_regression_latency_simulated = model_auto_regression.compile_and_simulate(
2025-12-30 15:42:05,006 [ERROR]   File "/home/william/miniconda3/envs/llmcompass/lib/python3.9/multiprocessing/process.py", line 315, in _bootstrap
    self.run()
2025-12-30 15:42:05,006 [ERROR]   File "/home/william/miniconda3/envs/llmcompass/lib/python3.9/multiprocessing/process.py", line 315, in _bootstrap
    self.run()
2025-12-30 15:42:05,006 [ERROR]   File "/home/william/miniconda3/envs/llmcompass/lib/python3.9/multiprocessing/process.py", line 108, in run
    self._target(*self._args, **self._kwargs)
2025-12-30 15:42:05,006 [ERROR]   File "/home/william/LLMCompass_GoldData/software_model/matmul.py", line 583, in compile_and_simulate
    cycle_count = self.simulate(
2025-12-30 15:42:05,006 [ERROR]   File "/home/william/LLMCompass_GoldData/software_model/transformer.py", line 573, in compile_and_simulate
    self.H_matmul0.compile_and_simulate(pcb, compile_mode)
2025-12-30 15:42:05,006 [ERROR]   File "/home/william/miniconda3/envs/llmcompass/lib/python3.9/multiprocessing/process.py", line 108, in run
    self._target(*self._args, **self._kwargs)
2025-12-30 15:42:05,006 [ERROR]   File "/home/william/miniconda3/envs/llmcompass/lib/python3.9/multiprocessing/process.py", line 108, in run
    self._target(*self._args, **self._kwargs)
2025-12-30 15:42:05,006 [ERROR]   File "/home/william/LLMCompass_GoldData/ae/figure8/change_memory_bw.py", line 103, in test_memory_bandwidth
    auto_regression_latency_simulated = model_auto_regression.compile_and_simulate(
2025-12-30 15:42:05,006 [ERROR]   File "/home/william/miniconda3/envs/llmcompass/lib/python3.9/multiprocessing/process.py", line 108, in run
    self._target(*self._args, **self._kwargs)
2025-12-30 15:42:05,006 [ERROR]   File "/home/william/LLMCompass_GoldData/software_model/matmul.py", line 915, in simulate
    previous_l2_tile = l2_tiles[previous_m, previous_n, previous_k]
2025-12-30 15:42:05,006 [ERROR]   File "/home/william/LLMCompass_GoldData/software_model/matmul.py", line 583, in compile_and_simulate
    cycle_count = self.simulate(
2025-12-30 15:42:05,006 [ERROR] Traceback (most recent call last):
2025-12-30 15:42:05,006 [ERROR] Traceback (most recent call last):
2025-12-30 15:42:05,006 [ERROR]   File "/home/william/LLMCompass_GoldData/ae/figure8/change_memory_bw.py", line 103, in test_memory_bandwidth
    auto_regression_latency_simulated = model_auto_regression.compile_and_simulate(
2025-12-30 15:42:05,006 [ERROR] Traceback (most recent call last):
2025-12-30 15:42:05,006 [ERROR]   File "/home/william/LLMCompass_GoldData/software_model/transformer.py", line 573, in compile_and_simulate
    self.H_matmul0.compile_and_simulate(pcb, compile_mode)
2025-12-30 15:42:05,006 [ERROR]   File "/home/william/LLMCompass_GoldData/ae/figure8/change_memory_bw.py", line 103, in test_memory_bandwidth
    auto_regression_latency_simulated = model_auto_regression.compile_and_simulate(
2025-12-30 15:42:05,006 [ERROR]   File "/home/william/LLMCompass_GoldData/ae/figure8/change_memory_bw.py", line 103, in test_memory_bandwidth
    auto_regression_latency_simulated = model_auto_regression.compile_and_simulate(
2025-12-30 15:42:05,006 [ERROR] Traceback (most recent call last):
2025-12-30 15:42:05,006 [ERROR]   File "/home/william/LLMCompass_GoldData/software_model/matmul.py", line 914, in simulate
    l2_tile = l2_tiles[m, n, k]
2025-12-30 15:42:05,006 [ERROR] KeyboardInterrupt
2025-12-30 15:42:05,006 [ERROR]   File "/home/william/miniconda3/envs/llmcompass/lib/python3.9/multiprocessing/process.py", line 315, in _bootstrap
    self.run()
2025-12-30 15:42:05,006 [ERROR]   File "/home/william/LLMCompass_GoldData/software_model/transformer.py", line 573, in compile_and_simulate
    self.H_matmul0.compile_and_simulate(pcb, compile_mode)
2025-12-30 15:42:05,006 [ERROR] Process Process-350:
2025-12-30 15:42:05,006 [ERROR]   File "/home/william/LLMCompass_GoldData/software_model/matmul.py", line 583, in compile_and_simulate
    cycle_count = self.simulate(
2025-12-30 15:42:05,006 [ERROR]   File "/home/william/LLMCompass_GoldData/software_model/transformer.py", line 573, in compile_and_simulate
    self.H_matmul0.compile_and_simulate(pcb, compile_mode)
2025-12-30 15:42:05,006 [ERROR] Process Process-21:
2025-12-30 15:42:05,006 [ERROR]   File "/home/william/LLMCompass_GoldData/software_model/transformer.py", line 573, in compile_and_simulate
    self.H_matmul0.compile_and_simulate(pcb, compile_mode)
2025-12-30 15:42:05,006 [ERROR] KeyboardInterrupt
2025-12-30 15:42:04,994 [ERROR] Process Process-267:
2025-12-30 15:42:05,006 [ERROR]   File "/home/william/LLMCompass_GoldData/software_model/matmul.py", line 583, in compile_and_simulate
    cycle_count = self.simulate(
2025-12-30 15:42:05,006 [ERROR]   File "/home/william/miniconda3/envs/llmcompass/lib/python3.9/multiprocessing/process.py", line 315, in _bootstrap
    self.run()
2025-12-30 15:42:05,006 [ERROR]   File "/home/william/miniconda3/envs/llmcompass/lib/python3.9/multiprocessing/process.py", line 108, in run
    self._target(*self._args, **self._kwargs)
2025-12-30 15:42:05,006 [ERROR]   File "/home/william/LLMCompass_GoldData/software_model/matmul.py", line 911, in simulate
    if m == 0 and n == 0 and k == 0:
2025-12-30 15:42:05,006 [ERROR]   File "/home/william/LLMCompass_GoldData/software_model/matmul.py", line 583, in compile_and_simulate
    cycle_count = self.simulate(
2025-12-30 15:42:05,006 [ERROR]   File "/home/william/miniconda3/envs/llmcompass/lib/python3.9/multiprocessing/process.py", line 315, in _bootstrap
    self.run()
2025-12-30 15:42:05,006 [ERROR]   File "/home/william/miniconda3/envs/llmcompass/lib/python3.9/multiprocessing/process.py", line 315, in _bootstrap
    self.run()
2025-12-30 15:42:05,006 [ERROR]   File "/home/william/LLMCompass_GoldData/software_model/matmul.py", line 583, in compile_and_simulate
    cycle_count = self.simulate(
2025-12-30 15:42:05,006 [ERROR]   File "/home/william/LLMCompass_GoldData/software_model/matmul.py", line 826, in simulate
    l2_tiles[-1, :N_l2_t, :K_l2_t] = self.L2TileSimulator(
2025-12-30 15:42:05,006 [ERROR]   File "/home/william/miniconda3/envs/llmcompass/lib/python3.9/multiprocessing/process.py", line 108, in run
    self._target(*self._args, **self._kwargs)
2025-12-30 15:42:05,006 [ERROR]   File "/home/william/LLMCompass_GoldData/software_model/matmul.py", line 957, in simulate
    previous_k = k
2025-12-30 15:42:05,006 [ERROR]   File "/home/william/LLMCompass_GoldData/ae/figure8/change_memory_bw.py", line 103, in test_memory_bandwidth
    auto_regression_latency_simulated = model_auto_regression.compile_and_simulate(
2025-12-30 15:42:05,006 [ERROR]   File "/home/william/miniconda3/envs/llmcompass/lib/python3.9/multiprocessing/process.py", line 108, in run
    self._target(*self._args, **self._kwargs)
2025-12-30 15:42:05,006 [ERROR] KeyboardInterrupt
2025-12-30 15:42:05,006 [ERROR]   File "/home/william/LLMCompass_GoldData/software_model/matmul.py", line 943, in simulate
    max(
2025-12-30 15:42:05,006 [ERROR]   File "/home/william/LLMCompass_GoldData/software_model/matmul.py", line 1005, in __init__
    self.compute_cycle_count = self.simulate_l2_tile_compute_cycle_count(
2025-12-30 15:42:05,006 [ERROR]   File "/home/william/miniconda3/envs/llmcompass/lib/python3.9/multiprocessing/process.py", line 108, in run
    self._target(*self._args, **self._kwargs)
2025-12-30 15:42:05,006 [ERROR]   File "/home/william/LLMCompass_GoldData/ae/figure8/change_memory_bw.py", line 103, in test_memory_bandwidth
    auto_regression_latency_simulated = model_auto_regression.compile_and_simulate(
2025-12-30 15:42:05,006 [ERROR]   File "/home/william/LLMCompass_GoldData/software_model/transformer.py", line 573, in compile_and_simulate
    self.H_matmul0.compile_and_simulate(pcb, compile_mode)
2025-12-30 15:42:05,006 [ERROR]   File "/home/william/LLMCompass_GoldData/ae/figure8/change_memory_bw.py", line 103, in test_memory_bandwidth
    auto_regression_latency_simulated = model_auto_regression.compile_and_simulate(
2025-12-30 15:42:05,006 [ERROR] KeyboardInterrupt
2025-12-30 15:42:05,006 [ERROR]   File "/home/william/LLMCompass_GoldData/software_model/matmul.py", line 1232, in simulate_l2_tile_compute_cycle_count
    (current_batch_Read_M_K * (~previous_batch_Read_M_K))
2025-12-30 15:42:05,006 [ERROR] KeyboardInterrupt
2025-12-30 15:42:05,006 [ERROR]   File "/home/william/LLMCompass_GoldData/ae/figure8/change_memory_bw.py", line 103, in test_memory_bandwidth
    auto_regression_latency_simulated = model_auto_regression.compile_and_simulate(
2025-12-30 15:42:05,006 [ERROR]   File "/home/william/LLMCompass_GoldData/software_model/transformer.py", line 558, in compile_and_simulate
    self.Q_proj.compile_and_simulate(pcb, compile_mode)
2025-12-30 15:42:05,006 [ERROR]   File "/home/william/LLMCompass_GoldData/software_model/matmul.py", line 583, in compile_and_simulate
    cycle_count = self.simulate(
2025-12-30 15:42:05,006 [ERROR]   File "/home/william/LLMCompass_GoldData/software_model/transformer.py", line 573, in compile_and_simulate
    self.H_matmul0.compile_and_simulate(pcb, compile_mode)
2025-12-30 15:42:05,006 [ERROR] KeyboardInterrupt
2025-12-30 15:42:05,006 [ERROR]   File "/home/william/LLMCompass_GoldData/software_model/transformer.py", line 573, in compile_and_simulate
    self.H_matmul0.compile_and_simulate(pcb, compile_mode)
2025-12-30 15:42:05,006 [ERROR]   File "/home/william/LLMCompass_GoldData/software_model/matmul.py", line 583, in compile_and_simulate
    cycle_count = self.simulate(
2025-12-30 15:42:05,006 [ERROR]   File "/home/william/LLMCompass_GoldData/software_model/matmul.py", line 583, in compile_and_simulate
    cycle_count = self.simulate(
2025-12-30 15:42:05,006 [ERROR]   File "/home/william/LLMCompass_GoldData/software_model/matmul.py", line 927, in simulate
    current_tile_read_cycle_count += l2_tile.M_N_io_cycle_count
2025-12-30 15:42:05,006 [ERROR]   File "/home/william/LLMCompass_GoldData/software_model/matmul.py", line 583, in compile_and_simulate
    cycle_count = self.simulate(
2025-12-30 15:42:05,006 [ERROR]   File "/home/william/LLMCompass_GoldData/software_model/matmul.py", line 826, in simulate
    l2_tiles[-1, :N_l2_t, :K_l2_t] = self.L2TileSimulator(
2025-12-30 15:42:05,006 [ERROR]   File "/home/william/LLMCompass_GoldData/software_model/matmul.py", line 826, in simulate
    l2_tiles[-1, :N_l2_t, :K_l2_t] = self.L2TileSimulator(
2025-12-30 15:42:05,006 [ERROR] KeyboardInterrupt
2025-12-30 15:42:05,006 [ERROR]   File "/home/william/LLMCompass_GoldData/software_model/matmul.py", line 905, in simulate
    for m, n, k in self.generate_tile_loops(
2025-12-30 15:42:05,006 [ERROR]   File "/home/william/LLMCompass_GoldData/software_model/matmul.py", line 1005, in __init__
    self.compute_cycle_count = self.simulate_l2_tile_compute_cycle_count(
2025-12-30 15:42:05,006 [ERROR]   File "/home/william/LLMCompass_GoldData/software_model/matmul.py", line 1005, in __init__
    self.compute_cycle_count = self.simulate_l2_tile_compute_cycle_count(
2025-12-30 15:42:05,006 [ERROR] Process Process-43:
2025-12-30 15:42:05,006 [ERROR]   File "/home/william/LLMCompass_GoldData/software_model/matmul.py", line 198, in generate_tile_loops
    for m in range(loop_M):
2025-12-30 15:42:05,006 [ERROR]   File "/home/william/LLMCompass_GoldData/software_model/matmul.py", line 1058, in simulate_l2_tile_compute_cycle_count
    l1_tiles[-1, :N_l1_t, :K_l1_t] = Matmul.L1TileSimulator(
2025-12-30 15:42:05,006 [ERROR]   File "/home/william/LLMCompass_GoldData/software_model/matmul.py", line 1213, in simulate_l2_tile_compute_cycle_count
    current_batch_Read_M_K[temp_m, temp_k] = 1
2025-12-30 15:42:05,006 [ERROR]   File "/home/william/LLMCompass_GoldData/software_model/matmul.py", line 1308, in __init__
    self.compute_cycle_count = self.simulate_l1_tile_compute_cycle_count(
2025-12-30 15:42:05,006 [ERROR] KeyboardInterrupt
2025-12-30 15:42:05,006 [ERROR] KeyboardInterrupt
2025-12-30 15:42:05,006 [ERROR]   File "/home/william/LLMCompass_GoldData/software_model/matmul.py", line 1338, in simulate_l1_tile_compute_cycle_count
    Matmul.simulate_systolic_array_cycle_count(
2025-12-30 15:42:05,006 [ERROR]   File "/home/william/LLMCompass_GoldData/software_model/matmul.py", line 1405, in simulate_systolic_array_cycle_count
    cycle_count = look_up_table.loc[
2025-12-30 15:42:05,006 [ERROR]   File "/home/william/miniconda3/envs/llmcompass/lib/python3.9/site-packages/pandas/core/indexing.py", line 1185, in __getitem__
    return self._getitem_tuple(key)
2025-12-30 15:42:05,006 [ERROR]   File "/home/william/miniconda3/envs/llmcompass/lib/python3.9/site-packages/pandas/core/indexing.py", line 1369, in _getitem_tuple
    return self._getitem_lowerdim(tup)
2025-12-30 15:42:05,006 [ERROR]   File "/home/william/miniconda3/envs/llmcompass/lib/python3.9/site-packages/pandas/core/indexing.py", line 1042, in _getitem_lowerdim
    return self._getitem_nested_tuple(tup)
2025-12-30 15:42:05,006 [ERROR]   File "/home/william/miniconda3/envs/llmcompass/lib/python3.9/site-packages/pandas/core/indexing.py", line 1154, in _getitem_nested_tuple
    obj = getattr(obj, self.name)._getitem_axis(key, axis=axis)
2025-12-30 15:42:05,006 [ERROR]   File "/home/william/miniconda3/envs/llmcompass/lib/python3.9/site-packages/pandas/core/indexing.py", line 1432, in _getitem_axis
    return self._get_label(key, axis=axis)
2025-12-30 15:42:05,006 [ERROR]   File "/home/william/miniconda3/envs/llmcompass/lib/python3.9/site-packages/pandas/core/indexing.py", line 1382, in _get_label
    return self.obj.xs(label, axis=axis)
2025-12-30 15:42:05,006 [ERROR]   File "/home/william/miniconda3/envs/llmcompass/lib/python3.9/site-packages/pandas/core/generic.py", line 4309, in xs
    return self[key]
2025-12-30 15:42:05,006 [ERROR]   File "/home/william/miniconda3/envs/llmcompass/lib/python3.9/site-packages/pandas/core/frame.py", line 4086, in __getitem__
    and key in self.columns
2025-12-30 15:42:05,006 [ERROR]   File "/home/william/miniconda3/envs/llmcompass/lib/python3.9/site-packages/pandas/core/indexes/base.py", line 5371, in __contains__
    try:
2025-12-30 15:42:05,006 [ERROR] KeyboardInterrupt
2025-12-30 15:42:05,006 [ERROR] Traceback (most recent call last):
2025-12-30 15:42:05,006 [ERROR] Traceback (most recent call last):
2025-12-30 15:42:05,006 [ERROR] Process Process-78:
2025-12-30 15:42:04,994 [ERROR] Process Process-307:
2025-12-30 15:42:05,006 [ERROR]   File "/home/william/miniconda3/envs/llmcompass/lib/python3.9/multiprocessing/process.py", line 315, in _bootstrap
    self.run()
2025-12-30 15:42:05,007 [ERROR]   File "/home/william/miniconda3/envs/llmcompass/lib/python3.9/multiprocessing/process.py", line 315, in _bootstrap
    self.run()
2025-12-30 15:42:05,007 [ERROR]   File "/home/william/miniconda3/envs/llmcompass/lib/python3.9/multiprocessing/process.py", line 108, in run
    self._target(*self._args, **self._kwargs)
2025-12-30 15:42:05,007 [ERROR]   File "/home/william/miniconda3/envs/llmcompass/lib/python3.9/multiprocessing/process.py", line 108, in run
    self._target(*self._args, **self._kwargs)
2025-12-30 15:42:05,006 [ERROR] Process Process-359:
2025-12-30 15:42:05,007 [ERROR]   File "/home/william/LLMCompass_GoldData/ae/figure8/change_memory_bw.py", line 103, in test_memory_bandwidth
    auto_regression_latency_simulated = model_auto_regression.compile_and_simulate(
2025-12-30 15:42:05,007 [ERROR]   File "/home/william/LLMCompass_GoldData/ae/figure8/change_memory_bw.py", line 103, in test_memory_bandwidth
    auto_regression_latency_simulated = model_auto_regression.compile_and_simulate(
2025-12-30 15:42:05,007 [ERROR]   File "/home/william/LLMCompass_GoldData/software_model/transformer.py", line 573, in compile_and_simulate
    self.H_matmul0.compile_and_simulate(pcb, compile_mode)
2025-12-30 15:42:05,007 [ERROR]   File "/home/william/LLMCompass_GoldData/software_model/transformer.py", line 573, in compile_and_simulate
    self.H_matmul0.compile_and_simulate(pcb, compile_mode)
2025-12-30 15:42:05,007 [ERROR]   File "/home/william/LLMCompass_GoldData/software_model/matmul.py", line 583, in compile_and_simulate
    cycle_count = self.simulate(
2025-12-30 15:42:05,007 [ERROR]   File "/home/william/LLMCompass_GoldData/software_model/matmul.py", line 583, in compile_and_simulate
    cycle_count = self.simulate(
2025-12-30 15:42:05,007 [ERROR]   File "/home/william/LLMCompass_GoldData/software_model/matmul.py", line 914, in simulate
    l2_tile = l2_tiles[m, n, k]
2025-12-30 15:42:05,007 [ERROR]   File "/home/william/LLMCompass_GoldData/software_model/matmul.py", line 826, in simulate
    l2_tiles[-1, :N_l2_t, :K_l2_t] = self.L2TileSimulator(
2025-12-30 15:42:05,007 [ERROR]   File "/home/william/LLMCompass_GoldData/software_model/matmul.py", line 1005, in __init__
    self.compute_cycle_count = self.simulate_l2_tile_compute_cycle_count(
2025-12-30 15:42:05,007 [ERROR] KeyboardInterrupt
2025-12-30 15:42:05,007 [ERROR]   File "/home/william/LLMCompass_GoldData/software_model/matmul.py", line 1058, in simulate_l2_tile_compute_cycle_count
    l1_tiles[-1, :N_l1_t, :K_l1_t] = Matmul.L1TileSimulator(
2025-12-30 15:42:05,007 [ERROR]   File "/home/william/LLMCompass_GoldData/software_model/matmul.py", line 1308, in __init__
    self.compute_cycle_count = self.simulate_l1_tile_compute_cycle_count(
2025-12-30 15:42:05,007 [ERROR]   File "/home/william/LLMCompass_GoldData/software_model/matmul.py", line 1338, in simulate_l1_tile_compute_cycle_count
    Matmul.simulate_systolic_array_cycle_count(
2025-12-30 15:42:05,007 [ERROR] Traceback (most recent call last):
2025-12-30 15:42:05,007 [ERROR]   File "/home/william/LLMCompass_GoldData/software_model/matmul.py", line 1405, in simulate_systolic_array_cycle_count
    cycle_count = look_up_table.loc[
2025-12-30 15:42:05,007 [ERROR]   File "/home/william/miniconda3/envs/llmcompass/lib/python3.9/site-packages/pandas/core/indexing.py", line 1185, in __getitem__
    return self._getitem_tuple(key)
2025-12-30 15:42:05,007 [ERROR]   File "/home/william/miniconda3/envs/llmcompass/lib/python3.9/site-packages/pandas/core/indexing.py", line 1369, in _getitem_tuple
    return self._getitem_lowerdim(tup)
2025-12-30 15:42:05,007 [ERROR]   File "/home/william/miniconda3/envs/llmcompass/lib/python3.9/multiprocessing/process.py", line 315, in _bootstrap
    self.run()
2025-12-30 15:42:05,007 [ERROR]   File "/home/william/miniconda3/envs/llmcompass/lib/python3.9/site-packages/pandas/core/indexing.py", line 1041, in _getitem_lowerdim
    if self._is_nested_tuple_indexer(tup):
2025-12-30 15:42:05,007 [ERROR]   File "/home/william/miniconda3/envs/llmcompass/lib/python3.9/multiprocessing/process.py", line 108, in run
    self._target(*self._args, **self._kwargs)
2025-12-30 15:42:05,007 [ERROR]   File "/home/william/miniconda3/envs/llmcompass/lib/python3.9/site-packages/pandas/core/indexing.py", line 983, in _is_nested_tuple_indexer
    return any(is_nested_tuple(tup, ax) for ax in self.obj.axes)
2025-12-30 15:42:05,007 [ERROR]   File "/home/william/LLMCompass_GoldData/ae/figure8/change_memory_bw.py", line 103, in test_memory_bandwidth
    auto_regression_latency_simulated = model_auto_regression.compile_and_simulate(
2025-12-30 15:42:05,007 [ERROR] Traceback (most recent call last):
2025-12-30 15:42:05,007 [ERROR] Process Process-80:
2025-12-30 15:42:05,007 [ERROR] Process Process-83:
2025-12-30 15:42:05,007 [ERROR] Process Process-99:
2025-12-30 15:42:05,007 [ERROR]   File "/home/william/LLMCompass_GoldData/software_model/transformer.py", line 558, in compile_and_simulate
    self.Q_proj.compile_and_simulate(pcb, compile_mode)
2025-12-30 15:42:05,007 [ERROR] Process Process-285:
2025-12-30 15:42:05,007 [ERROR] Process Process-215:
2025-12-30 15:42:05,007 [ERROR] Process Process-232:
2025-12-30 15:42:05,007 [ERROR] KeyboardInterrupt
2025-12-30 15:42:05,007 [ERROR]   File "/home/william/LLMCompass_GoldData/software_model/matmul.py", line 583, in compile_and_simulate
    cycle_count = self.simulate(
2025-12-30 15:42:05,007 [ERROR]   File "/home/william/miniconda3/envs/llmcompass/lib/python3.9/multiprocessing/process.py", line 315, in _bootstrap
    self.run()
2025-12-30 15:42:05,007 [ERROR]   File "/home/william/LLMCompass_GoldData/software_model/matmul.py", line 826, in simulate
    l2_tiles[-1, :N_l2_t, :K_l2_t] = self.L2TileSimulator(
2025-12-30 15:42:05,007 [ERROR]   File "/home/william/LLMCompass_GoldData/software_model/matmul.py", line 1005, in __init__
    self.compute_cycle_count = self.simulate_l2_tile_compute_cycle_count(
2025-12-30 15:42:05,007 [ERROR]   File "/home/william/miniconda3/envs/llmcompass/lib/python3.9/multiprocessing/process.py", line 108, in run
    self._target(*self._args, **self._kwargs)
2025-12-30 15:42:05,007 [ERROR]   File "/home/william/LLMCompass_GoldData/software_model/matmul.py", line 1058, in simulate_l2_tile_compute_cycle_count
    l1_tiles[-1, :N_l1_t, :K_l1_t] = Matmul.L1TileSimulator(
2025-12-30 15:42:05,007 [ERROR]   File "/home/william/LLMCompass_GoldData/software_model/matmul.py", line 1308, in __init__
    self.compute_cycle_count = self.simulate_l1_tile_compute_cycle_count(
2025-12-30 15:42:05,007 [ERROR]   File "/home/william/LLMCompass_GoldData/ae/figure8/change_memory_bw.py", line 103, in test_memory_bandwidth
    auto_regression_latency_simulated = model_auto_regression.compile_and_simulate(
2025-12-30 15:42:05,007 [ERROR]   File "/home/william/LLMCompass_GoldData/software_model/matmul.py", line 1338, in simulate_l1_tile_compute_cycle_count
    Matmul.simulate_systolic_array_cycle_count(
2025-12-30 15:42:05,007 [ERROR]   File "/home/william/LLMCompass_GoldData/software_model/transformer.py", line 558, in compile_and_simulate
    self.Q_proj.compile_and_simulate(pcb, compile_mode)
2025-12-30 15:42:05,007 [ERROR]   File "/home/william/LLMCompass_GoldData/software_model/matmul.py", line 1405, in simulate_systolic_array_cycle_count
    cycle_count = look_up_table.loc[
2025-12-30 15:42:05,007 [ERROR]   File "/home/william/LLMCompass_GoldData/software_model/matmul.py", line 583, in compile_and_simulate
    cycle_count = self.simulate(
2025-12-30 15:42:05,007 [ERROR]   File "/home/william/miniconda3/envs/llmcompass/lib/python3.9/site-packages/pandas/core/indexing.py", line 1182, in __getitem__
    key = tuple(com.apply_if_callable(x, self.obj) for x in key)
2025-12-30 15:42:05,007 [ERROR]   File "/home/william/LLMCompass_GoldData/software_model/matmul.py", line 826, in simulate
    l2_tiles[-1, :N_l2_t, :K_l2_t] = self.L2TileSimulator(
2025-12-30 15:42:05,007 [ERROR]   File "/home/william/miniconda3/envs/llmcompass/lib/python3.9/site-packages/pandas/core/indexing.py", line 1182, in <genexpr>
    key = tuple(com.apply_if_callable(x, self.obj) for x in key)
2025-12-30 15:42:05,007 [ERROR]   File "/home/william/LLMCompass_GoldData/software_model/matmul.py", line 1005, in __init__
    self.compute_cycle_count = self.simulate_l2_tile_compute_cycle_count(
2025-12-30 15:42:05,007 [ERROR] KeyboardInterrupt
2025-12-30 15:42:05,007 [ERROR]   File "/home/william/LLMCompass_GoldData/software_model/matmul.py", line 1246, in simulate_l2_tile_compute_cycle_count
    previous_batch_M_N_write_count = np.sum(
2025-12-30 15:42:05,007 [ERROR] Traceback (most recent call last):
2025-12-30 15:42:05,007 [ERROR] Traceback (most recent call last):
2025-12-30 15:42:05,007 [ERROR]   File "/home/william/miniconda3/envs/llmcompass/lib/python3.9/site-packages/numpy/_core/fromnumeric.py", line 2389, in sum
    return _wrapreduction(
2025-12-30 15:42:05,007 [ERROR] Traceback (most recent call last):
2025-12-30 15:42:05,007 [ERROR]   File "/home/william/miniconda3/envs/llmcompass/lib/python3.9/site-packages/numpy/_core/fromnumeric.py", line 73, in _wrapreduction
    if type(obj) is not mu.ndarray:
2025-12-30 15:42:05,007 [ERROR]   File "/home/william/miniconda3/envs/llmcompass/lib/python3.9/multiprocessing/process.py", line 315, in _bootstrap
    self.run()
2025-12-30 15:42:05,007 [ERROR]   File "/home/william/miniconda3/envs/llmcompass/lib/python3.9/multiprocessing/process.py", line 315, in _bootstrap
    self.run()
2025-12-30 15:42:05,007 [ERROR] KeyboardInterrupt
2025-12-30 15:42:05,007 [ERROR] Traceback (most recent call last):
2025-12-30 15:42:05,007 [ERROR]   File "/home/william/miniconda3/envs/llmcompass/lib/python3.9/multiprocessing/process.py", line 108, in run
    self._target(*self._args, **self._kwargs)
2025-12-30 15:42:05,007 [ERROR]   File "/home/william/miniconda3/envs/llmcompass/lib/python3.9/multiprocessing/process.py", line 315, in _bootstrap
    self.run()
2025-12-30 15:42:05,007 [ERROR]   File "/home/william/miniconda3/envs/llmcompass/lib/python3.9/multiprocessing/process.py", line 108, in run
    self._target(*self._args, **self._kwargs)
2025-12-30 15:42:05,007 [ERROR]   File "/home/william/LLMCompass_GoldData/ae/figure8/change_memory_bw.py", line 103, in test_memory_bandwidth
    auto_regression_latency_simulated = model_auto_regression.compile_and_simulate(
2025-12-30 15:42:05,007 [ERROR]   File "/home/william/LLMCompass_GoldData/ae/figure8/change_memory_bw.py", line 103, in test_memory_bandwidth
    auto_regression_latency_simulated = model_auto_regression.compile_and_simulate(
2025-12-30 15:42:05,007 [ERROR]   File "/home/william/miniconda3/envs/llmcompass/lib/python3.9/multiprocessing/process.py", line 108, in run
    self._target(*self._args, **self._kwargs)
2025-12-30 15:42:05,007 [ERROR]   File "/home/william/LLMCompass_GoldData/software_model/transformer.py", line 558, in compile_and_simulate
    self.Q_proj.compile_and_simulate(pcb, compile_mode)
2025-12-30 15:42:05,007 [ERROR]   File "/home/william/LLMCompass_GoldData/software_model/transformer.py", line 558, in compile_and_simulate
    self.Q_proj.compile_and_simulate(pcb, compile_mode)
2025-12-30 15:42:05,007 [ERROR]   File "/home/william/LLMCompass_GoldData/ae/figure8/change_memory_bw.py", line 103, in test_memory_bandwidth
    auto_regression_latency_simulated = model_auto_regression.compile_and_simulate(
2025-12-30 15:42:05,007 [ERROR]   File "/home/william/miniconda3/envs/llmcompass/lib/python3.9/multiprocessing/process.py", line 315, in _bootstrap
    self.run()
2025-12-30 15:42:05,007 [ERROR]   File "/home/william/LLMCompass_GoldData/software_model/matmul.py", line 583, in compile_and_simulate
    cycle_count = self.simulate(
2025-12-30 15:42:05,007 [ERROR]   File "/home/william/LLMCompass_GoldData/software_model/matmul.py", line 583, in compile_and_simulate
    cycle_count = self.simulate(
2025-12-30 15:42:05,007 [ERROR]   File "/home/william/LLMCompass_GoldData/software_model/transformer.py", line 578, in compile_and_simulate
    self.H_matmul1.compile_and_simulate(pcb, compile_mode)
2025-12-30 15:42:05,007 [ERROR]   File "/home/william/miniconda3/envs/llmcompass/lib/python3.9/multiprocessing/process.py", line 108, in run
    self._target(*self._args, **self._kwargs)
2025-12-30 15:42:05,007 [ERROR]   File "/home/william/LLMCompass_GoldData/software_model/matmul.py", line 943, in simulate
    max(
2025-12-30 15:42:05,007 [ERROR]   File "/home/william/LLMCompass_GoldData/software_model/matmul.py", line 846, in simulate
    l2_tiles[:M_l2_t, :N_l2_t, -1] = self.L2TileSimulator(
2025-12-30 15:42:05,007 [ERROR]   File "/home/william/LLMCompass_GoldData/software_model/matmul.py", line 583, in compile_and_simulate
    cycle_count = self.simulate(
2025-12-30 15:42:05,007 [ERROR]   File "/home/william/LLMCompass_GoldData/software_model/matmul.py", line 1005, in __init__
    self.compute_cycle_count = self.simulate_l2_tile_compute_cycle_count(
2025-12-30 15:42:05,007 [ERROR]   File "/home/william/LLMCompass_GoldData/software_model/matmul.py", line 846, in simulate
    l2_tiles[:M_l2_t, :N_l2_t, -1] = self.L2TileSimulator(
2025-12-30 15:42:05,007 [ERROR] KeyboardInterrupt
2025-12-30 15:42:05,007 [ERROR]   File "/home/william/LLMCompass_GoldData/software_model/matmul.py", line 1211, in simulate_l2_tile_compute_cycle_count
    for i in range(len(active_l1_tile_list)):
2025-12-30 15:42:05,007 [ERROR]   File "/home/william/LLMCompass_GoldData/software_model/matmul.py", line 1005, in __init__
    self.compute_cycle_count = self.simulate_l2_tile_compute_cycle_count(
2025-12-30 15:42:05,007 [ERROR]   File "/home/william/LLMCompass_GoldData/software_model/matmul.py", line 1048, in simulate_l2_tile_compute_cycle_count
    l1_tiles[:M_l1_t, :N_l1_t, :K_l1_t] = Matmul.L1TileSimulator(
2025-12-30 15:42:05,007 [ERROR] KeyboardInterrupt
2025-12-30 15:42:05,007 [ERROR]   File "/home/william/LLMCompass_GoldData/ae/figure8/change_memory_bw.py", line 103, in test_memory_bandwidth
    auto_regression_latency_simulated = model_auto_regression.compile_and_simulate(
2025-12-30 15:42:05,007 [ERROR]   File "/home/william/LLMCompass_GoldData/software_model/matmul.py", line 1308, in __init__
    self.compute_cycle_count = self.simulate_l1_tile_compute_cycle_count(
2025-12-30 15:42:05,007 [ERROR]   File "/home/william/LLMCompass_GoldData/software_model/transformer.py", line 583, in compile_and_simulate
    self.H_matmul2.compile_and_simulate(pcb, compile_mode)
2025-12-30 15:42:05,007 [ERROR]   File "/home/william/LLMCompass_GoldData/software_model/matmul.py", line 1338, in simulate_l1_tile_compute_cycle_count
    Matmul.simulate_systolic_array_cycle_count(
2025-12-30 15:42:05,007 [ERROR]   File "/home/william/LLMCompass_GoldData/software_model/matmul.py", line 588, in compile_and_simulate
    end = time.time()
2025-12-30 15:42:05,007 [ERROR]   File "/home/william/LLMCompass_GoldData/software_model/matmul.py", line 1405, in simulate_systolic_array_cycle_count
    cycle_count = look_up_table.loc[
2025-12-30 15:42:05,007 [ERROR]   File "/home/william/miniconda3/envs/llmcompass/lib/python3.9/site-packages/pandas/core/indexing.py", line 1185, in __getitem__
    return self._getitem_tuple(key)
2025-12-30 15:42:05,007 [ERROR] KeyboardInterrupt
2025-12-30 15:42:05,007 [ERROR] Traceback (most recent call last):
2025-12-30 15:42:05,007 [ERROR] Traceback (most recent call last):
2025-12-30 15:42:05,007 [ERROR]   File "/home/william/miniconda3/envs/llmcompass/lib/python3.9/site-packages/pandas/core/indexing.py", line 1369, in _getitem_tuple
    return self._getitem_lowerdim(tup)
2025-12-30 15:42:05,007 [ERROR] Traceback (most recent call last):
2025-12-30 15:42:05,007 [ERROR]   File "/home/william/miniconda3/envs/llmcompass/lib/python3.9/site-packages/pandas/core/indexing.py", line 1042, in _getitem_lowerdim
    return self._getitem_nested_tuple(tup)
2025-12-30 15:42:05,007 [ERROR]   File "/home/william/miniconda3/envs/llmcompass/lib/python3.9/multiprocessing/process.py", line 315, in _bootstrap
    self.run()
2025-12-30 15:42:05,008 [ERROR]   File "/home/william/miniconda3/envs/llmcompass/lib/python3.9/site-packages/pandas/core/indexing.py", line 1154, in _getitem_nested_tuple
    obj = getattr(obj, self.name)._getitem_axis(key, axis=axis)
2025-12-30 15:42:05,007 [ERROR]   File "/home/william/miniconda3/envs/llmcompass/lib/python3.9/multiprocessing/process.py", line 315, in _bootstrap
    self.run()
2025-12-30 15:42:05,008 [ERROR]   File "/home/william/miniconda3/envs/llmcompass/lib/python3.9/multiprocessing/process.py", line 315, in _bootstrap
    self.run()
2025-12-30 15:42:05,007 [ERROR] Traceback (most recent call last):
2025-12-30 15:42:05,008 [ERROR]   File "/home/william/miniconda3/envs/llmcompass/lib/python3.9/site-packages/pandas/core/indexing.py", line 1413, in _getitem_axis
    elif com.is_bool_indexer(key):
2025-12-30 15:42:05,008 [ERROR]   File "/home/william/miniconda3/envs/llmcompass/lib/python3.9/multiprocessing/process.py", line 108, in run
    self._target(*self._args, **self._kwargs)
2025-12-30 15:42:05,008 [ERROR]   File "/home/william/miniconda3/envs/llmcompass/lib/python3.9/multiprocessing/process.py", line 108, in run
    self._target(*self._args, **self._kwargs)
2025-12-30 15:42:05,008 [ERROR]   File "/home/william/miniconda3/envs/llmcompass/lib/python3.9/multiprocessing/process.py", line 108, in run
    self._target(*self._args, **self._kwargs)
2025-12-30 15:42:05,008 [ERROR]   File "/home/william/miniconda3/envs/llmcompass/lib/python3.9/site-packages/pandas/core/common.py", line 126, in is_bool_indexer
    key, (ABCSeries, np.ndarray, ABCIndex, ABCExtensionArray)
2025-12-30 15:42:05,008 [ERROR] Traceback (most recent call last):
2025-12-30 15:42:05,008 [ERROR]   File "/home/william/LLMCompass_GoldData/ae/figure8/change_memory_bw.py", line 103, in test_memory_bandwidth
    auto_regression_latency_simulated = model_auto_regression.compile_and_simulate(
2025-12-30 15:42:05,008 [ERROR]   File "/home/william/LLMCompass_GoldData/ae/figure8/change_memory_bw.py", line 103, in test_memory_bandwidth
    auto_regression_latency_simulated = model_auto_regression.compile_and_simulate(
2025-12-30 15:42:05,008 [ERROR]   File "/home/william/LLMCompass_GoldData/ae/figure8/change_memory_bw.py", line 103, in test_memory_bandwidth
    auto_regression_latency_simulated = model_auto_regression.compile_and_simulate(
2025-12-30 15:42:05,008 [ERROR]   File "/home/william/LLMCompass_GoldData/software_model/transformer.py", line 573, in compile_and_simulate
    self.H_matmul0.compile_and_simulate(pcb, compile_mode)
2025-12-30 15:42:05,008 [ERROR] KeyboardInterrupt
2025-12-30 15:42:05,008 [ERROR]   File "/home/william/miniconda3/envs/llmcompass/lib/python3.9/multiprocessing/process.py", line 315, in _bootstrap
    self.run()
2025-12-30 15:42:05,008 [ERROR]   File "/home/william/LLMCompass_GoldData/software_model/transformer.py", line 573, in compile_and_simulate
    self.H_matmul0.compile_and_simulate(pcb, compile_mode)
2025-12-30 15:42:05,008 [ERROR]   File "/home/william/LLMCompass_GoldData/software_model/transformer.py", line 573, in compile_and_simulate
    self.H_matmul0.compile_and_simulate(pcb, compile_mode)
2025-12-30 15:42:05,008 [ERROR]   File "/home/william/LLMCompass_GoldData/software_model/matmul.py", line 583, in compile_and_simulate
    cycle_count = self.simulate(
2025-12-30 15:42:05,008 [ERROR]   File "/home/william/miniconda3/envs/llmcompass/lib/python3.9/multiprocessing/process.py", line 108, in run
    self._target(*self._args, **self._kwargs)
2025-12-30 15:42:05,008 [ERROR]   File "/home/william/miniconda3/envs/llmcompass/lib/python3.9/multiprocessing/process.py", line 315, in _bootstrap
    self.run()
2025-12-30 15:42:05,008 [ERROR]   File "/home/william/LLMCompass_GoldData/software_model/matmul.py", line 905, in simulate
    for m, n, k in self.generate_tile_loops(
2025-12-30 15:42:05,008 [ERROR]   File "/home/william/LLMCompass_GoldData/software_model/matmul.py", line 583, in compile_and_simulate
    cycle_count = self.simulate(
2025-12-30 15:42:05,008 [ERROR]   File "/home/william/LLMCompass_GoldData/software_model/matmul.py", line 583, in compile_and_simulate
    cycle_count = self.simulate(
2025-12-30 15:42:05,008 [ERROR]   File "/home/william/LLMCompass_GoldData/software_model/matmul.py", line 197, in generate_tile_loops
    for n in range(loop_N):
2025-12-30 15:42:05,008 [ERROR]   File "/home/william/LLMCompass_GoldData/ae/figure8/change_memory_bw.py", line 103, in test_memory_bandwidth
    auto_regression_latency_simulated = model_auto_regression.compile_and_simulate(
2025-12-30 15:42:05,008 [ERROR]   File "/home/william/miniconda3/envs/llmcompass/lib/python3.9/multiprocessing/process.py", line 108, in run
    self._target(*self._args, **self._kwargs)
2025-12-30 15:42:05,008 [ERROR]   File "/home/william/LLMCompass_GoldData/software_model/matmul.py", line 914, in simulate
    l2_tile = l2_tiles[m, n, k]
2025-12-30 15:42:05,008 [ERROR]   File "/home/william/LLMCompass_GoldData/software_model/matmul.py", line 935, in simulate
    if m == previous_m and n == previous_n:
2025-12-30 15:42:05,008 [ERROR]   File "/home/william/LLMCompass_GoldData/software_model/transformer.py", line 558, in compile_and_simulate
    self.Q_proj.compile_and_simulate(pcb, compile_mode)
2025-12-30 15:42:05,008 [ERROR] KeyboardInterrupt
2025-12-30 15:42:05,008 [ERROR]   File "/home/william/LLMCompass_GoldData/ae/figure8/change_memory_bw.py", line 103, in test_memory_bandwidth
    auto_regression_latency_simulated = model_auto_regression.compile_and_simulate(
2025-12-30 15:42:05,008 [ERROR] KeyboardInterrupt
2025-12-30 15:42:05,008 [ERROR]   File "/home/william/LLMCompass_GoldData/software_model/matmul.py", line 583, in compile_and_simulate
    cycle_count = self.simulate(
2025-12-30 15:42:05,008 [ERROR] KeyboardInterrupt
2025-12-30 15:42:05,008 [ERROR]   File "/home/william/LLMCompass_GoldData/software_model/transformer.py", line 578, in compile_and_simulate
    self.H_matmul1.compile_and_simulate(pcb, compile_mode)
2025-12-30 15:42:05,008 [ERROR]   File "/home/william/LLMCompass_GoldData/software_model/matmul.py", line 846, in simulate
    l2_tiles[:M_l2_t, :N_l2_t, -1] = self.L2TileSimulator(
2025-12-30 15:42:05,008 [ERROR]   File "/home/william/LLMCompass_GoldData/software_model/matmul.py", line 1005, in __init__
    self.compute_cycle_count = self.simulate_l2_tile_compute_cycle_count(
2025-12-30 15:42:05,008 [ERROR]   File "/home/william/LLMCompass_GoldData/software_model/matmul.py", line 583, in compile_and_simulate
    cycle_count = self.simulate(
2025-12-30 15:42:05,008 [ERROR]   File "/home/william/LLMCompass_GoldData/software_model/matmul.py", line 1214, in simulate_l2_tile_compute_cycle_count
    current_batch_Read_K_N[temp_k, temp_n] = 1
2025-12-30 15:42:05,008 [ERROR]   File "/home/william/LLMCompass_GoldData/software_model/matmul.py", line 905, in simulate
    for m, n, k in self.generate_tile_loops(
2025-12-30 15:42:05,008 [ERROR] KeyboardInterrupt
2025-12-30 15:42:05,008 [ERROR]   File "/home/william/LLMCompass_GoldData/software_model/matmul.py", line 199, in generate_tile_loops
    yield m, n, k
2025-12-30 15:42:05,008 [ERROR] KeyboardInterrupt
2025-12-30 15:42:05,008 [ERROR] Process Process-89:
2025-12-30 15:42:05,008 [ERROR] Process Process-209:
2025-12-30 15:42:05,008 [ERROR] Process Process-20:
2025-12-30 15:42:05,008 [ERROR] Process Process-392:
2025-12-30 15:42:05,008 [ERROR] Traceback (most recent call last):
2025-12-30 15:42:05,009 [ERROR]   File "/home/william/miniconda3/envs/llmcompass/lib/python3.9/multiprocessing/process.py", line 315, in _bootstrap
    self.run()
2025-12-30 15:42:05,009 [ERROR] Traceback (most recent call last):
2025-12-30 15:42:05,009 [ERROR]   File "/home/william/miniconda3/envs/llmcompass/lib/python3.9/multiprocessing/process.py", line 108, in run
    self._target(*self._args, **self._kwargs)
2025-12-30 15:42:05,009 [ERROR]   File "/home/william/LLMCompass_GoldData/ae/figure8/change_memory_bw.py", line 103, in test_memory_bandwidth
    auto_regression_latency_simulated = model_auto_regression.compile_and_simulate(
2025-12-30 15:42:05,009 [ERROR]   File "/home/william/miniconda3/envs/llmcompass/lib/python3.9/multiprocessing/process.py", line 315, in _bootstrap
    self.run()
2025-12-30 15:42:05,009 [ERROR]   File "/home/william/LLMCompass_GoldData/software_model/transformer.py", line 573, in compile_and_simulate
    self.H_matmul0.compile_and_simulate(pcb, compile_mode)
2025-12-30 15:42:05,009 [ERROR]   File "/home/william/miniconda3/envs/llmcompass/lib/python3.9/multiprocessing/process.py", line 108, in run
    self._target(*self._args, **self._kwargs)
2025-12-30 15:42:05,009 [ERROR]   File "/home/william/LLMCompass_GoldData/software_model/matmul.py", line 583, in compile_and_simulate
    cycle_count = self.simulate(
2025-12-30 15:42:05,009 [ERROR]   File "/home/william/LLMCompass_GoldData/ae/figure8/change_memory_bw.py", line 103, in test_memory_bandwidth
    auto_regression_latency_simulated = model_auto_regression.compile_and_simulate(
2025-12-30 15:42:05,009 [ERROR]   File "/home/william/LLMCompass_GoldData/software_model/matmul.py", line 826, in simulate
    l2_tiles[-1, :N_l2_t, :K_l2_t] = self.L2TileSimulator(
2025-12-30 15:42:05,009 [ERROR] Process Process-268:
2025-12-30 15:42:05,009 [ERROR]   File "/home/william/LLMCompass_GoldData/software_model/matmul.py", line 1005, in __init__
    self.compute_cycle_count = self.simulate_l2_tile_compute_cycle_count(
2025-12-30 15:42:05,009 [ERROR]   File "/home/william/LLMCompass_GoldData/software_model/transformer.py", line 573, in compile_and_simulate
    self.H_matmul0.compile_and_simulate(pcb, compile_mode)
2025-12-30 15:42:05,009 [ERROR]   File "/home/william/LLMCompass_GoldData/software_model/matmul.py", line 1214, in simulate_l2_tile_compute_cycle_count
    current_batch_Read_K_N[temp_k, temp_n] = 1
2025-12-30 15:42:05,009 [ERROR]   File "/home/william/LLMCompass_GoldData/software_model/matmul.py", line 583, in compile_and_simulate
    cycle_count = self.simulate(
2025-12-30 15:42:05,009 [ERROR] KeyboardInterrupt
2025-12-30 15:42:05,009 [ERROR]   File "/home/william/LLMCompass_GoldData/software_model/matmul.py", line 905, in simulate
    for m, n, k in self.generate_tile_loops(
2025-12-30 15:42:05,009 [ERROR]   File "/home/william/LLMCompass_GoldData/software_model/matmul.py", line 199, in generate_tile_loops
    yield m, n, k
2025-12-30 15:42:05,009 [ERROR] KeyboardInterrupt
2025-12-30 15:42:05,009 [ERROR] Process Process-295:
2025-12-30 15:42:05,009 [ERROR] Process Process-271:
2025-12-30 15:42:05,009 [ERROR] Traceback (most recent call last):
2025-12-30 15:42:05,009 [ERROR]   File "/home/william/miniconda3/envs/llmcompass/lib/python3.9/multiprocessing/process.py", line 315, in _bootstrap
    self.run()
2025-12-30 15:42:05,009 [ERROR] Traceback (most recent call last):
2025-12-30 15:42:05,009 [ERROR]   File "/home/william/miniconda3/envs/llmcompass/lib/python3.9/multiprocessing/process.py", line 108, in run
    self._target(*self._args, **self._kwargs)
2025-12-30 15:42:05,009 [ERROR]   File "/home/william/LLMCompass_GoldData/ae/figure8/change_memory_bw.py", line 103, in test_memory_bandwidth
    auto_regression_latency_simulated = model_auto_regression.compile_and_simulate(
2025-12-30 15:42:05,009 [ERROR]   File "/home/william/miniconda3/envs/llmcompass/lib/python3.9/multiprocessing/process.py", line 315, in _bootstrap
    self.run()
2025-12-30 15:42:05,009 [ERROR]   File "/home/william/LLMCompass_GoldData/software_model/transformer.py", line 558, in compile_and_simulate
    self.Q_proj.compile_and_simulate(pcb, compile_mode)
2025-12-30 15:42:04,998 [ERROR] Traceback (most recent call last):
2025-12-30 15:42:05,009 [ERROR]   File "/home/william/LLMCompass_GoldData/software_model/matmul.py", line 583, in compile_and_simulate
    cycle_count = self.simulate(
2025-12-30 15:42:05,009 [ERROR]   File "/home/william/miniconda3/envs/llmcompass/lib/python3.9/multiprocessing/process.py", line 108, in run
    self._target(*self._args, **self._kwargs)
2025-12-30 15:42:05,009 [ERROR]   File "/home/william/LLMCompass_GoldData/software_model/matmul.py", line 749, in simulate
    self.look_up_table = pd.read_csv(
2025-12-30 15:42:05,009 [ERROR]   File "/home/william/LLMCompass_GoldData/ae/figure8/change_memory_bw.py", line 103, in test_memory_bandwidth
    auto_regression_latency_simulated = model_auto_regression.compile_and_simulate(
2025-12-30 15:42:05,009 [ERROR]   File "/home/william/miniconda3/envs/llmcompass/lib/python3.9/site-packages/pandas/io/parsers/readers.py", line 1026, in read_csv
    return _read(filepath_or_buffer, kwds)
2025-12-30 15:42:05,009 [ERROR]   File "/home/william/LLMCompass_GoldData/software_model/transformer.py", line 573, in compile_and_simulate
    self.H_matmul0.compile_and_simulate(pcb, compile_mode)
2025-12-30 15:42:05,009 [ERROR]   File "/home/william/miniconda3/envs/llmcompass/lib/python3.9/site-packages/pandas/io/parsers/readers.py", line 626, in _read
    return parser.read(nrows)
2025-12-30 15:42:05,009 [ERROR] Process Process-233:
2025-12-30 15:42:05,009 [ERROR]   File "/home/william/LLMCompass_GoldData/software_model/matmul.py", line 583, in compile_and_simulate
    cycle_count = self.simulate(
2025-12-30 15:42:05,009 [ERROR]   File "/home/william/miniconda3/envs/llmcompass/lib/python3.9/site-packages/pandas/io/parsers/readers.py", line 1923, in read
    ) = self._engine.read(  # type: ignore[attr-defined]
2025-12-30 15:42:05,009 [ERROR]   File "/home/william/LLMCompass_GoldData/software_model/matmul.py", line 915, in simulate
    previous_l2_tile = l2_tiles[previous_m, previous_n, previous_k]
2025-12-30 15:42:05,009 [ERROR]   File "/home/william/miniconda3/envs/llmcompass/lib/python3.9/site-packages/pandas/io/parsers/c_parser_wrapper.py", line 234, in read
    chunks = self._reader.read_low_memory(nrows)
2025-12-30 15:42:05,009 [ERROR] Traceback (most recent call last):
2025-12-30 15:42:05,009 [ERROR] KeyboardInterrupt
2025-12-30 15:42:05,009 [ERROR] KeyboardInterrupt
2025-12-30 15:42:05,009 [ERROR]   File "/home/william/miniconda3/envs/llmcompass/lib/python3.9/multiprocessing/process.py", line 315, in _bootstrap
    self.run()
2025-12-30 15:42:05,009 [ERROR]   File "/home/william/miniconda3/envs/llmcompass/lib/python3.9/multiprocessing/process.py", line 315, in _bootstrap
    self.run()
2025-12-30 15:42:05,009 [ERROR]   File "/home/william/miniconda3/envs/llmcompass/lib/python3.9/multiprocessing/process.py", line 108, in run
    self._target(*self._args, **self._kwargs)
2025-12-30 15:42:05,009 [ERROR]   File "/home/william/miniconda3/envs/llmcompass/lib/python3.9/multiprocessing/process.py", line 108, in run
    self._target(*self._args, **self._kwargs)
2025-12-30 15:42:05,009 [ERROR] Traceback (most recent call last):
2025-12-30 15:42:04,994 [ERROR] Process Process-314:
2025-12-30 15:42:05,010 [ERROR]   File "/home/william/LLMCompass_GoldData/ae/figure8/change_memory_bw.py", line 103, in test_memory_bandwidth
    auto_regression_latency_simulated = model_auto_regression.compile_and_simulate(
2025-12-30 15:42:05,010 [ERROR]   File "/home/william/LLMCompass_GoldData/software_model/transformer.py", line 573, in compile_and_simulate
    self.H_matmul0.compile_and_simulate(pcb, compile_mode)
2025-12-30 15:42:05,010 [ERROR]   File "/home/william/miniconda3/envs/llmcompass/lib/python3.9/multiprocessing/process.py", line 315, in _bootstrap
    self.run()
2025-12-30 15:42:05,010 [ERROR]   File "/home/william/LLMCompass_GoldData/software_model/matmul.py", line 583, in compile_and_simulate
    cycle_count = self.simulate(
2025-12-30 15:42:05,010 [ERROR]   File "/home/william/LLMCompass_GoldData/software_model/matmul.py", line 915, in simulate
    previous_l2_tile = l2_tiles[previous_m, previous_n, previous_k]
2025-12-30 15:42:05,010 [ERROR]   File "/home/william/miniconda3/envs/llmcompass/lib/python3.9/multiprocessing/process.py", line 108, in run
    self._target(*self._args, **self._kwargs)
2025-12-30 15:42:05,009 [ERROR]   File "/home/william/LLMCompass_GoldData/ae/figure8/change_memory_bw.py", line 103, in test_memory_bandwidth
    auto_regression_latency_simulated = model_auto_regression.compile_and_simulate(
2025-12-30 15:42:04,994 [ERROR] Process Process-276:
2025-12-30 15:42:05,017 [ERROR]   File "/home/william/LLMCompass_GoldData/software_model/transformer.py", line 573, in compile_and_simulate
    self.H_matmul0.compile_and_simulate(pcb, compile_mode)
2025-12-30 15:42:05,017 [ERROR]   File "/home/william/LLMCompass_GoldData/software_model/matmul.py", line 583, in compile_and_simulate
    cycle_count = self.simulate(
2025-12-30 15:42:05,017 [ERROR]   File "/home/william/LLMCompass_GoldData/software_model/matmul.py", line 926, in simulate
    if k > 0 and not (m == previous_m and n == previous_n):
2025-12-30 15:42:05,017 [ERROR] KeyboardInterrupt
2025-12-30 15:42:05,017 [ERROR] Traceback (most recent call last):
2025-12-30 15:42:05,018 [ERROR]   File "/home/william/miniconda3/envs/llmcompass/lib/python3.9/multiprocessing/process.py", line 315, in _bootstrap
    self.run()
2025-12-30 15:42:05,018 [ERROR]   File "/home/william/miniconda3/envs/llmcompass/lib/python3.9/multiprocessing/process.py", line 108, in run
    self._target(*self._args, **self._kwargs)
2025-12-30 15:42:05,018 [ERROR]   File "/home/william/LLMCompass_GoldData/ae/figure8/change_memory_bw.py", line 103, in test_memory_bandwidth
    auto_regression_latency_simulated = model_auto_regression.compile_and_simulate(
2025-12-30 15:42:05,018 [ERROR]   File "/home/william/LLMCompass_GoldData/software_model/transformer.py", line 573, in compile_and_simulate
    self.H_matmul0.compile_and_simulate(pcb, compile_mode)
2025-12-30 15:42:05,018 [ERROR]   File "/home/william/LLMCompass_GoldData/software_model/matmul.py", line 583, in compile_and_simulate
    cycle_count = self.simulate(
2025-12-30 15:42:05,018 [ERROR]   File "/home/william/LLMCompass_GoldData/software_model/matmul.py", line 938, in simulate
    previous_tile_write_cycle_count = previous_l2_tile.M_N_io_cycle_count
2025-12-30 15:42:05,018 [ERROR] KeyboardInterrupt
2025-12-30 15:42:05,000 [ERROR]   File "/home/william/miniconda3/envs/llmcompass/lib/python3.9/site-packages/pandas/core/common.py", line 316, in is_null_slice
    isinstance(obj, slice)
2025-12-30 15:42:05,019 [ERROR] Traceback (most recent call last):
2025-12-30 15:42:05,020 [ERROR]   File "/home/william/miniconda3/envs/llmcompass/lib/python3.9/multiprocessing/process.py", line 315, in _bootstrap
    self.run()
2025-12-30 15:42:05,020 [ERROR]   File "/home/william/miniconda3/envs/llmcompass/lib/python3.9/multiprocessing/process.py", line 108, in run
    self._target(*self._args, **self._kwargs)
2025-12-30 15:42:05,020 [ERROR]   File "/home/william/LLMCompass_GoldData/ae/figure8/change_memory_bw.py", line 103, in test_memory_bandwidth
    auto_regression_latency_simulated = model_auto_regression.compile_and_simulate(
2025-12-30 15:42:05,020 [ERROR] KeyboardInterrupt
2025-12-30 15:42:05,020 [ERROR]   File "/home/william/LLMCompass_GoldData/software_model/transformer.py", line 558, in compile_and_simulate
    self.Q_proj.compile_and_simulate(pcb, compile_mode)
2025-12-30 15:42:05,020 [ERROR]   File "/home/william/LLMCompass_GoldData/software_model/matmul.py", line 583, in compile_and_simulate
    cycle_count = self.simulate(
2025-12-30 15:42:05,020 [ERROR]   File "/home/william/LLMCompass_GoldData/software_model/matmul.py", line 826, in simulate
    l2_tiles[-1, :N_l2_t, :K_l2_t] = self.L2TileSimulator(
2025-12-30 15:42:05,020 [ERROR]   File "/home/william/LLMCompass_GoldData/software_model/matmul.py", line 1005, in __init__
    self.compute_cycle_count = self.simulate_l2_tile_compute_cycle_count(
2025-12-30 15:42:05,020 [ERROR]   File "/home/william/LLMCompass_GoldData/software_model/matmul.py", line 1058, in simulate_l2_tile_compute_cycle_count
    l1_tiles[-1, :N_l1_t, :K_l1_t] = Matmul.L1TileSimulator(
2025-12-30 15:42:05,020 [ERROR]   File "/home/william/LLMCompass_GoldData/software_model/matmul.py", line 1308, in __init__
    self.compute_cycle_count = self.simulate_l1_tile_compute_cycle_count(
2025-12-30 15:42:05,020 [ERROR]   File "/home/william/LLMCompass_GoldData/software_model/matmul.py", line 1338, in simulate_l1_tile_compute_cycle_count
    Matmul.simulate_systolic_array_cycle_count(
2025-12-30 15:42:05,020 [ERROR]   File "/home/william/LLMCompass_GoldData/software_model/matmul.py", line 1405, in simulate_systolic_array_cycle_count
    cycle_count = look_up_table.loc[
2025-12-30 15:42:05,020 [ERROR]   File "/home/william/miniconda3/envs/llmcompass/lib/python3.9/site-packages/pandas/core/indexing.py", line 1185, in __getitem__
    return self._getitem_tuple(key)
2025-12-30 15:42:05,020 [ERROR]   File "/home/william/miniconda3/envs/llmcompass/lib/python3.9/site-packages/pandas/core/indexing.py", line 1369, in _getitem_tuple
    return self._getitem_lowerdim(tup)
2025-12-30 15:42:05,020 [ERROR]   File "/home/william/miniconda3/envs/llmcompass/lib/python3.9/site-packages/pandas/core/indexing.py", line 1042, in _getitem_lowerdim
    return self._getitem_nested_tuple(tup)
2025-12-30 15:42:05,020 [ERROR]   File "/home/william/miniconda3/envs/llmcompass/lib/python3.9/site-packages/pandas/core/indexing.py", line 1154, in _getitem_nested_tuple
    obj = getattr(obj, self.name)._getitem_axis(key, axis=axis)
2025-12-30 15:42:05,020 [ERROR]   File "/home/william/miniconda3/envs/llmcompass/lib/python3.9/site-packages/pandas/core/indexing.py", line 1432, in _getitem_axis
    return self._get_label(key, axis=axis)
2025-12-30 15:42:05,020 [ERROR]   File "/home/william/miniconda3/envs/llmcompass/lib/python3.9/site-packages/pandas/core/indexing.py", line 1382, in _get_label
    return self.obj.xs(label, axis=axis)
2025-12-30 15:42:05,020 [ERROR]   File "/home/william/miniconda3/envs/llmcompass/lib/python3.9/site-packages/pandas/core/generic.py", line 4315, in xs
    loc, new_index = index._get_loc_level(key, level=0)
2025-12-30 15:42:05,020 [ERROR]   File "/home/william/miniconda3/envs/llmcompass/lib/python3.9/site-packages/pandas/core/indexes/multi.py", line 3228, in _get_loc_level
    if key in self.levels[0]:
2025-12-30 15:42:05,020 [ERROR]   File "/home/william/miniconda3/envs/llmcompass/lib/python3.9/site-packages/pandas/core/indexes/base.py", line 5372, in __contains__
    return key in self._engine
2025-12-30 15:42:05,020 [ERROR] KeyboardInterrupt
2025-12-30 15:42:04,994 [ERROR] Process Process-360:
2025-12-30 15:42:05,020 [ERROR] Traceback (most recent call last):
2025-12-30 15:42:05,021 [ERROR]   File "/home/william/miniconda3/envs/llmcompass/lib/python3.9/multiprocessing/process.py", line 315, in _bootstrap
    self.run()
2025-12-30 15:42:04,997 [ERROR] Process Process-44:
2025-12-30 15:42:05,021 [ERROR]   File "/home/william/miniconda3/envs/llmcompass/lib/python3.9/multiprocessing/process.py", line 108, in run
    self._target(*self._args, **self._kwargs)
2025-12-30 15:42:05,021 [ERROR]   File "/home/william/LLMCompass_GoldData/ae/figure8/change_memory_bw.py", line 103, in test_memory_bandwidth
    auto_regression_latency_simulated = model_auto_regression.compile_and_simulate(
2025-12-30 15:42:05,021 [ERROR]   File "/home/william/LLMCompass_GoldData/software_model/transformer.py", line 558, in compile_and_simulate
    self.Q_proj.compile_and_simulate(pcb, compile_mode)
2025-12-30 15:42:05,021 [ERROR]   File "/home/william/LLMCompass_GoldData/software_model/matmul.py", line 583, in compile_and_simulate
    cycle_count = self.simulate(
2025-12-30 15:42:05,021 [ERROR]   File "/home/william/LLMCompass_GoldData/software_model/matmul.py", line 826, in simulate
    l2_tiles[-1, :N_l2_t, :K_l2_t] = self.L2TileSimulator(
2025-12-30 15:42:05,021 [ERROR]   File "/home/william/LLMCompass_GoldData/software_model/matmul.py", line 1005, in __init__
    self.compute_cycle_count = self.simulate_l2_tile_compute_cycle_count(
2025-12-30 15:42:05,021 [ERROR]   File "/home/william/LLMCompass_GoldData/software_model/matmul.py", line 1058, in simulate_l2_tile_compute_cycle_count
    l1_tiles[-1, :N_l1_t, :K_l1_t] = Matmul.L1TileSimulator(
2025-12-30 15:42:05,021 [ERROR]   File "/home/william/LLMCompass_GoldData/software_model/matmul.py", line 1308, in __init__
    self.compute_cycle_count = self.simulate_l1_tile_compute_cycle_count(
2025-12-30 15:42:05,021 [ERROR]   File "/home/william/LLMCompass_GoldData/software_model/matmul.py", line 1338, in simulate_l1_tile_compute_cycle_count
    Matmul.simulate_systolic_array_cycle_count(
2025-12-30 15:42:05,021 [ERROR]   File "/home/william/LLMCompass_GoldData/software_model/matmul.py", line 1405, in simulate_systolic_array_cycle_count
    cycle_count = look_up_table.loc[
2025-12-30 15:42:05,021 [ERROR]   File "/home/william/miniconda3/envs/llmcompass/lib/python3.9/site-packages/pandas/core/indexing.py", line 1185, in __getitem__
    return self._getitem_tuple(key)
2025-12-30 15:42:05,021 [ERROR]   File "/home/william/miniconda3/envs/llmcompass/lib/python3.9/site-packages/pandas/core/indexing.py", line 1369, in _getitem_tuple
    return self._getitem_lowerdim(tup)
2025-12-30 15:42:05,021 [ERROR]   File "/home/william/miniconda3/envs/llmcompass/lib/python3.9/site-packages/pandas/core/indexing.py", line 1042, in _getitem_lowerdim
    return self._getitem_nested_tuple(tup)
2025-12-30 15:42:05,021 [ERROR]   File "/home/william/miniconda3/envs/llmcompass/lib/python3.9/site-packages/pandas/core/indexing.py", line 1154, in _getitem_nested_tuple
    obj = getattr(obj, self.name)._getitem_axis(key, axis=axis)
2025-12-30 15:42:05,021 [ERROR]   File "/home/william/miniconda3/envs/llmcompass/lib/python3.9/site-packages/pandas/core/indexing.py", line 1432, in _getitem_axis
    return self._get_label(key, axis=axis)
2025-12-30 15:42:05,021 [ERROR]   File "/home/william/miniconda3/envs/llmcompass/lib/python3.9/site-packages/pandas/core/indexing.py", line 1382, in _get_label
    return self.obj.xs(label, axis=axis)
2025-12-30 15:42:05,021 [ERROR]   File "/home/william/miniconda3/envs/llmcompass/lib/python3.9/site-packages/pandas/core/generic.py", line 4315, in xs
    loc, new_index = index._get_loc_level(key, level=0)
2025-12-30 15:42:05,021 [ERROR]   File "/home/william/miniconda3/envs/llmcompass/lib/python3.9/site-packages/pandas/core/indexes/multi.py", line 3239, in _get_loc_level
    return (self._engine.get_loc(key), None)
2025-12-30 15:42:05,021 [ERROR]   File "pandas/_libs/index.pyx", line 786, in pandas._libs.index.BaseMultiIndexCodesEngine.get_loc
2025-12-30 15:42:05,021 [ERROR]   File "/home/william/miniconda3/envs/llmcompass/lib/python3.9/site-packages/pandas/core/indexes/base.py", line 3810, in get_loc
    casted_key = self._maybe_cast_indexer(key)
2025-12-30 15:42:05,021 [ERROR] KeyboardInterrupt
2025-12-30 15:42:05,021 [ERROR] Traceback (most recent call last):
2025-12-30 15:42:05,021 [ERROR]   File "/home/william/miniconda3/envs/llmcompass/lib/python3.9/multiprocessing/process.py", line 315, in _bootstrap
    self.run()
2025-12-30 15:42:05,021 [ERROR]   File "/home/william/miniconda3/envs/llmcompass/lib/python3.9/multiprocessing/process.py", line 108, in run
    self._target(*self._args, **self._kwargs)
2025-12-30 15:42:05,021 [ERROR]   File "/home/william/LLMCompass_GoldData/ae/figure8/change_memory_bw.py", line 103, in test_memory_bandwidth
    auto_regression_latency_simulated = model_auto_regression.compile_and_simulate(
2025-12-30 15:42:05,021 [ERROR]   File "/home/william/LLMCompass_GoldData/software_model/transformer.py", line 558, in compile_and_simulate
    self.Q_proj.compile_and_simulate(pcb, compile_mode)
2025-12-30 15:42:05,021 [ERROR]   File "/home/william/LLMCompass_GoldData/software_model/matmul.py", line 583, in compile_and_simulate
    cycle_count = self.simulate(
2025-12-30 15:42:05,021 [ERROR]   File "/home/william/LLMCompass_GoldData/software_model/matmul.py", line 826, in simulate
    l2_tiles[-1, :N_l2_t, :K_l2_t] = self.L2TileSimulator(
2025-12-30 15:42:05,021 [ERROR]   File "/home/william/LLMCompass_GoldData/software_model/matmul.py", line 1005, in __init__
    self.compute_cycle_count = self.simulate_l2_tile_compute_cycle_count(
2025-12-30 15:42:05,021 [ERROR]   File "/home/william/LLMCompass_GoldData/software_model/matmul.py", line 1232, in simulate_l2_tile_compute_cycle_count
    (current_batch_Read_M_K * (~previous_batch_Read_M_K))
2025-12-30 15:42:05,021 [ERROR] Traceback (most recent call last):
2025-12-30 15:42:05,021 [ERROR] KeyboardInterrupt
2025-12-30 15:42:05,021 [ERROR]   File "/home/william/miniconda3/envs/llmcompass/lib/python3.9/multiprocessing/process.py", line 315, in _bootstrap
    self.run()
2025-12-30 15:42:05,022 [ERROR]   File "/home/william/miniconda3/envs/llmcompass/lib/python3.9/multiprocessing/process.py", line 108, in run
    self._target(*self._args, **self._kwargs)
2025-12-30 15:42:05,022 [ERROR]   File "/home/william/LLMCompass_GoldData/ae/figure8/change_memory_bw.py", line 103, in test_memory_bandwidth
    auto_regression_latency_simulated = model_auto_regression.compile_and_simulate(
2025-12-30 15:42:05,022 [ERROR]   File "/home/william/LLMCompass_GoldData/software_model/transformer.py", line 573, in compile_and_simulate
    self.H_matmul0.compile_and_simulate(pcb, compile_mode)
2025-12-30 15:42:05,022 [ERROR]   File "/home/william/LLMCompass_GoldData/software_model/matmul.py", line 583, in compile_and_simulate
    cycle_count = self.simulate(
2025-12-30 15:42:05,022 [ERROR]   File "/home/william/LLMCompass_GoldData/software_model/matmul.py", line 846, in simulate
    l2_tiles[:M_l2_t, :N_l2_t, -1] = self.L2TileSimulator(
2025-12-30 15:42:05,022 [ERROR]   File "/home/william/LLMCompass_GoldData/software_model/matmul.py", line 1005, in __init__
    self.compute_cycle_count = self.simulate_l2_tile_compute_cycle_count(
2025-12-30 15:42:05,022 [ERROR]   File "/home/william/LLMCompass_GoldData/software_model/matmul.py", line 1048, in simulate_l2_tile_compute_cycle_count
    l1_tiles[:M_l1_t, :N_l1_t, :K_l1_t] = Matmul.L1TileSimulator(
2025-12-30 15:42:05,022 [ERROR]   File "/home/william/LLMCompass_GoldData/software_model/matmul.py", line 1308, in __init__
    self.compute_cycle_count = self.simulate_l1_tile_compute_cycle_count(
2025-12-30 15:42:05,022 [ERROR]   File "/home/william/LLMCompass_GoldData/software_model/matmul.py", line 1338, in simulate_l1_tile_compute_cycle_count
    Matmul.simulate_systolic_array_cycle_count(
2025-12-30 15:42:05,022 [ERROR]   File "/home/william/LLMCompass_GoldData/software_model/matmul.py", line 1405, in simulate_systolic_array_cycle_count
    cycle_count = look_up_table.loc[
2025-12-30 15:42:05,022 [ERROR]   File "/home/william/miniconda3/envs/llmcompass/lib/python3.9/site-packages/pandas/core/indexing.py", line 1185, in __getitem__
    return self._getitem_tuple(key)
2025-12-30 15:42:05,022 [ERROR]   File "/home/william/miniconda3/envs/llmcompass/lib/python3.9/site-packages/pandas/core/indexing.py", line 1369, in _getitem_tuple
    return self._getitem_lowerdim(tup)
2025-12-30 15:42:05,022 [ERROR]   File "/home/william/miniconda3/envs/llmcompass/lib/python3.9/site-packages/pandas/core/indexing.py", line 1042, in _getitem_lowerdim
    return self._getitem_nested_tuple(tup)
2025-12-30 15:42:05,022 [ERROR]   File "/home/william/miniconda3/envs/llmcompass/lib/python3.9/site-packages/pandas/core/indexing.py", line 1154, in _getitem_nested_tuple
    obj = getattr(obj, self.name)._getitem_axis(key, axis=axis)
2025-12-30 15:42:05,022 [ERROR]   File "/home/william/miniconda3/envs/llmcompass/lib/python3.9/site-packages/pandas/core/indexing.py", line 1432, in _getitem_axis
    return self._get_label(key, axis=axis)
2025-12-30 15:42:05,022 [ERROR]   File "/home/william/miniconda3/envs/llmcompass/lib/python3.9/site-packages/pandas/core/indexing.py", line 1382, in _get_label
    return self.obj.xs(label, axis=axis)
2025-12-30 15:42:05,022 [ERROR]   File "/home/william/miniconda3/envs/llmcompass/lib/python3.9/site-packages/pandas/core/generic.py", line 4315, in xs
    loc, new_index = index._get_loc_level(key, level=0)
2025-12-30 15:42:05,022 [ERROR]   File "/home/william/miniconda3/envs/llmcompass/lib/python3.9/site-packages/pandas/core/indexes/multi.py", line 3239, in _get_loc_level
    return (self._engine.get_loc(key), None)
2025-12-30 15:42:05,022 [ERROR]   File "pandas/_libs/index.pyx", line 792, in pandas._libs.index.BaseMultiIndexCodesEngine.get_loc
2025-12-30 15:42:05,022 [ERROR]   File "/home/william/miniconda3/envs/llmcompass/lib/python3.9/site-packages/pandas/core/indexes/multi.py", line 155, in _codes_to_ints
    codes <<= self.offsets
2025-12-30 15:42:05,022 [ERROR] KeyboardInterrupt
2025-12-30 15:42:04,994 [ERROR] Process Process-334:
2025-12-30 15:42:05,026 [ERROR] Traceback (most recent call last):
2025-12-30 15:42:05,026 [ERROR]   File "/home/william/miniconda3/envs/llmcompass/lib/python3.9/multiprocessing/process.py", line 315, in _bootstrap
    self.run()
2025-12-30 15:42:05,026 [ERROR]   File "/home/william/miniconda3/envs/llmcompass/lib/python3.9/multiprocessing/process.py", line 108, in run
    self._target(*self._args, **self._kwargs)
2025-12-30 15:42:05,026 [ERROR]   File "/home/william/LLMCompass_GoldData/ae/figure8/change_memory_bw.py", line 103, in test_memory_bandwidth
    auto_regression_latency_simulated = model_auto_regression.compile_and_simulate(
2025-12-30 15:42:05,026 [ERROR]   File "/home/william/LLMCompass_GoldData/software_model/transformer.py", line 558, in compile_and_simulate
    self.Q_proj.compile_and_simulate(pcb, compile_mode)
2025-12-30 15:42:05,026 [ERROR]   File "/home/william/LLMCompass_GoldData/software_model/matmul.py", line 583, in compile_and_simulate
    cycle_count = self.simulate(
2025-12-30 15:42:05,026 [ERROR]   File "/home/william/LLMCompass_GoldData/software_model/matmul.py", line 826, in simulate
    l2_tiles[-1, :N_l2_t, :K_l2_t] = self.L2TileSimulator(
2025-12-30 15:42:05,026 [ERROR]   File "/home/william/LLMCompass_GoldData/software_model/matmul.py", line 1005, in __init__
    self.compute_cycle_count = self.simulate_l2_tile_compute_cycle_count(
2025-12-30 15:42:05,026 [ERROR]   File "/home/william/LLMCompass_GoldData/software_model/matmul.py", line 1239, in simulate_l2_tile_compute_cycle_count
    current_batch_M_N_read_count = np.sum(
2025-12-30 15:42:05,026 [ERROR]   File "/home/william/miniconda3/envs/llmcompass/lib/python3.9/site-packages/numpy/_core/fromnumeric.py", line 2389, in sum
    return _wrapreduction(
2025-12-30 15:42:05,026 [ERROR]   File "/home/william/miniconda3/envs/llmcompass/lib/python3.9/site-packages/numpy/_core/fromnumeric.py", line 86, in _wrapreduction
    return ufunc.reduce(obj, axis, dtype, out, **passkwargs)
2025-12-30 15:42:05,026 [ERROR] KeyboardInterrupt
2025-12-30 15:42:04,995 [ERROR] Process Process-219:
2025-12-30 15:42:04,995 [ERROR] Process Process-244:
2025-12-30 15:42:05,031 [ERROR] Process Process-263:
2025-12-30 15:42:05,031 [ERROR] Traceback (most recent call last):
2025-12-30 15:42:05,031 [ERROR]   File "/home/william/miniconda3/envs/llmcompass/lib/python3.9/multiprocessing/process.py", line 315, in _bootstrap
    self.run()
2025-12-30 15:42:05,031 [ERROR] Traceback (most recent call last):
2025-12-30 15:42:05,031 [ERROR]   File "/home/william/miniconda3/envs/llmcompass/lib/python3.9/multiprocessing/process.py", line 108, in run
    self._target(*self._args, **self._kwargs)
2025-12-30 15:42:05,031 [ERROR]   File "/home/william/LLMCompass_GoldData/ae/figure8/change_memory_bw.py", line 103, in test_memory_bandwidth
    auto_regression_latency_simulated = model_auto_regression.compile_and_simulate(
2025-12-30 15:42:05,031 [ERROR]   File "/home/william/miniconda3/envs/llmcompass/lib/python3.9/multiprocessing/process.py", line 315, in _bootstrap
    self.run()
2025-12-30 15:42:05,031 [ERROR]   File "/home/william/LLMCompass_GoldData/software_model/transformer.py", line 573, in compile_and_simulate
    self.H_matmul0.compile_and_simulate(pcb, compile_mode)
2025-12-30 15:42:05,031 [ERROR]   File "/home/william/miniconda3/envs/llmcompass/lib/python3.9/multiprocessing/process.py", line 108, in run
    self._target(*self._args, **self._kwargs)
2025-12-30 15:42:05,031 [ERROR]   File "/home/william/LLMCompass_GoldData/software_model/matmul.py", line 583, in compile_and_simulate
    cycle_count = self.simulate(
2025-12-30 15:42:05,031 [ERROR]   File "/home/william/LLMCompass_GoldData/software_model/matmul.py", line 905, in simulate
    for m, n, k in self.generate_tile_loops(
2025-12-30 15:42:05,031 [ERROR]   File "/home/william/LLMCompass_GoldData/ae/figure8/change_memory_bw.py", line 103, in test_memory_bandwidth
    auto_regression_latency_simulated = model_auto_regression.compile_and_simulate(
2025-12-30 15:42:05,031 [ERROR]   File "/home/william/LLMCompass_GoldData/software_model/matmul.py", line 198, in generate_tile_loops
    for m in range(loop_M):
2025-12-30 15:42:05,031 [ERROR]   File "/home/william/LLMCompass_GoldData/software_model/transformer.py", line 573, in compile_and_simulate
    self.H_matmul0.compile_and_simulate(pcb, compile_mode)
2025-12-30 15:42:05,031 [ERROR] KeyboardInterrupt
2025-12-30 15:42:05,032 [ERROR]   File "/home/william/LLMCompass_GoldData/software_model/matmul.py", line 583, in compile_and_simulate
    cycle_count = self.simulate(
2025-12-30 15:42:05,032 [ERROR]   File "/home/william/LLMCompass_GoldData/software_model/matmul.py", line 941, in simulate
    if mapping.is_l2_double_buffering:  # pipelined
2025-12-30 15:42:05,032 [ERROR] KeyboardInterrupt
2025-12-30 15:42:05,032 [ERROR] Traceback (most recent call last):
2025-12-30 15:42:05,032 [ERROR]   File "/home/william/miniconda3/envs/llmcompass/lib/python3.9/multiprocessing/process.py", line 315, in _bootstrap
    self.run()
2025-12-30 15:42:05,032 [ERROR]   File "/home/william/miniconda3/envs/llmcompass/lib/python3.9/multiprocessing/process.py", line 108, in run
    self._target(*self._args, **self._kwargs)
2025-12-30 15:42:05,032 [ERROR]   File "/home/william/LLMCompass_GoldData/ae/figure8/change_memory_bw.py", line 103, in test_memory_bandwidth
    auto_regression_latency_simulated = model_auto_regression.compile_and_simulate(
2025-12-30 15:42:05,032 [ERROR]   File "/home/william/LLMCompass_GoldData/software_model/transformer.py", line 558, in compile_and_simulate
    self.Q_proj.compile_and_simulate(pcb, compile_mode)
2025-12-30 15:42:05,032 [ERROR]   File "/home/william/LLMCompass_GoldData/software_model/matmul.py", line 583, in compile_and_simulate
    cycle_count = self.simulate(
2025-12-30 15:42:05,032 [ERROR]   File "/home/william/LLMCompass_GoldData/software_model/matmul.py", line 846, in simulate
    l2_tiles[:M_l2_t, :N_l2_t, -1] = self.L2TileSimulator(
2025-12-30 15:42:05,032 [ERROR]   File "/home/william/LLMCompass_GoldData/software_model/matmul.py", line 1005, in __init__
    self.compute_cycle_count = self.simulate_l2_tile_compute_cycle_count(
2025-12-30 15:42:05,032 [ERROR]   File "/home/william/LLMCompass_GoldData/software_model/matmul.py", line 1216, in simulate_l2_tile_compute_cycle_count
    current_batch_Write_M_N[temp_m, temp_n] = 1
2025-12-30 15:42:05,032 [ERROR] KeyboardInterrupt
2025-12-30 15:42:05,034 [ERROR] Traceback (most recent call last):
2025-12-30 15:42:05,034 [ERROR]   File "/home/william/miniconda3/envs/llmcompass/lib/python3.9/multiprocessing/process.py", line 315, in _bootstrap
    self.run()
2025-12-30 15:42:05,034 [ERROR]   File "/home/william/miniconda3/envs/llmcompass/lib/python3.9/multiprocessing/process.py", line 108, in run
    self._target(*self._args, **self._kwargs)
2025-12-30 15:42:05,034 [ERROR]   File "/home/william/LLMCompass_GoldData/ae/figure8/change_memory_bw.py", line 103, in test_memory_bandwidth
    auto_regression_latency_simulated = model_auto_regression.compile_and_simulate(
2025-12-30 15:42:05,034 [ERROR]   File "/home/william/LLMCompass_GoldData/software_model/transformer.py", line 558, in compile_and_simulate
    self.Q_proj.compile_and_simulate(pcb, compile_mode)
2025-12-30 15:42:05,034 [ERROR]   File "/home/william/LLMCompass_GoldData/software_model/matmul.py", line 583, in compile_and_simulate
    cycle_count = self.simulate(
2025-12-30 15:42:05,034 [ERROR]   File "/home/william/LLMCompass_GoldData/software_model/matmul.py", line 826, in simulate
    l2_tiles[-1, :N_l2_t, :K_l2_t] = self.L2TileSimulator(
2025-12-30 15:42:05,034 [ERROR]   File "/home/william/LLMCompass_GoldData/software_model/matmul.py", line 1005, in __init__
    self.compute_cycle_count = self.simulate_l2_tile_compute_cycle_count(
2025-12-30 15:42:05,034 [ERROR]   File "/home/william/LLMCompass_GoldData/software_model/matmul.py", line 1216, in simulate_l2_tile_compute_cycle_count
    current_batch_Write_M_N[temp_m, temp_n] = 1
2025-12-30 15:42:05,034 [ERROR] KeyboardInterrupt
2025-12-30 15:42:05,021 [ERROR] Process Process-179:
2025-12-30 15:42:05,036 [ERROR] Traceback (most recent call last):
2025-12-30 15:42:05,040 [ERROR]   File "/home/william/miniconda3/envs/llmcompass/lib/python3.9/multiprocessing/process.py", line 315, in _bootstrap
    self.run()
2025-12-30 15:42:05,040 [ERROR]   File "/home/william/miniconda3/envs/llmcompass/lib/python3.9/multiprocessing/process.py", line 108, in run
    self._target(*self._args, **self._kwargs)
2025-12-30 15:42:04,995 [ERROR] Process Process-224:
2025-12-30 15:42:05,040 [ERROR]   File "/home/william/LLMCompass_GoldData/ae/figure8/change_memory_bw.py", line 103, in test_memory_bandwidth
    auto_regression_latency_simulated = model_auto_regression.compile_and_simulate(
2025-12-30 15:42:05,040 [ERROR]   File "/home/william/LLMCompass_GoldData/software_model/transformer.py", line 573, in compile_and_simulate
    self.H_matmul0.compile_and_simulate(pcb, compile_mode)
2025-12-30 15:42:05,040 [ERROR]   File "/home/william/LLMCompass_GoldData/software_model/matmul.py", line 583, in compile_and_simulate
    cycle_count = self.simulate(
2025-12-30 15:42:05,040 [ERROR]   File "/home/william/LLMCompass_GoldData/software_model/matmul.py", line 826, in simulate
    l2_tiles[-1, :N_l2_t, :K_l2_t] = self.L2TileSimulator(
2025-12-30 15:42:05,040 [ERROR]   File "/home/william/LLMCompass_GoldData/software_model/matmul.py", line 1005, in __init__
    self.compute_cycle_count = self.simulate_l2_tile_compute_cycle_count(
2025-12-30 15:42:05,040 [ERROR]   File "/home/william/LLMCompass_GoldData/software_model/matmul.py", line 1190, in simulate_l2_tile_compute_cycle_count
    len(active_l1_tile_list) < chiplet_module.compute_module.core_count
2025-12-30 15:42:05,040 [ERROR] KeyboardInterrupt
2025-12-30 15:42:05,041 [ERROR] Traceback (most recent call last):
2025-12-30 15:42:05,041 [ERROR]   File "/home/william/miniconda3/envs/llmcompass/lib/python3.9/multiprocessing/process.py", line 315, in _bootstrap
    self.run()
2025-12-30 15:42:05,041 [ERROR]   File "/home/william/miniconda3/envs/llmcompass/lib/python3.9/multiprocessing/process.py", line 108, in run
    self._target(*self._args, **self._kwargs)
2025-12-30 15:42:05,041 [ERROR]   File "/home/william/LLMCompass_GoldData/ae/figure8/change_memory_bw.py", line 103, in test_memory_bandwidth
    auto_regression_latency_simulated = model_auto_regression.compile_and_simulate(
2025-12-30 15:42:05,041 [ERROR]   File "/home/william/LLMCompass_GoldData/software_model/transformer.py", line 573, in compile_and_simulate
    self.H_matmul0.compile_and_simulate(pcb, compile_mode)
2025-12-30 15:42:05,041 [ERROR]   File "/home/william/LLMCompass_GoldData/software_model/matmul.py", line 583, in compile_and_simulate
    cycle_count = self.simulate(
2025-12-30 15:42:05,041 [ERROR]   File "/home/william/LLMCompass_GoldData/software_model/matmul.py", line 866, in simulate
    l2_tiles[-1, :N_l2_t, -1] = self.L2TileSimulator(
2025-12-30 15:42:05,041 [ERROR]   File "/home/william/LLMCompass_GoldData/software_model/matmul.py", line 1005, in __init__
    self.compute_cycle_count = self.simulate_l2_tile_compute_cycle_count(
2025-12-30 15:42:05,041 [ERROR]   File "/home/william/LLMCompass_GoldData/software_model/matmul.py", line 1058, in simulate_l2_tile_compute_cycle_count
    l1_tiles[-1, :N_l1_t, :K_l1_t] = Matmul.L1TileSimulator(
2025-12-30 15:42:05,041 [ERROR] KeyboardInterrupt
2025-12-30 15:42:05,013 [ERROR] Process Process-176:
2025-12-30 15:42:05,043 [ERROR] Traceback (most recent call last):
2025-12-30 15:42:05,043 [ERROR]   File "/home/william/miniconda3/envs/llmcompass/lib/python3.9/multiprocessing/process.py", line 315, in _bootstrap
    self.run()
2025-12-30 15:42:05,043 [ERROR]   File "/home/william/miniconda3/envs/llmcompass/lib/python3.9/multiprocessing/process.py", line 108, in run
    self._target(*self._args, **self._kwargs)
2025-12-30 15:42:05,043 [ERROR]   File "/home/william/LLMCompass_GoldData/ae/figure8/change_memory_bw.py", line 103, in test_memory_bandwidth
    auto_regression_latency_simulated = model_auto_regression.compile_and_simulate(
2025-12-30 15:42:05,043 [ERROR]   File "/home/william/LLMCompass_GoldData/software_model/transformer.py", line 573, in compile_and_simulate
    self.H_matmul0.compile_and_simulate(pcb, compile_mode)
2025-12-30 15:42:05,044 [ERROR]   File "/home/william/LLMCompass_GoldData/software_model/matmul.py", line 583, in compile_and_simulate
    cycle_count = self.simulate(
2025-12-30 15:42:05,044 [ERROR]   File "/home/william/LLMCompass_GoldData/software_model/matmul.py", line 929, in simulate
    previous_tile_compute_cycle_count = previous_l2_tile.compute_cycle_count
2025-12-30 15:42:05,044 [ERROR] KeyboardInterrupt
2025-12-30 15:42:05,043 [ERROR] Process Process-24:
2025-12-30 15:42:05,045 [ERROR] Traceback (most recent call last):
2025-12-30 15:42:05,045 [ERROR]   File "/home/william/miniconda3/envs/llmcompass/lib/python3.9/multiprocessing/process.py", line 315, in _bootstrap
    self.run()
2025-12-30 15:42:05,045 [ERROR]   File "/home/william/miniconda3/envs/llmcompass/lib/python3.9/multiprocessing/process.py", line 108, in run
    self._target(*self._args, **self._kwargs)
2025-12-30 15:42:05,045 [ERROR]   File "/home/william/LLMCompass_GoldData/ae/figure8/change_memory_bw.py", line 103, in test_memory_bandwidth
    auto_regression_latency_simulated = model_auto_regression.compile_and_simulate(
2025-12-30 15:42:05,045 [ERROR]   File "/home/william/LLMCompass_GoldData/software_model/transformer.py", line 558, in compile_and_simulate
    self.Q_proj.compile_and_simulate(pcb, compile_mode)
2025-12-30 15:42:05,045 [ERROR]   File "/home/william/LLMCompass_GoldData/software_model/matmul.py", line 583, in compile_and_simulate
    cycle_count = self.simulate(
2025-12-30 15:42:05,045 [ERROR]   File "/home/william/LLMCompass_GoldData/software_model/matmul.py", line 836, in simulate
    l2_tiles[:M_l2_t, -1, :K_l2_t] = self.L2TileSimulator(
2025-12-30 15:42:05,045 [ERROR]   File "/home/william/LLMCompass_GoldData/software_model/matmul.py", line 1005, in __init__
    self.compute_cycle_count = self.simulate_l2_tile_compute_cycle_count(
2025-12-30 15:42:05,045 [ERROR]   File "/home/william/LLMCompass_GoldData/software_model/matmul.py", line 1219, in simulate_l2_tile_compute_cycle_count
    temp_l1_tile_compute_cycle_count += ceil(
2025-12-30 15:42:05,045 [ERROR] KeyboardInterrupt
2025-12-30 15:42:05,026 [ERROR] Process Process-202:
2025-12-30 15:42:05,046 [ERROR] Traceback (most recent call last):
2025-12-30 15:42:05,046 [ERROR]   File "/home/william/miniconda3/envs/llmcompass/lib/python3.9/multiprocessing/process.py", line 315, in _bootstrap
    self.run()
2025-12-30 15:42:05,046 [ERROR]   File "/home/william/miniconda3/envs/llmcompass/lib/python3.9/multiprocessing/process.py", line 108, in run
    self._target(*self._args, **self._kwargs)
2025-12-30 15:42:05,046 [ERROR]   File "/home/william/LLMCompass_GoldData/ae/figure8/change_memory_bw.py", line 103, in test_memory_bandwidth
    auto_regression_latency_simulated = model_auto_regression.compile_and_simulate(
2025-12-30 15:42:05,046 [ERROR]   File "/home/william/LLMCompass_GoldData/software_model/transformer.py", line 573, in compile_and_simulate
    self.H_matmul0.compile_and_simulate(pcb, compile_mode)
2025-12-30 15:42:05,046 [ERROR]   File "/home/william/LLMCompass_GoldData/software_model/matmul.py", line 583, in compile_and_simulate
    cycle_count = self.simulate(
2025-12-30 15:42:05,046 [ERROR]   File "/home/william/LLMCompass_GoldData/software_model/matmul.py", line 905, in simulate
    for m, n, k in self.generate_tile_loops(
2025-12-30 15:42:05,046 [ERROR]   File "/home/william/LLMCompass_GoldData/software_model/matmul.py", line 197, in generate_tile_loops
    for n in range(loop_N):
2025-12-30 15:42:05,046 [ERROR] KeyboardInterrupt
2025-12-30 15:42:04,995 [ERROR] Process Process-237:
2025-12-30 15:42:04,998 [ERROR] Process Process-113:
2025-12-30 15:42:05,050 [ERROR] Traceback (most recent call last):
2025-12-30 15:42:05,050 [ERROR]   File "/home/william/miniconda3/envs/llmcompass/lib/python3.9/multiprocessing/process.py", line 315, in _bootstrap
    self.run()
2025-12-30 15:42:05,050 [ERROR] Traceback (most recent call last):
2025-12-30 15:42:05,050 [ERROR]   File "/home/william/miniconda3/envs/llmcompass/lib/python3.9/multiprocessing/process.py", line 108, in run
    self._target(*self._args, **self._kwargs)
2025-12-30 15:42:05,050 [ERROR]   File "/home/william/LLMCompass_GoldData/ae/figure8/change_memory_bw.py", line 103, in test_memory_bandwidth
    auto_regression_latency_simulated = model_auto_regression.compile_and_simulate(
2025-12-30 15:42:05,050 [ERROR]   File "/home/william/miniconda3/envs/llmcompass/lib/python3.9/multiprocessing/process.py", line 315, in _bootstrap
    self.run()
2025-12-30 15:42:05,050 [ERROR]   File "/home/william/LLMCompass_GoldData/software_model/transformer.py", line 558, in compile_and_simulate
    self.Q_proj.compile_and_simulate(pcb, compile_mode)
2025-12-30 15:42:05,050 [ERROR]   File "/home/william/LLMCompass_GoldData/software_model/matmul.py", line 583, in compile_and_simulate
    cycle_count = self.simulate(
2025-12-30 15:42:05,051 [ERROR]   File "/home/william/LLMCompass_GoldData/software_model/matmul.py", line 826, in simulate
    l2_tiles[-1, :N_l2_t, :K_l2_t] = self.L2TileSimulator(
2025-12-30 15:42:05,051 [ERROR]   File "/home/william/LLMCompass_GoldData/software_model/matmul.py", line 1005, in __init__
    self.compute_cycle_count = self.simulate_l2_tile_compute_cycle_count(
2025-12-30 15:42:05,051 [ERROR]   File "/home/william/LLMCompass_GoldData/software_model/matmul.py", line 1215, in simulate_l2_tile_compute_cycle_count
    current_batch_Read_M_N[temp_m, temp_n] = temp_k > 0
2025-12-30 15:42:05,051 [ERROR] KeyboardInterrupt
2025-12-30 15:42:05,011 [ERROR] Process Process-242:
2025-12-30 15:42:05,013 [ERROR] Process Process-187:
2025-12-30 15:42:05,053 [ERROR] Process Process-40:
2025-12-30 15:42:05,053 [ERROR] Traceback (most recent call last):
2025-12-30 15:42:05,054 [ERROR]   File "/home/william/miniconda3/envs/llmcompass/lib/python3.9/multiprocessing/process.py", line 315, in _bootstrap
    self.run()
2025-12-30 15:42:05,054 [ERROR]   File "/home/william/miniconda3/envs/llmcompass/lib/python3.9/multiprocessing/process.py", line 108, in run
    self._target(*self._args, **self._kwargs)
2025-12-30 15:42:05,054 [ERROR] Traceback (most recent call last):
2025-12-30 15:42:05,054 [ERROR]   File "/home/william/LLMCompass_GoldData/ae/figure8/change_memory_bw.py", line 103, in test_memory_bandwidth
    auto_regression_latency_simulated = model_auto_regression.compile_and_simulate(
2025-12-30 15:42:05,054 [ERROR]   File "/home/william/LLMCompass_GoldData/software_model/transformer.py", line 583, in compile_and_simulate
    self.H_matmul2.compile_and_simulate(pcb, compile_mode)
2025-12-30 15:42:05,054 [ERROR]   File "/home/william/miniconda3/envs/llmcompass/lib/python3.9/multiprocessing/process.py", line 315, in _bootstrap
    self.run()
2025-12-30 15:42:05,054 [ERROR]   File "/home/william/LLMCompass_GoldData/software_model/matmul.py", line 583, in compile_and_simulate
    cycle_count = self.simulate(
2025-12-30 15:42:05,054 [ERROR]   File "/home/william/miniconda3/envs/llmcompass/lib/python3.9/multiprocessing/process.py", line 108, in run
    self._target(*self._args, **self._kwargs)
2025-12-30 15:42:05,054 [ERROR]   File "/home/william/LLMCompass_GoldData/software_model/matmul.py", line 826, in simulate
    l2_tiles[-1, :N_l2_t, :K_l2_t] = self.L2TileSimulator(
2025-12-30 15:42:05,054 [ERROR]   File "/home/william/LLMCompass_GoldData/ae/figure8/change_memory_bw.py", line 103, in test_memory_bandwidth
    auto_regression_latency_simulated = model_auto_regression.compile_and_simulate(
2025-12-30 15:42:05,054 [ERROR]   File "/home/william/LLMCompass_GoldData/software_model/matmul.py", line 1005, in __init__
    self.compute_cycle_count = self.simulate_l2_tile_compute_cycle_count(
2025-12-30 15:42:05,054 [ERROR]   File "/home/william/LLMCompass_GoldData/software_model/transformer.py", line 558, in compile_and_simulate
    self.Q_proj.compile_and_simulate(pcb, compile_mode)
2025-12-30 15:42:05,054 [ERROR]   File "/home/william/LLMCompass_GoldData/software_model/matmul.py", line 1224, in simulate_l2_tile_compute_cycle_count
    current_batch_compute_cycle_count = max(
2025-12-30 15:42:05,054 [ERROR]   File "/home/william/LLMCompass_GoldData/software_model/matmul.py", line 583, in compile_and_simulate
    cycle_count = self.simulate(
2025-12-30 15:42:05,054 [ERROR] KeyboardInterrupt
2025-12-30 15:42:05,054 [ERROR]   File "/home/william/LLMCompass_GoldData/software_model/matmul.py", line 836, in simulate
    l2_tiles[:M_l2_t, -1, :K_l2_t] = self.L2TileSimulator(
2025-12-30 15:42:05,054 [ERROR]   File "/home/william/LLMCompass_GoldData/software_model/matmul.py", line 1005, in __init__
    self.compute_cycle_count = self.simulate_l2_tile_compute_cycle_count(
2025-12-30 15:42:05,054 [ERROR]   File "/home/william/LLMCompass_GoldData/software_model/matmul.py", line 1213, in simulate_l2_tile_compute_cycle_count
    current_batch_Read_M_K[temp_m, temp_k] = 1
2025-12-30 15:42:05,054 [ERROR] KeyboardInterrupt
2025-12-30 15:42:04,995 [ERROR] Process Process-188:
2025-12-30 15:42:05,056 [ERROR] Traceback (most recent call last):
2025-12-30 15:42:05,056 [ERROR]   File "/home/william/miniconda3/envs/llmcompass/lib/python3.9/multiprocessing/process.py", line 315, in _bootstrap
    self.run()
2025-12-30 15:42:05,056 [ERROR]   File "/home/william/miniconda3/envs/llmcompass/lib/python3.9/multiprocessing/process.py", line 108, in run
    self._target(*self._args, **self._kwargs)
2025-12-30 15:42:05,056 [ERROR]   File "/home/william/LLMCompass_GoldData/ae/figure8/change_memory_bw.py", line 103, in test_memory_bandwidth
    auto_regression_latency_simulated = model_auto_regression.compile_and_simulate(
2025-12-30 15:42:05,056 [ERROR]   File "/home/william/LLMCompass_GoldData/software_model/transformer.py", line 558, in compile_and_simulate
    self.Q_proj.compile_and_simulate(pcb, compile_mode)
2025-12-30 15:42:05,056 [ERROR]   File "/home/william/LLMCompass_GoldData/software_model/matmul.py", line 583, in compile_and_simulate
    cycle_count = self.simulate(
2025-12-30 15:42:05,056 [ERROR]   File "/home/william/LLMCompass_GoldData/software_model/matmul.py", line 836, in simulate
    l2_tiles[:M_l2_t, -1, :K_l2_t] = self.L2TileSimulator(
2025-12-30 15:42:05,056 [ERROR]   File "/home/william/LLMCompass_GoldData/software_model/matmul.py", line 1005, in __init__
    self.compute_cycle_count = self.simulate_l2_tile_compute_cycle_count(
2025-12-30 15:42:05,056 [ERROR]   File "/home/william/LLMCompass_GoldData/software_model/matmul.py", line 1200, in simulate_l2_tile_compute_cycle_count
    current_batch_Read_K_N = np.zeros(
2025-12-30 15:42:05,056 [ERROR] KeyboardInterrupt
2025-12-30 15:42:05,056 [ERROR] Process Process-165:
2025-12-30 15:42:05,057 [ERROR] Traceback (most recent call last):
2025-12-30 15:42:05,057 [ERROR]   File "/home/william/miniconda3/envs/llmcompass/lib/python3.9/multiprocessing/process.py", line 315, in _bootstrap
    self.run()
2025-12-30 15:42:05,057 [ERROR]   File "/home/william/miniconda3/envs/llmcompass/lib/python3.9/multiprocessing/process.py", line 108, in run
    self._target(*self._args, **self._kwargs)
2025-12-30 15:42:05,057 [ERROR]   File "/home/william/LLMCompass_GoldData/ae/figure8/change_memory_bw.py", line 103, in test_memory_bandwidth
    auto_regression_latency_simulated = model_auto_regression.compile_and_simulate(
2025-12-30 15:42:05,057 [ERROR]   File "/home/william/LLMCompass_GoldData/software_model/transformer.py", line 558, in compile_and_simulate
    self.Q_proj.compile_and_simulate(pcb, compile_mode)
2025-12-30 15:42:05,057 [ERROR]   File "/home/william/LLMCompass_GoldData/software_model/matmul.py", line 583, in compile_and_simulate
    cycle_count = self.simulate(
2025-12-30 15:42:05,057 [ERROR]   File "/home/william/LLMCompass_GoldData/software_model/matmul.py", line 836, in simulate
    l2_tiles[:M_l2_t, -1, :K_l2_t] = self.L2TileSimulator(
2025-12-30 15:42:05,057 [ERROR]   File "/home/william/LLMCompass_GoldData/software_model/matmul.py", line 1005, in __init__
    self.compute_cycle_count = self.simulate_l2_tile_compute_cycle_count(
2025-12-30 15:42:05,057 [ERROR]   File "/home/william/LLMCompass_GoldData/software_model/matmul.py", line 1216, in simulate_l2_tile_compute_cycle_count
    current_batch_Write_M_N[temp_m, temp_n] = 1
2025-12-30 15:42:05,058 [ERROR] KeyboardInterrupt
2025-12-30 15:42:05,050 [ERROR] Traceback (most recent call last):
2025-12-30 15:42:05,059 [ERROR]   File "/home/william/miniconda3/envs/llmcompass/lib/python3.9/multiprocessing/process.py", line 315, in _bootstrap
    self.run()
2025-12-30 15:42:05,059 [ERROR]   File "/home/william/miniconda3/envs/llmcompass/lib/python3.9/multiprocessing/process.py", line 108, in run
    self._target(*self._args, **self._kwargs)
2025-12-30 15:42:05,050 [ERROR]   File "/home/william/miniconda3/envs/llmcompass/lib/python3.9/multiprocessing/process.py", line 108, in run
    self._target(*self._args, **self._kwargs)
2025-12-30 15:42:05,060 [ERROR]   File "/home/william/LLMCompass_GoldData/ae/figure8/change_memory_bw.py", line 103, in test_memory_bandwidth
    auto_regression_latency_simulated = model_auto_regression.compile_and_simulate(
2025-12-30 15:42:05,060 [ERROR]   File "/home/william/LLMCompass_GoldData/software_model/transformer.py", line 583, in compile_and_simulate
    self.H_matmul2.compile_and_simulate(pcb, compile_mode)
2025-12-30 15:42:05,060 [ERROR]   File "/home/william/LLMCompass_GoldData/software_model/matmul.py", line 583, in compile_and_simulate
    cycle_count = self.simulate(
2025-12-30 15:42:05,060 [ERROR]   File "/home/william/LLMCompass_GoldData/software_model/matmul.py", line 938, in simulate
    previous_tile_write_cycle_count = previous_l2_tile.M_N_io_cycle_count
2025-12-30 15:42:05,060 [ERROR] KeyboardInterrupt
2025-12-30 15:42:04,995 [ERROR] Process Process-164:
2025-12-30 15:42:05,063 [ERROR] Traceback (most recent call last):
2025-12-30 15:42:05,063 [ERROR]   File "/home/william/miniconda3/envs/llmcompass/lib/python3.9/multiprocessing/process.py", line 315, in _bootstrap
    self.run()
2025-12-30 15:42:05,063 [ERROR]   File "/home/william/miniconda3/envs/llmcompass/lib/python3.9/multiprocessing/process.py", line 108, in run
    self._target(*self._args, **self._kwargs)
2025-12-30 15:42:05,063 [ERROR]   File "/home/william/LLMCompass_GoldData/ae/figure8/change_memory_bw.py", line 103, in test_memory_bandwidth
    auto_regression_latency_simulated = model_auto_regression.compile_and_simulate(
2025-12-30 15:42:05,063 [ERROR]   File "/home/william/LLMCompass_GoldData/software_model/transformer.py", line 558, in compile_and_simulate
    self.Q_proj.compile_and_simulate(pcb, compile_mode)
2025-12-30 15:42:05,063 [ERROR]   File "/home/william/LLMCompass_GoldData/software_model/matmul.py", line 583, in compile_and_simulate
    cycle_count = self.simulate(
2025-12-30 15:42:05,063 [ERROR]   File "/home/william/LLMCompass_GoldData/software_model/matmul.py", line 836, in simulate
    l2_tiles[:M_l2_t, -1, :K_l2_t] = self.L2TileSimulator(
2025-12-30 15:42:05,063 [ERROR]   File "/home/william/LLMCompass_GoldData/software_model/matmul.py", line 1005, in __init__
    self.compute_cycle_count = self.simulate_l2_tile_compute_cycle_count(
2025-12-30 15:42:05,063 [ERROR]   File "/home/william/LLMCompass_GoldData/software_model/matmul.py", line 1224, in simulate_l2_tile_compute_cycle_count
    current_batch_compute_cycle_count = max(
2025-12-30 15:42:05,063 [ERROR] KeyboardInterrupt
2025-12-30 15:42:04,995 [ERROR] Process Process-388:
2025-12-30 15:42:04,995 [ERROR] Process Process-158:
2025-12-30 15:42:04,995 [ERROR] Process Process-155:
2025-12-30 15:42:05,064 [ERROR] Traceback (most recent call last):
2025-12-30 15:42:05,064 [ERROR] Traceback (most recent call last):
2025-12-30 15:42:05,064 [ERROR]   File "/home/william/miniconda3/envs/llmcompass/lib/python3.9/multiprocessing/process.py", line 315, in _bootstrap
    self.run()
2025-12-30 15:42:05,064 [ERROR]   File "/home/william/miniconda3/envs/llmcompass/lib/python3.9/multiprocessing/process.py", line 315, in _bootstrap
    self.run()
2025-12-30 15:42:05,064 [ERROR]   File "/home/william/miniconda3/envs/llmcompass/lib/python3.9/multiprocessing/process.py", line 108, in run
    self._target(*self._args, **self._kwargs)
2025-12-30 15:42:05,064 [ERROR]   File "/home/william/miniconda3/envs/llmcompass/lib/python3.9/multiprocessing/process.py", line 108, in run
    self._target(*self._args, **self._kwargs)
2025-12-30 15:42:05,064 [ERROR]   File "/home/william/LLMCompass_GoldData/ae/figure8/change_memory_bw.py", line 103, in test_memory_bandwidth
    auto_regression_latency_simulated = model_auto_regression.compile_and_simulate(
2025-12-30 15:42:05,064 [ERROR]   File "/home/william/LLMCompass_GoldData/software_model/transformer.py", line 558, in compile_and_simulate
    self.Q_proj.compile_and_simulate(pcb, compile_mode)
2025-12-30 15:42:05,064 [ERROR]   File "/home/william/LLMCompass_GoldData/ae/figure8/change_memory_bw.py", line 103, in test_memory_bandwidth
    auto_regression_latency_simulated = model_auto_regression.compile_and_simulate(
2025-12-30 15:42:05,065 [ERROR]   File "/home/william/LLMCompass_GoldData/software_model/matmul.py", line 583, in compile_and_simulate
    cycle_count = self.simulate(
2025-12-30 15:42:05,065 [ERROR]   File "/home/william/LLMCompass_GoldData/software_model/transformer.py", line 573, in compile_and_simulate
    self.H_matmul0.compile_and_simulate(pcb, compile_mode)
2025-12-30 15:42:05,065 [ERROR]   File "/home/william/LLMCompass_GoldData/software_model/matmul.py", line 927, in simulate
    current_tile_read_cycle_count += l2_tile.M_N_io_cycle_count
2025-12-30 15:42:05,065 [ERROR]   File "/home/william/LLMCompass_GoldData/software_model/matmul.py", line 583, in compile_and_simulate
    cycle_count = self.simulate(
2025-12-30 15:42:05,065 [ERROR] KeyboardInterrupt
2025-12-30 15:42:05,065 [ERROR]   File "/home/william/LLMCompass_GoldData/software_model/matmul.py", line 918, in simulate
    if m == previous_m and k == previous_k:
2025-12-30 15:42:05,065 [ERROR] KeyboardInterrupt
2025-12-30 15:42:04,995 [ERROR] Process Process-129:
2025-12-30 15:42:04,995 [ERROR] Process Process-169:
2025-12-30 15:42:04,995 [ERROR] Process Process-323:
2025-12-30 15:42:04,995 [ERROR] Process Process-112:
2025-12-30 15:42:04,995 [ERROR] Process Process-306:
2025-12-30 15:42:05,065 [ERROR] Traceback (most recent call last):
2025-12-30 15:42:05,065 [ERROR] Traceback (most recent call last):
2025-12-30 15:42:05,065 [ERROR]   File "/home/william/miniconda3/envs/llmcompass/lib/python3.9/multiprocessing/process.py", line 315, in _bootstrap
    self.run()
2025-12-30 15:42:05,065 [ERROR]   File "/home/william/miniconda3/envs/llmcompass/lib/python3.9/multiprocessing/process.py", line 315, in _bootstrap
    self.run()
2025-12-30 15:42:05,065 [ERROR]   File "/home/william/miniconda3/envs/llmcompass/lib/python3.9/multiprocessing/process.py", line 108, in run
    self._target(*self._args, **self._kwargs)
2025-12-30 15:42:05,065 [ERROR]   File "/home/william/miniconda3/envs/llmcompass/lib/python3.9/multiprocessing/process.py", line 108, in run
    self._target(*self._args, **self._kwargs)
2025-12-30 15:42:05,065 [ERROR]   File "/home/william/LLMCompass_GoldData/ae/figure8/change_memory_bw.py", line 103, in test_memory_bandwidth
    auto_regression_latency_simulated = model_auto_regression.compile_and_simulate(
2025-12-30 15:42:05,065 [ERROR]   File "/home/william/LLMCompass_GoldData/ae/figure8/change_memory_bw.py", line 103, in test_memory_bandwidth
    auto_regression_latency_simulated = model_auto_regression.compile_and_simulate(
2025-12-30 15:42:05,066 [ERROR]   File "/home/william/LLMCompass_GoldData/software_model/transformer.py", line 573, in compile_and_simulate
    self.H_matmul0.compile_and_simulate(pcb, compile_mode)
2025-12-30 15:42:05,066 [ERROR]   File "/home/william/LLMCompass_GoldData/software_model/transformer.py", line 573, in compile_and_simulate
    self.H_matmul0.compile_and_simulate(pcb, compile_mode)
2025-12-30 15:42:05,066 [ERROR]   File "/home/william/LLMCompass_GoldData/software_model/matmul.py", line 583, in compile_and_simulate
    cycle_count = self.simulate(
2025-12-30 15:42:05,065 [ERROR] Traceback (most recent call last):
2025-12-30 15:42:05,066 [ERROR]   File "/home/william/LLMCompass_GoldData/software_model/matmul.py", line 583, in compile_and_simulate
    cycle_count = self.simulate(
2025-12-30 15:42:05,066 [ERROR]   File "/home/william/LLMCompass_GoldData/software_model/matmul.py", line 943, in simulate
    max(
2025-12-30 15:42:05,066 [ERROR]   File "/home/william/LLMCompass_GoldData/software_model/matmul.py", line 905, in simulate
    for m, n, k in self.generate_tile_loops(
2025-12-30 15:42:05,066 [ERROR] KeyboardInterrupt
2025-12-30 15:42:05,066 [ERROR]   File "/home/william/LLMCompass_GoldData/software_model/matmul.py", line 198, in generate_tile_loops
    for m in range(loop_M):
2025-12-30 15:42:05,066 [ERROR]   File "/home/william/miniconda3/envs/llmcompass/lib/python3.9/multiprocessing/process.py", line 315, in _bootstrap
    self.run()
2025-12-30 15:42:05,066 [ERROR] KeyboardInterrupt
2025-12-30 15:42:05,066 [ERROR]   File "/home/william/miniconda3/envs/llmcompass/lib/python3.9/multiprocessing/process.py", line 108, in run
    self._target(*self._args, **self._kwargs)
2025-12-30 15:42:05,066 [ERROR]   File "/home/william/LLMCompass_GoldData/ae/figure8/change_memory_bw.py", line 103, in test_memory_bandwidth
    auto_regression_latency_simulated = model_auto_regression.compile_and_simulate(
2025-12-30 15:42:05,066 [ERROR]   File "/home/william/LLMCompass_GoldData/software_model/transformer.py", line 578, in compile_and_simulate
    self.H_matmul1.compile_and_simulate(pcb, compile_mode)
2025-12-30 15:42:05,066 [ERROR]   File "/home/william/LLMCompass_GoldData/software_model/matmul.py", line 583, in compile_and_simulate
    cycle_count = self.simulate(
2025-12-30 15:42:05,066 [ERROR]   File "/home/william/LLMCompass_GoldData/software_model/matmul.py", line 915, in simulate
    previous_l2_tile = l2_tiles[previous_m, previous_n, previous_k]
2025-12-30 15:42:05,066 [ERROR] KeyboardInterrupt
2025-12-30 15:42:05,066 [ERROR] Traceback (most recent call last):
2025-12-30 15:42:05,066 [ERROR]   File "/home/william/miniconda3/envs/llmcompass/lib/python3.9/multiprocessing/process.py", line 315, in _bootstrap
    self.run()
2025-12-30 15:42:05,066 [ERROR]   File "/home/william/miniconda3/envs/llmcompass/lib/python3.9/multiprocessing/process.py", line 108, in run
    self._target(*self._args, **self._kwargs)
2025-12-30 15:42:05,066 [ERROR]   File "/home/william/LLMCompass_GoldData/ae/figure8/change_memory_bw.py", line 103, in test_memory_bandwidth
    auto_regression_latency_simulated = model_auto_regression.compile_and_simulate(
2025-12-30 15:42:05,066 [ERROR]   File "/home/william/LLMCompass_GoldData/software_model/transformer.py", line 558, in compile_and_simulate
    self.Q_proj.compile_and_simulate(pcb, compile_mode)
2025-12-30 15:42:05,066 [ERROR]   File "/home/william/LLMCompass_GoldData/software_model/matmul.py", line 583, in compile_and_simulate
    cycle_count = self.simulate(
2025-12-30 15:42:05,066 [ERROR]   File "/home/william/LLMCompass_GoldData/software_model/matmul.py", line 826, in simulate
    l2_tiles[-1, :N_l2_t, :K_l2_t] = self.L2TileSimulator(
2025-12-30 15:42:05,066 [ERROR]   File "/home/william/LLMCompass_GoldData/software_model/matmul.py", line 1005, in __init__
    self.compute_cycle_count = self.simulate_l2_tile_compute_cycle_count(
2025-12-30 15:42:05,066 [ERROR]   File "/home/william/LLMCompass_GoldData/software_model/matmul.py", line 1182, in simulate_l2_tile_compute_cycle_count
    active_l1_tile_list.append((m, n, k, l1_tiles[m, n, k]))
2025-12-30 15:42:05,066 [ERROR] KeyboardInterrupt
2025-12-30 15:42:05,066 [ERROR] Traceback (most recent call last):
2025-12-30 15:42:05,066 [ERROR]   File "/home/william/miniconda3/envs/llmcompass/lib/python3.9/multiprocessing/process.py", line 315, in _bootstrap
    self.run()
2025-12-30 15:42:05,066 [ERROR]   File "/home/william/miniconda3/envs/llmcompass/lib/python3.9/multiprocessing/process.py", line 108, in run
    self._target(*self._args, **self._kwargs)
2025-12-30 15:42:05,066 [ERROR]   File "/home/william/LLMCompass_GoldData/ae/figure8/change_memory_bw.py", line 103, in test_memory_bandwidth
    auto_regression_latency_simulated = model_auto_regression.compile_and_simulate(
2025-12-30 15:42:05,066 [ERROR]   File "/home/william/LLMCompass_GoldData/software_model/transformer.py", line 573, in compile_and_simulate
    self.H_matmul0.compile_and_simulate(pcb, compile_mode)
2025-12-30 15:42:05,067 [ERROR]   File "/home/william/LLMCompass_GoldData/software_model/matmul.py", line 583, in compile_and_simulate
    cycle_count = self.simulate(
2025-12-30 15:42:05,067 [ERROR]   File "/home/william/LLMCompass_GoldData/software_model/matmul.py", line 919, in simulate
    current_tile_read_cycle_count = l2_tile.K_N_io_cycle_count
2025-12-30 15:42:05,067 [ERROR] KeyboardInterrupt
2025-12-30 15:42:05,068 [ERROR] Traceback (most recent call last):
2025-12-30 15:42:05,068 [ERROR]   File "/home/william/miniconda3/envs/llmcompass/lib/python3.9/multiprocessing/process.py", line 315, in _bootstrap
    self.run()
2025-12-30 15:42:05,068 [ERROR]   File "/home/william/miniconda3/envs/llmcompass/lib/python3.9/multiprocessing/process.py", line 108, in run
    self._target(*self._args, **self._kwargs)
2025-12-30 15:42:05,068 [ERROR]   File "/home/william/LLMCompass_GoldData/ae/figure8/change_memory_bw.py", line 103, in test_memory_bandwidth
    auto_regression_latency_simulated = model_auto_regression.compile_and_simulate(
2025-12-30 15:42:05,068 [ERROR]   File "/home/william/LLMCompass_GoldData/software_model/transformer.py", line 573, in compile_and_simulate
    self.H_matmul0.compile_and_simulate(pcb, compile_mode)
2025-12-30 15:42:05,068 [ERROR]   File "/home/william/LLMCompass_GoldData/software_model/matmul.py", line 583, in compile_and_simulate
    cycle_count = self.simulate(
2025-12-30 15:42:05,068 [ERROR]   File "/home/william/LLMCompass_GoldData/software_model/matmul.py", line 957, in simulate
    previous_k = k
2025-12-30 15:42:05,068 [ERROR] KeyboardInterrupt
2025-12-30 15:42:04,995 [ERROR] Process Process-284:
2025-12-30 15:42:05,069 [ERROR] Traceback (most recent call last):
2025-12-30 15:42:05,069 [ERROR]   File "/home/william/miniconda3/envs/llmcompass/lib/python3.9/multiprocessing/process.py", line 315, in _bootstrap
    self.run()
2025-12-30 15:42:05,069 [ERROR]   File "/home/william/miniconda3/envs/llmcompass/lib/python3.9/multiprocessing/process.py", line 108, in run
    self._target(*self._args, **self._kwargs)
2025-12-30 15:42:05,069 [ERROR]   File "/home/william/LLMCompass_GoldData/ae/figure8/change_memory_bw.py", line 103, in test_memory_bandwidth
    auto_regression_latency_simulated = model_auto_regression.compile_and_simulate(
2025-12-30 15:42:05,069 [ERROR]   File "/home/william/LLMCompass_GoldData/software_model/transformer.py", line 558, in compile_and_simulate
    self.Q_proj.compile_and_simulate(pcb, compile_mode)
2025-12-30 15:42:05,069 [ERROR]   File "/home/william/LLMCompass_GoldData/software_model/matmul.py", line 583, in compile_and_simulate
    cycle_count = self.simulate(
2025-12-30 15:42:05,069 [ERROR]   File "/home/william/LLMCompass_GoldData/software_model/matmul.py", line 846, in simulate
    l2_tiles[:M_l2_t, :N_l2_t, -1] = self.L2TileSimulator(
2025-12-30 15:42:05,069 [ERROR]   File "/home/william/LLMCompass_GoldData/software_model/matmul.py", line 1005, in __init__
    self.compute_cycle_count = self.simulate_l2_tile_compute_cycle_count(
2025-12-30 15:42:05,069 [ERROR]   File "/home/william/LLMCompass_GoldData/software_model/matmul.py", line 1176, in simulate_l2_tile_compute_cycle_count
    for m, n, k in Matmul.generate_tile_loops(
2025-12-30 15:42:05,069 [ERROR]   File "/home/william/LLMCompass_GoldData/software_model/matmul.py", line 199, in generate_tile_loops
    yield m, n, k
2025-12-30 15:42:05,069 [ERROR] KeyboardInterrupt
2025-12-30 15:42:04,995 [ERROR] Process Process-278:
2025-12-30 15:42:04,995 [ERROR] Process Process-57:
2025-12-30 15:42:04,995 [ERROR] Process Process-118:
2025-12-30 15:42:05,072 [ERROR] Traceback (most recent call last):
2025-12-30 15:42:05,072 [ERROR]   File "/home/william/miniconda3/envs/llmcompass/lib/python3.9/multiprocessing/process.py", line 315, in _bootstrap
    self.run()
2025-12-30 15:42:05,072 [ERROR]   File "/home/william/miniconda3/envs/llmcompass/lib/python3.9/multiprocessing/process.py", line 108, in run
    self._target(*self._args, **self._kwargs)
2025-12-30 15:42:05,072 [ERROR]   File "/home/william/LLMCompass_GoldData/ae/figure8/change_memory_bw.py", line 103, in test_memory_bandwidth
    auto_regression_latency_simulated = model_auto_regression.compile_and_simulate(
2025-12-30 15:42:05,072 [ERROR]   File "/home/william/LLMCompass_GoldData/software_model/transformer.py", line 573, in compile_and_simulate
    self.H_matmul0.compile_and_simulate(pcb, compile_mode)
2025-12-30 15:42:05,072 [ERROR]   File "/home/william/LLMCompass_GoldData/software_model/matmul.py", line 583, in compile_and_simulate
    cycle_count = self.simulate(
2025-12-30 15:42:05,072 [ERROR]   File "/home/william/LLMCompass_GoldData/software_model/matmul.py", line 905, in simulate
    for m, n, k in self.generate_tile_loops(
2025-12-30 15:42:05,072 [ERROR]   File "/home/william/LLMCompass_GoldData/software_model/matmul.py", line 198, in generate_tile_loops
    for m in range(loop_M):
2025-12-30 15:42:05,072 [ERROR] KeyboardInterrupt
2025-12-30 15:42:04,995 [ERROR] Process Process-81:
2025-12-30 15:42:05,011 [ERROR] Process Process-184:
2025-12-30 15:42:04,995 [ERROR] Process Process-136:
2025-12-30 15:42:05,015 [ERROR] Process Process-228:
2025-12-30 15:42:04,995 [ERROR] Process Process-238:
2025-12-30 15:42:04,995 [ERROR] Process Process-9:
2025-12-30 15:42:05,073 [ERROR] Traceback (most recent call last):
2025-12-30 15:42:05,073 [ERROR]   File "/home/william/miniconda3/envs/llmcompass/lib/python3.9/multiprocessing/process.py", line 315, in _bootstrap
    self.run()
2025-12-30 15:42:04,995 [ERROR] Process Process-29:
2025-12-30 15:42:04,995 [ERROR] Process Process-275:
2025-12-30 15:42:05,073 [ERROR]   File "/home/william/miniconda3/envs/llmcompass/lib/python3.9/multiprocessing/process.py", line 108, in run
    self._target(*self._args, **self._kwargs)
2025-12-30 15:42:04,995 [ERROR] Process Process-183:
2025-12-30 15:42:04,995 [ERROR] Process Process-102:
2025-12-30 15:42:05,073 [ERROR]   File "/home/william/LLMCompass_GoldData/ae/figure8/change_memory_bw.py", line 103, in test_memory_bandwidth
    auto_regression_latency_simulated = model_auto_regression.compile_and_simulate(
2025-12-30 15:42:05,073 [ERROR]   File "/home/william/LLMCompass_GoldData/software_model/transformer.py", line 558, in compile_and_simulate
    self.Q_proj.compile_and_simulate(pcb, compile_mode)
2025-12-30 15:42:05,073 [ERROR]   File "/home/william/LLMCompass_GoldData/software_model/matmul.py", line 583, in compile_and_simulate
    cycle_count = self.simulate(
2025-12-30 15:42:05,073 [ERROR]   File "/home/william/LLMCompass_GoldData/software_model/matmul.py", line 836, in simulate
    l2_tiles[:M_l2_t, -1, :K_l2_t] = self.L2TileSimulator(
2025-12-30 15:42:05,073 [ERROR]   File "/home/william/LLMCompass_GoldData/software_model/matmul.py", line 1005, in __init__
    self.compute_cycle_count = self.simulate_l2_tile_compute_cycle_count(
2025-12-30 15:42:05,073 [ERROR]   File "/home/william/LLMCompass_GoldData/software_model/matmul.py", line 1184, in simulate_l2_tile_compute_cycle_count
    m == ceil(M / l1_tile_M) - 1
2025-12-30 15:42:05,073 [ERROR] KeyboardInterrupt
2025-12-30 15:42:05,073 [ERROR] Traceback (most recent call last):
2025-12-30 15:42:05,073 [ERROR] Traceback (most recent call last):
2025-12-30 15:42:05,073 [ERROR]   File "/home/william/miniconda3/envs/llmcompass/lib/python3.9/multiprocessing/process.py", line 315, in _bootstrap
    self.run()
2025-12-30 15:42:05,073 [ERROR]   File "/home/william/miniconda3/envs/llmcompass/lib/python3.9/multiprocessing/process.py", line 315, in _bootstrap
    self.run()
2025-12-30 15:42:05,073 [ERROR]   File "/home/william/miniconda3/envs/llmcompass/lib/python3.9/multiprocessing/process.py", line 108, in run
    self._target(*self._args, **self._kwargs)
2025-12-30 15:42:05,073 [ERROR]   File "/home/william/miniconda3/envs/llmcompass/lib/python3.9/multiprocessing/process.py", line 108, in run
    self._target(*self._args, **self._kwargs)
2025-12-30 15:42:05,073 [ERROR] Traceback (most recent call last):
2025-12-30 15:42:05,074 [ERROR]   File "/home/william/LLMCompass_GoldData/ae/figure8/change_memory_bw.py", line 103, in test_memory_bandwidth
    auto_regression_latency_simulated = model_auto_regression.compile_and_simulate(
2025-12-30 15:42:05,074 [ERROR]   File "/home/william/LLMCompass_GoldData/ae/figure8/change_memory_bw.py", line 103, in test_memory_bandwidth
    auto_regression_latency_simulated = model_auto_regression.compile_and_simulate(
2025-12-30 15:42:05,074 [ERROR]   File "/home/william/LLMCompass_GoldData/software_model/transformer.py", line 573, in compile_and_simulate
    self.H_matmul0.compile_and_simulate(pcb, compile_mode)
2025-12-30 15:42:05,074 [ERROR]   File "/home/william/LLMCompass_GoldData/software_model/transformer.py", line 573, in compile_and_simulate
    self.H_matmul0.compile_and_simulate(pcb, compile_mode)
2025-12-30 15:42:05,073 [ERROR] Traceback (most recent call last):
2025-12-30 15:42:05,074 [ERROR]   File "/home/william/miniconda3/envs/llmcompass/lib/python3.9/multiprocessing/process.py", line 315, in _bootstrap
    self.run()
2025-12-30 15:42:05,074 [ERROR]   File "/home/william/LLMCompass_GoldData/software_model/matmul.py", line 583, in compile_and_simulate
    cycle_count = self.simulate(
2025-12-30 15:42:05,074 [ERROR]   File "/home/william/LLMCompass_GoldData/software_model/matmul.py", line 583, in compile_and_simulate
    cycle_count = self.simulate(
2025-12-30 15:42:05,074 [ERROR]   File "/home/william/LLMCompass_GoldData/software_model/matmul.py", line 943, in simulate
    max(
2025-12-30 15:42:05,074 [ERROR]   File "/home/william/miniconda3/envs/llmcompass/lib/python3.9/multiprocessing/process.py", line 108, in run
    self._target(*self._args, **self._kwargs)
2025-12-30 15:42:05,074 [ERROR]   File "/home/william/LLMCompass_GoldData/software_model/matmul.py", line 943, in simulate
    max(
2025-12-30 15:42:05,074 [ERROR] KeyboardInterrupt
2025-12-30 15:42:05,074 [ERROR]   File "/home/william/LLMCompass_GoldData/ae/figure8/change_memory_bw.py", line 103, in test_memory_bandwidth
    auto_regression_latency_simulated = model_auto_regression.compile_and_simulate(
2025-12-30 15:42:05,074 [ERROR] KeyboardInterrupt
2025-12-30 15:42:05,074 [ERROR]   File "/home/william/miniconda3/envs/llmcompass/lib/python3.9/multiprocessing/process.py", line 315, in _bootstrap
    self.run()
2025-12-30 15:42:05,074 [ERROR]   File "/home/william/LLMCompass_GoldData/software_model/transformer.py", line 573, in compile_and_simulate
    self.H_matmul0.compile_and_simulate(pcb, compile_mode)
2025-12-30 15:42:05,074 [ERROR]   File "/home/william/miniconda3/envs/llmcompass/lib/python3.9/multiprocessing/process.py", line 108, in run
    self._target(*self._args, **self._kwargs)
2025-12-30 15:42:05,074 [ERROR]   File "/home/william/LLMCompass_GoldData/software_model/matmul.py", line 583, in compile_and_simulate
    cycle_count = self.simulate(
2025-12-30 15:42:05,074 [ERROR]   File "/home/william/LLMCompass_GoldData/ae/figure8/change_memory_bw.py", line 103, in test_memory_bandwidth
    auto_regression_latency_simulated = model_auto_regression.compile_and_simulate(
2025-12-30 15:42:05,074 [ERROR]   File "/home/william/LLMCompass_GoldData/software_model/matmul.py", line 935, in simulate
    if m == previous_m and n == previous_n:
2025-12-30 15:42:05,074 [ERROR]   File "/home/william/LLMCompass_GoldData/software_model/transformer.py", line 578, in compile_and_simulate
    self.H_matmul1.compile_and_simulate(pcb, compile_mode)
2025-12-30 15:42:05,074 [ERROR]   File "/home/william/LLMCompass_GoldData/software_model/matmul.py", line 583, in compile_and_simulate
    cycle_count = self.simulate(
2025-12-30 15:42:05,074 [ERROR] KeyboardInterrupt
2025-12-30 15:42:05,074 [ERROR]   File "/home/william/LLMCompass_GoldData/software_model/matmul.py", line 826, in simulate
    l2_tiles[-1, :N_l2_t, :K_l2_t] = self.L2TileSimulator(
2025-12-30 15:42:05,074 [ERROR]   File "/home/william/LLMCompass_GoldData/software_model/matmul.py", line 1005, in __init__
    self.compute_cycle_count = self.simulate_l2_tile_compute_cycle_count(
2025-12-30 15:42:05,074 [ERROR]   File "/home/william/LLMCompass_GoldData/software_model/matmul.py", line 1058, in simulate_l2_tile_compute_cycle_count
    l1_tiles[-1, :N_l1_t, :K_l1_t] = Matmul.L1TileSimulator(
2025-12-30 15:42:05,074 [ERROR]   File "/home/william/LLMCompass_GoldData/software_model/matmul.py", line 1308, in __init__
    self.compute_cycle_count = self.simulate_l1_tile_compute_cycle_count(
2025-12-30 15:42:05,074 [ERROR]   File "/home/william/LLMCompass_GoldData/software_model/matmul.py", line 1338, in simulate_l1_tile_compute_cycle_count
    Matmul.simulate_systolic_array_cycle_count(
2025-12-30 15:42:05,074 [ERROR]   File "/home/william/LLMCompass_GoldData/software_model/matmul.py", line 1405, in simulate_systolic_array_cycle_count
    cycle_count = look_up_table.loc[
2025-12-30 15:42:05,074 [ERROR]   File "/home/william/miniconda3/envs/llmcompass/lib/python3.9/site-packages/pandas/core/indexing.py", line 1181, in __getitem__
    key = tuple(list(x) if is_iterator(x) else x for x in key)
2025-12-30 15:42:05,074 [ERROR] KeyboardInterrupt
2025-12-30 15:42:05,074 [ERROR] Traceback (most recent call last):
2025-12-30 15:42:05,074 [ERROR] Traceback (most recent call last):
2025-12-30 15:42:05,074 [ERROR] Traceback (most recent call last):
2025-12-30 15:42:05,074 [ERROR]   File "/home/william/miniconda3/envs/llmcompass/lib/python3.9/multiprocessing/process.py", line 315, in _bootstrap
    self.run()
2025-12-30 15:42:05,074 [ERROR]   File "/home/william/miniconda3/envs/llmcompass/lib/python3.9/multiprocessing/process.py", line 315, in _bootstrap
    self.run()
2025-12-30 15:42:05,074 [ERROR]   File "/home/william/miniconda3/envs/llmcompass/lib/python3.9/multiprocessing/process.py", line 108, in run
    self._target(*self._args, **self._kwargs)
2025-12-30 15:42:05,074 [ERROR]   File "/home/william/miniconda3/envs/llmcompass/lib/python3.9/multiprocessing/process.py", line 315, in _bootstrap
    self.run()
2025-12-30 15:42:05,074 [ERROR]   File "/home/william/miniconda3/envs/llmcompass/lib/python3.9/multiprocessing/process.py", line 108, in run
    self._target(*self._args, **self._kwargs)
2025-12-30 15:42:05,074 [ERROR]   File "/home/william/LLMCompass_GoldData/ae/figure8/change_memory_bw.py", line 103, in test_memory_bandwidth
    auto_regression_latency_simulated = model_auto_regression.compile_and_simulate(
2025-12-30 15:42:05,074 [ERROR]   File "/home/william/LLMCompass_GoldData/ae/figure8/change_memory_bw.py", line 103, in test_memory_bandwidth
    auto_regression_latency_simulated = model_auto_regression.compile_and_simulate(
2025-12-30 15:42:05,074 [ERROR]   File "/home/william/miniconda3/envs/llmcompass/lib/python3.9/multiprocessing/process.py", line 108, in run
    self._target(*self._args, **self._kwargs)
2025-12-30 15:42:05,074 [ERROR]   File "/home/william/LLMCompass_GoldData/software_model/transformer.py", line 573, in compile_and_simulate
    self.H_matmul0.compile_and_simulate(pcb, compile_mode)
2025-12-30 15:42:05,074 [ERROR]   File "/home/william/LLMCompass_GoldData/ae/figure8/change_memory_bw.py", line 103, in test_memory_bandwidth
    auto_regression_latency_simulated = model_auto_regression.compile_and_simulate(
2025-12-30 15:42:05,074 [ERROR]   File "/home/william/LLMCompass_GoldData/software_model/transformer.py", line 558, in compile_and_simulate
    self.Q_proj.compile_and_simulate(pcb, compile_mode)
2025-12-30 15:42:05,074 [ERROR]   File "/home/william/LLMCompass_GoldData/software_model/matmul.py", line 583, in compile_and_simulate
    cycle_count = self.simulate(
2025-12-30 15:42:05,074 [ERROR]   File "/home/william/LLMCompass_GoldData/software_model/transformer.py", line 578, in compile_and_simulate
    self.H_matmul1.compile_and_simulate(pcb, compile_mode)
2025-12-30 15:42:05,074 [ERROR]   File "/home/william/LLMCompass_GoldData/software_model/matmul.py", line 583, in compile_and_simulate
    cycle_count = self.simulate(
2025-12-30 15:42:05,074 [ERROR]   File "/home/william/LLMCompass_GoldData/software_model/matmul.py", line 826, in simulate
    l2_tiles[-1, :N_l2_t, :K_l2_t] = self.L2TileSimulator(
2025-12-30 15:42:05,074 [ERROR]   File "/home/william/LLMCompass_GoldData/software_model/matmul.py", line 583, in compile_and_simulate
    cycle_count = self.simulate(
2025-12-30 15:42:05,074 [ERROR]   File "/home/william/LLMCompass_GoldData/software_model/matmul.py", line 826, in simulate
    l2_tiles[-1, :N_l2_t, :K_l2_t] = self.L2TileSimulator(
2025-12-30 15:42:05,074 [ERROR]   File "/home/william/LLMCompass_GoldData/software_model/matmul.py", line 1005, in __init__
    self.compute_cycle_count = self.simulate_l2_tile_compute_cycle_count(
2025-12-30 15:42:05,074 [ERROR]   File "/home/william/LLMCompass_GoldData/software_model/matmul.py", line 943, in simulate
    max(
2025-12-30 15:42:05,074 [ERROR]   File "/home/william/LLMCompass_GoldData/software_model/matmul.py", line 1005, in __init__
    self.compute_cycle_count = self.simulate_l2_tile_compute_cycle_count(
2025-12-30 15:42:05,074 [ERROR]   File "/home/william/LLMCompass_GoldData/software_model/matmul.py", line 1033, in simulate_l2_tile_compute_cycle_count
    l1_tile_N = mapping.l1_tile_N
2025-12-30 15:42:05,074 [ERROR] KeyboardInterrupt
2025-12-30 15:42:05,074 [ERROR]   File "/home/william/LLMCompass_GoldData/software_model/matmul.py", line 1219, in simulate_l2_tile_compute_cycle_count
    temp_l1_tile_compute_cycle_count += ceil(
2025-12-30 15:42:05,074 [ERROR] KeyboardInterrupt
2025-12-30 15:42:05,074 [ERROR] KeyboardInterrupt
2025-12-30 15:42:05,074 [ERROR] Traceback (most recent call last):
2025-12-30 15:42:05,074 [ERROR]   File "/home/william/miniconda3/envs/llmcompass/lib/python3.9/multiprocessing/process.py", line 315, in _bootstrap
    self.run()
2025-12-30 15:42:05,075 [ERROR]   File "/home/william/miniconda3/envs/llmcompass/lib/python3.9/multiprocessing/process.py", line 108, in run
    self._target(*self._args, **self._kwargs)
2025-12-30 15:42:05,075 [ERROR]   File "/home/william/LLMCompass_GoldData/ae/figure8/change_memory_bw.py", line 103, in test_memory_bandwidth
    auto_regression_latency_simulated = model_auto_regression.compile_and_simulate(
2025-12-30 15:42:05,075 [ERROR]   File "/home/william/LLMCompass_GoldData/software_model/transformer.py", line 578, in compile_and_simulate
    self.H_matmul1.compile_and_simulate(pcb, compile_mode)
2025-12-30 15:42:05,075 [ERROR]   File "/home/william/LLMCompass_GoldData/software_model/matmul.py", line 583, in compile_and_simulate
    cycle_count = self.simulate(
2025-12-30 15:42:05,075 [ERROR]   File "/home/william/LLMCompass_GoldData/software_model/matmul.py", line 826, in simulate
    l2_tiles[-1, :N_l2_t, :K_l2_t] = self.L2TileSimulator(
2025-12-30 15:42:05,075 [ERROR]   File "/home/william/LLMCompass_GoldData/software_model/matmul.py", line 1005, in __init__
    self.compute_cycle_count = self.simulate_l2_tile_compute_cycle_count(
2025-12-30 15:42:05,075 [ERROR]   File "/home/william/LLMCompass_GoldData/software_model/matmul.py", line 1058, in simulate_l2_tile_compute_cycle_count
    l1_tiles[-1, :N_l1_t, :K_l1_t] = Matmul.L1TileSimulator(
2025-12-30 15:42:05,075 [ERROR]   File "/home/william/LLMCompass_GoldData/software_model/matmul.py", line 1308, in __init__
    self.compute_cycle_count = self.simulate_l1_tile_compute_cycle_count(
2025-12-30 15:42:05,075 [ERROR]   File "/home/william/LLMCompass_GoldData/software_model/matmul.py", line 1338, in simulate_l1_tile_compute_cycle_count
    Matmul.simulate_systolic_array_cycle_count(
2025-12-30 15:42:05,075 [ERROR]   File "/home/william/LLMCompass_GoldData/software_model/matmul.py", line 1405, in simulate_systolic_array_cycle_count
    cycle_count = look_up_table.loc[
2025-12-30 15:42:05,075 [ERROR]   File "/home/william/miniconda3/envs/llmcompass/lib/python3.9/site-packages/pandas/core/indexing.py", line 1185, in __getitem__
    return self._getitem_tuple(key)
2025-12-30 15:42:05,075 [ERROR]   File "/home/william/miniconda3/envs/llmcompass/lib/python3.9/site-packages/pandas/core/indexing.py", line 1369, in _getitem_tuple
    return self._getitem_lowerdim(tup)
2025-12-30 15:42:05,075 [ERROR]   File "/home/william/miniconda3/envs/llmcompass/lib/python3.9/site-packages/pandas/core/indexing.py", line 1042, in _getitem_lowerdim
    return self._getitem_nested_tuple(tup)
2025-12-30 15:42:05,075 [ERROR]   File "/home/william/miniconda3/envs/llmcompass/lib/python3.9/site-packages/pandas/core/indexing.py", line 1154, in _getitem_nested_tuple
    obj = getattr(obj, self.name)._getitem_axis(key, axis=axis)
2025-12-30 15:42:05,075 [ERROR]   File "/home/william/miniconda3/envs/llmcompass/lib/python3.9/site-packages/pandas/core/indexing.py", line 1424, in _getitem_axis
    if is_nested_tuple(key, labels):
2025-12-30 15:42:05,075 [ERROR]   File "/home/william/miniconda3/envs/llmcompass/lib/python3.9/site-packages/pandas/core/indexing.py", line 2767, in is_nested_tuple
    for k in tup:
2025-12-30 15:42:05,075 [ERROR] KeyboardInterrupt
2025-12-30 15:42:04,995 [ERROR] Process Process-64:
2025-12-30 15:42:04,995 [ERROR] Process Process-363:
2025-12-30 15:42:05,076 [ERROR] Traceback (most recent call last):
2025-12-30 15:42:05,076 [ERROR] Traceback (most recent call last):
2025-12-30 15:42:05,076 [ERROR]   File "/home/william/miniconda3/envs/llmcompass/lib/python3.9/multiprocessing/process.py", line 315, in _bootstrap
    self.run()
2025-12-30 15:42:05,076 [ERROR]   File "/home/william/miniconda3/envs/llmcompass/lib/python3.9/multiprocessing/process.py", line 315, in _bootstrap
    self.run()
2025-12-30 15:42:05,076 [ERROR]   File "/home/william/miniconda3/envs/llmcompass/lib/python3.9/multiprocessing/process.py", line 108, in run
    self._target(*self._args, **self._kwargs)
2025-12-30 15:42:05,076 [ERROR]   File "/home/william/miniconda3/envs/llmcompass/lib/python3.9/multiprocessing/process.py", line 108, in run
    self._target(*self._args, **self._kwargs)
2025-12-30 15:42:05,076 [ERROR]   File "/home/william/LLMCompass_GoldData/ae/figure8/change_memory_bw.py", line 103, in test_memory_bandwidth
    auto_regression_latency_simulated = model_auto_regression.compile_and_simulate(
2025-12-30 15:42:05,076 [ERROR]   File "/home/william/LLMCompass_GoldData/ae/figure8/change_memory_bw.py", line 103, in test_memory_bandwidth
    auto_regression_latency_simulated = model_auto_regression.compile_and_simulate(
2025-12-30 15:42:05,076 [ERROR]   File "/home/william/LLMCompass_GoldData/software_model/transformer.py", line 578, in compile_and_simulate
    self.H_matmul1.compile_and_simulate(pcb, compile_mode)
2025-12-30 15:42:05,076 [ERROR]   File "/home/william/LLMCompass_GoldData/software_model/matmul.py", line 583, in compile_and_simulate
    cycle_count = self.simulate(
2025-12-30 15:42:05,076 [ERROR]   File "/home/william/LLMCompass_GoldData/software_model/transformer.py", line 573, in compile_and_simulate
    self.H_matmul0.compile_and_simulate(pcb, compile_mode)
2025-12-30 15:42:05,076 [ERROR]   File "/home/william/LLMCompass_GoldData/software_model/matmul.py", line 911, in simulate
    if m == 0 and n == 0 and k == 0:
2025-12-30 15:42:05,076 [ERROR]   File "/home/william/LLMCompass_GoldData/software_model/matmul.py", line 583, in compile_and_simulate
    cycle_count = self.simulate(
2025-12-30 15:42:05,076 [ERROR] KeyboardInterrupt
2025-12-30 15:42:05,076 [ERROR]   File "/home/william/LLMCompass_GoldData/software_model/matmul.py", line 826, in simulate
    l2_tiles[-1, :N_l2_t, :K_l2_t] = self.L2TileSimulator(
2025-12-30 15:42:05,076 [ERROR]   File "/home/william/LLMCompass_GoldData/software_model/matmul.py", line 1005, in __init__
    self.compute_cycle_count = self.simulate_l2_tile_compute_cycle_count(
2025-12-30 15:42:05,076 [ERROR]   File "/home/william/LLMCompass_GoldData/software_model/matmul.py", line 1222, in simulate_l2_tile_compute_cycle_count
    / chiplet_module.compute_module.core.vector_unit.total_vector_flops_per_cycle
2025-12-30 15:42:05,076 [ERROR] KeyboardInterrupt
2025-12-30 15:42:04,995 [ERROR] Process Process-246:
2025-12-30 15:42:04,995 [ERROR] Process Process-82:
2025-12-30 15:42:04,995 [ERROR] Process Process-302:
2025-12-30 15:42:05,076 [ERROR] Traceback (most recent call last):
2025-12-30 15:42:04,995 [ERROR] Process Process-366:
2025-12-30 15:42:05,076 [ERROR]   File "/home/william/miniconda3/envs/llmcompass/lib/python3.9/multiprocessing/process.py", line 315, in _bootstrap
    self.run()
2025-12-30 15:42:05,076 [ERROR]   File "/home/william/miniconda3/envs/llmcompass/lib/python3.9/multiprocessing/process.py", line 108, in run
    self._target(*self._args, **self._kwargs)
2025-12-30 15:42:05,076 [ERROR]   File "/home/william/LLMCompass_GoldData/ae/figure8/change_memory_bw.py", line 103, in test_memory_bandwidth
    auto_regression_latency_simulated = model_auto_regression.compile_and_simulate(
2025-12-30 15:42:05,076 [ERROR]   File "/home/william/LLMCompass_GoldData/software_model/transformer.py", line 573, in compile_and_simulate
    self.H_matmul0.compile_and_simulate(pcb, compile_mode)
2025-12-30 15:42:05,077 [ERROR]   File "/home/william/LLMCompass_GoldData/software_model/matmul.py", line 583, in compile_and_simulate
    cycle_count = self.simulate(
2025-12-30 15:42:05,077 [ERROR]   File "/home/william/LLMCompass_GoldData/software_model/matmul.py", line 826, in simulate
    l2_tiles[-1, :N_l2_t, :K_l2_t] = self.L2TileSimulator(
2025-12-30 15:42:05,077 [ERROR]   File "/home/william/LLMCompass_GoldData/software_model/matmul.py", line 1005, in __init__
    self.compute_cycle_count = self.simulate_l2_tile_compute_cycle_count(
2025-12-30 15:42:05,077 [ERROR]   File "/home/william/LLMCompass_GoldData/software_model/matmul.py", line 1214, in simulate_l2_tile_compute_cycle_count
    current_batch_Read_K_N[temp_k, temp_n] = 1
2025-12-30 15:42:05,077 [ERROR] KeyboardInterrupt
2025-12-30 15:42:05,077 [ERROR] Traceback (most recent call last):
2025-12-30 15:42:04,995 [ERROR] Process Process-279:
2025-12-30 15:42:05,077 [ERROR]   File "/home/william/miniconda3/envs/llmcompass/lib/python3.9/multiprocessing/process.py", line 315, in _bootstrap
    self.run()
2025-12-30 15:42:05,077 [ERROR] Traceback (most recent call last):
2025-12-30 15:42:05,077 [ERROR]   File "/home/william/miniconda3/envs/llmcompass/lib/python3.9/multiprocessing/process.py", line 108, in run
    self._target(*self._args, **self._kwargs)
2025-12-30 15:42:05,077 [ERROR]   File "/home/william/LLMCompass_GoldData/ae/figure8/change_memory_bw.py", line 103, in test_memory_bandwidth
    auto_regression_latency_simulated = model_auto_regression.compile_and_simulate(
2025-12-30 15:42:05,077 [ERROR]   File "/home/william/miniconda3/envs/llmcompass/lib/python3.9/multiprocessing/process.py", line 315, in _bootstrap
    self.run()
2025-12-30 15:42:05,077 [ERROR]   File "/home/william/LLMCompass_GoldData/software_model/transformer.py", line 573, in compile_and_simulate
    self.H_matmul0.compile_and_simulate(pcb, compile_mode)
2025-12-30 15:42:05,077 [ERROR]   File "/home/william/miniconda3/envs/llmcompass/lib/python3.9/multiprocessing/process.py", line 108, in run
    self._target(*self._args, **self._kwargs)
2025-12-30 15:42:05,077 [ERROR]   File "/home/william/LLMCompass_GoldData/software_model/matmul.py", line 583, in compile_and_simulate
    cycle_count = self.simulate(
2025-12-30 15:42:05,077 [ERROR]   File "/home/william/LLMCompass_GoldData/software_model/matmul.py", line 914, in simulate
    l2_tile = l2_tiles[m, n, k]
2025-12-30 15:42:05,077 [ERROR]   File "/home/william/LLMCompass_GoldData/ae/figure8/change_memory_bw.py", line 103, in test_memory_bandwidth
    auto_regression_latency_simulated = model_auto_regression.compile_and_simulate(
2025-12-30 15:42:05,077 [ERROR] KeyboardInterrupt
2025-12-30 15:42:05,077 [ERROR]   File "/home/william/LLMCompass_GoldData/software_model/transformer.py", line 558, in compile_and_simulate
    self.Q_proj.compile_and_simulate(pcb, compile_mode)
2025-12-30 15:42:05,077 [ERROR]   File "/home/william/LLMCompass_GoldData/software_model/matmul.py", line 583, in compile_and_simulate
    cycle_count = self.simulate(
2025-12-30 15:42:05,077 [ERROR]   File "/home/william/LLMCompass_GoldData/software_model/matmul.py", line 927, in simulate
    current_tile_read_cycle_count += l2_tile.M_N_io_cycle_count
2025-12-30 15:42:05,077 [ERROR] KeyboardInterrupt
2025-12-30 15:42:05,077 [ERROR] Traceback (most recent call last):
2025-12-30 15:42:05,077 [ERROR]   File "/home/william/miniconda3/envs/llmcompass/lib/python3.9/multiprocessing/process.py", line 315, in _bootstrap
    self.run()
2025-12-30 15:42:05,077 [ERROR]   File "/home/william/miniconda3/envs/llmcompass/lib/python3.9/multiprocessing/process.py", line 108, in run
    self._target(*self._args, **self._kwargs)
2025-12-30 15:42:05,077 [ERROR]   File "/home/william/LLMCompass_GoldData/ae/figure8/change_memory_bw.py", line 103, in test_memory_bandwidth
    auto_regression_latency_simulated = model_auto_regression.compile_and_simulate(
2025-12-30 15:42:05,078 [ERROR]   File "/home/william/LLMCompass_GoldData/software_model/transformer.py", line 573, in compile_and_simulate
    self.H_matmul0.compile_and_simulate(pcb, compile_mode)
2025-12-30 15:42:05,078 [ERROR]   File "/home/william/LLMCompass_GoldData/software_model/matmul.py", line 583, in compile_and_simulate
    cycle_count = self.simulate(
2025-12-30 15:42:05,078 [ERROR]   File "/home/william/LLMCompass_GoldData/software_model/matmul.py", line 929, in simulate
    previous_tile_compute_cycle_count = previous_l2_tile.compute_cycle_count
2025-12-30 15:42:05,078 [ERROR] KeyboardInterrupt
2025-12-30 15:42:05,078 [ERROR] Traceback (most recent call last):
2025-12-30 15:42:05,078 [ERROR]   File "/home/william/miniconda3/envs/llmcompass/lib/python3.9/multiprocessing/process.py", line 315, in _bootstrap
    self.run()
2025-12-30 15:42:05,078 [ERROR]   File "/home/william/miniconda3/envs/llmcompass/lib/python3.9/multiprocessing/process.py", line 108, in run
    self._target(*self._args, **self._kwargs)
2025-12-30 15:42:04,995 [ERROR] Process Process-387:
2025-12-30 15:42:05,078 [ERROR]   File "/home/william/LLMCompass_GoldData/ae/figure8/change_memory_bw.py", line 103, in test_memory_bandwidth
    auto_regression_latency_simulated = model_auto_regression.compile_and_simulate(
2025-12-30 15:42:04,995 [ERROR] Process Process-106:
2025-12-30 15:42:04,995 [ERROR] Process Process-90:
2025-12-30 15:42:05,078 [ERROR]   File "/home/william/LLMCompass_GoldData/software_model/transformer.py", line 558, in compile_and_simulate
    self.Q_proj.compile_and_simulate(pcb, compile_mode)
2025-12-30 15:42:04,995 [ERROR] Process Process-301:
2025-12-30 15:42:05,078 [ERROR]   File "/home/william/LLMCompass_GoldData/software_model/matmul.py", line 583, in compile_and_simulate
    cycle_count = self.simulate(
2025-12-30 15:42:04,995 [ERROR] Process Process-95:
2025-12-30 15:42:05,078 [ERROR]   File "/home/william/LLMCompass_GoldData/software_model/matmul.py", line 826, in simulate
    l2_tiles[-1, :N_l2_t, :K_l2_t] = self.L2TileSimulator(
2025-12-30 15:42:05,078 [ERROR]   File "/home/william/LLMCompass_GoldData/software_model/matmul.py", line 1005, in __init__
    self.compute_cycle_count = self.simulate_l2_tile_compute_cycle_count(
2025-12-30 15:42:05,078 [ERROR]   File "/home/william/LLMCompass_GoldData/software_model/matmul.py", line 1213, in simulate_l2_tile_compute_cycle_count
    current_batch_Read_M_K[temp_m, temp_k] = 1
2025-12-30 15:42:05,078 [ERROR] KeyboardInterrupt
2025-12-30 15:42:04,995 [ERROR] Process Process-309:
2025-12-30 15:42:04,995 [ERROR] Process Process-63:
2025-12-30 15:42:04,995 [ERROR] Process Process-195:
2025-12-30 15:42:04,995 [ERROR] Process Process-383:
2025-12-30 15:42:05,078 [ERROR] Traceback (most recent call last):
2025-12-30 15:42:05,078 [ERROR] Traceback (most recent call last):
2025-12-30 15:42:05,079 [ERROR]   File "/home/william/miniconda3/envs/llmcompass/lib/python3.9/multiprocessing/process.py", line 315, in _bootstrap
    self.run()
2025-12-30 15:42:05,079 [ERROR]   File "/home/william/miniconda3/envs/llmcompass/lib/python3.9/multiprocessing/process.py", line 108, in run
    self._target(*self._args, **self._kwargs)
2025-12-30 15:42:05,079 [ERROR]   File "/home/william/miniconda3/envs/llmcompass/lib/python3.9/multiprocessing/process.py", line 315, in _bootstrap
    self.run()
2025-12-30 15:42:05,079 [ERROR]   File "/home/william/LLMCompass_GoldData/ae/figure8/change_memory_bw.py", line 103, in test_memory_bandwidth
    auto_regression_latency_simulated = model_auto_regression.compile_and_simulate(
2025-12-30 15:42:05,079 [ERROR] Traceback (most recent call last):
2025-12-30 15:42:05,079 [ERROR]   File "/home/william/miniconda3/envs/llmcompass/lib/python3.9/multiprocessing/process.py", line 108, in run
    self._target(*self._args, **self._kwargs)
2025-12-30 15:42:05,079 [ERROR] Traceback (most recent call last):
2025-12-30 15:42:05,079 [ERROR]   File "/home/william/LLMCompass_GoldData/software_model/transformer.py", line 573, in compile_and_simulate
    self.H_matmul0.compile_and_simulate(pcb, compile_mode)
2025-12-30 15:42:05,079 [ERROR]   File "/home/william/LLMCompass_GoldData/software_model/matmul.py", line 583, in compile_and_simulate
    cycle_count = self.simulate(
2025-12-30 15:42:05,079 [ERROR]   File "/home/william/LLMCompass_GoldData/ae/figure8/change_memory_bw.py", line 103, in test_memory_bandwidth
    auto_regression_latency_simulated = model_auto_regression.compile_and_simulate(
2025-12-30 15:42:05,079 [ERROR]   File "/home/william/LLMCompass_GoldData/software_model/matmul.py", line 915, in simulate
    previous_l2_tile = l2_tiles[previous_m, previous_n, previous_k]
2025-12-30 15:42:05,079 [ERROR]   File "/home/william/LLMCompass_GoldData/software_model/transformer.py", line 558, in compile_and_simulate
    self.Q_proj.compile_and_simulate(pcb, compile_mode)
2025-12-30 15:42:05,079 [ERROR]   File "/home/william/miniconda3/envs/llmcompass/lib/python3.9/multiprocessing/process.py", line 315, in _bootstrap
    self.run()
2025-12-30 15:42:05,079 [ERROR]   File "/home/william/miniconda3/envs/llmcompass/lib/python3.9/multiprocessing/process.py", line 315, in _bootstrap
    self.run()
2025-12-30 15:42:05,079 [ERROR] KeyboardInterrupt
2025-12-30 15:42:05,079 [ERROR]   File "/home/william/LLMCompass_GoldData/software_model/matmul.py", line 583, in compile_and_simulate
    cycle_count = self.simulate(
2025-12-30 15:42:05,079 [ERROR]   File "/home/william/miniconda3/envs/llmcompass/lib/python3.9/multiprocessing/process.py", line 108, in run
    self._target(*self._args, **self._kwargs)
2025-12-30 15:42:05,079 [ERROR]   File "/home/william/LLMCompass_GoldData/software_model/matmul.py", line 826, in simulate
    l2_tiles[-1, :N_l2_t, :K_l2_t] = self.L2TileSimulator(
2025-12-30 15:42:05,079 [ERROR]   File "/home/william/miniconda3/envs/llmcompass/lib/python3.9/multiprocessing/process.py", line 108, in run
    self._target(*self._args, **self._kwargs)
2025-12-30 15:42:05,079 [ERROR]   File "/home/william/LLMCompass_GoldData/ae/figure8/change_memory_bw.py", line 103, in test_memory_bandwidth
    auto_regression_latency_simulated = model_auto_regression.compile_and_simulate(
2025-12-30 15:42:05,079 [ERROR]   File "/home/william/LLMCompass_GoldData/software_model/matmul.py", line 1005, in __init__
    self.compute_cycle_count = self.simulate_l2_tile_compute_cycle_count(
2025-12-30 15:42:05,079 [ERROR]   File "/home/william/LLMCompass_GoldData/ae/figure8/change_memory_bw.py", line 103, in test_memory_bandwidth
    auto_regression_latency_simulated = model_auto_regression.compile_and_simulate(
2025-12-30 15:42:05,079 [ERROR]   File "/home/william/LLMCompass_GoldData/software_model/matmul.py", line 1236, in simulate_l2_tile_compute_cycle_count
    (current_batch_Read_K_N * (~previous_batch_Read_K_N))
2025-12-30 15:42:05,079 [ERROR]   File "/home/william/LLMCompass_GoldData/software_model/transformer.py", line 558, in compile_and_simulate
    self.Q_proj.compile_and_simulate(pcb, compile_mode)
2025-12-30 15:42:05,079 [ERROR]   File "/home/william/LLMCompass_GoldData/software_model/transformer.py", line 573, in compile_and_simulate
    self.H_matmul0.compile_and_simulate(pcb, compile_mode)
2025-12-30 15:42:05,079 [ERROR]   File "/home/william/LLMCompass_GoldData/software_model/matmul.py", line 583, in compile_and_simulate
    cycle_count = self.simulate(
2025-12-30 15:42:05,079 [ERROR]   File "/home/william/LLMCompass_GoldData/software_model/matmul.py", line 583, in compile_and_simulate
    cycle_count = self.simulate(
2025-12-30 15:42:05,079 [ERROR] KeyboardInterrupt
2025-12-30 15:42:05,079 [ERROR] Traceback (most recent call last):
2025-12-30 15:42:05,079 [ERROR]   File "/home/william/LLMCompass_GoldData/software_model/matmul.py", line 836, in simulate
    l2_tiles[:M_l2_t, -1, :K_l2_t] = self.L2TileSimulator(
2025-12-30 15:42:05,079 [ERROR]   File "/home/william/LLMCompass_GoldData/software_model/matmul.py", line 943, in simulate
    max(
2025-12-30 15:42:05,079 [ERROR]   File "/home/william/LLMCompass_GoldData/software_model/matmul.py", line 1005, in __init__
    self.compute_cycle_count = self.simulate_l2_tile_compute_cycle_count(
2025-12-30 15:42:05,079 [ERROR] KeyboardInterrupt
2025-12-30 15:42:05,079 [ERROR]   File "/home/william/LLMCompass_GoldData/software_model/matmul.py", line 1215, in simulate_l2_tile_compute_cycle_count
    current_batch_Read_M_N[temp_m, temp_n] = temp_k > 0
2025-12-30 15:42:05,079 [ERROR]   File "/home/william/miniconda3/envs/llmcompass/lib/python3.9/multiprocessing/process.py", line 315, in _bootstrap
    self.run()
2025-12-30 15:42:05,079 [ERROR] KeyboardInterrupt
2025-12-30 15:42:05,079 [ERROR]   File "/home/william/miniconda3/envs/llmcompass/lib/python3.9/multiprocessing/process.py", line 108, in run
    self._target(*self._args, **self._kwargs)
2025-12-30 15:42:05,079 [ERROR] Traceback (most recent call last):
2025-12-30 15:42:05,079 [ERROR]   File "/home/william/LLMCompass_GoldData/ae/figure8/change_memory_bw.py", line 103, in test_memory_bandwidth
    auto_regression_latency_simulated = model_auto_regression.compile_and_simulate(
2025-12-30 15:42:05,079 [ERROR]   File "/home/william/LLMCompass_GoldData/software_model/transformer.py", line 558, in compile_and_simulate
    self.Q_proj.compile_and_simulate(pcb, compile_mode)
2025-12-30 15:42:05,079 [ERROR]   File "/home/william/miniconda3/envs/llmcompass/lib/python3.9/multiprocessing/process.py", line 315, in _bootstrap
    self.run()
2025-12-30 15:42:05,079 [ERROR]   File "/home/william/LLMCompass_GoldData/software_model/matmul.py", line 583, in compile_and_simulate
    cycle_count = self.simulate(
2025-12-30 15:42:05,079 [ERROR] Traceback (most recent call last):
2025-12-30 15:42:05,079 [ERROR]   File "/home/william/miniconda3/envs/llmcompass/lib/python3.9/multiprocessing/process.py", line 108, in run
    self._target(*self._args, **self._kwargs)
2025-12-30 15:42:05,079 [ERROR]   File "/home/william/LLMCompass_GoldData/software_model/matmul.py", line 846, in simulate
    l2_tiles[:M_l2_t, :N_l2_t, -1] = self.L2TileSimulator(
2025-12-30 15:42:05,079 [ERROR]   File "/home/william/LLMCompass_GoldData/ae/figure8/change_memory_bw.py", line 103, in test_memory_bandwidth
    auto_regression_latency_simulated = model_auto_regression.compile_and_simulate(
2025-12-30 15:42:05,079 [ERROR]   File "/home/william/LLMCompass_GoldData/software_model/matmul.py", line 1005, in __init__
    self.compute_cycle_count = self.simulate_l2_tile_compute_cycle_count(
2025-12-30 15:42:05,079 [ERROR] Traceback (most recent call last):
2025-12-30 15:42:05,079 [ERROR]   File "/home/william/LLMCompass_GoldData/software_model/matmul.py", line 1222, in simulate_l2_tile_compute_cycle_count
    / chiplet_module.compute_module.core.vector_unit.total_vector_flops_per_cycle
2025-12-30 15:42:05,079 [ERROR]   File "/home/william/LLMCompass_GoldData/software_model/transformer.py", line 573, in compile_and_simulate
    self.H_matmul0.compile_and_simulate(pcb, compile_mode)
2025-12-30 15:42:05,079 [ERROR]   File "/home/william/miniconda3/envs/llmcompass/lib/python3.9/multiprocessing/process.py", line 315, in _bootstrap
    self.run()
2025-12-30 15:42:05,079 [ERROR] KeyboardInterrupt
2025-12-30 15:42:05,079 [ERROR]   File "/home/william/LLMCompass_GoldData/software_model/matmul.py", line 583, in compile_and_simulate
    cycle_count = self.simulate(
2025-12-30 15:42:05,079 [ERROR]   File "/home/william/miniconda3/envs/llmcompass/lib/python3.9/multiprocessing/process.py", line 108, in run
    self._target(*self._args, **self._kwargs)
2025-12-30 15:42:05,079 [ERROR]   File "/home/william/miniconda3/envs/llmcompass/lib/python3.9/multiprocessing/process.py", line 315, in _bootstrap
    self.run()
2025-12-30 15:42:05,079 [ERROR]   File "/home/william/LLMCompass_GoldData/software_model/matmul.py", line 943, in simulate
    max(
2025-12-30 15:42:05,079 [ERROR]   File "/home/william/LLMCompass_GoldData/ae/figure8/change_memory_bw.py", line 103, in test_memory_bandwidth
    auto_regression_latency_simulated = model_auto_regression.compile_and_simulate(
2025-12-30 15:42:05,079 [ERROR]   File "/home/william/miniconda3/envs/llmcompass/lib/python3.9/multiprocessing/process.py", line 108, in run
    self._target(*self._args, **self._kwargs)
2025-12-30 15:42:05,079 [ERROR] KeyboardInterrupt
2025-12-30 15:42:05,079 [ERROR]   File "/home/william/LLMCompass_GoldData/software_model/transformer.py", line 573, in compile_and_simulate
    self.H_matmul0.compile_and_simulate(pcb, compile_mode)
2025-12-30 15:42:05,079 [ERROR]   File "/home/william/LLMCompass_GoldData/ae/figure8/change_memory_bw.py", line 103, in test_memory_bandwidth
    auto_regression_latency_simulated = model_auto_regression.compile_and_simulate(
2025-12-30 15:42:05,079 [ERROR]   File "/home/william/LLMCompass_GoldData/software_model/matmul.py", line 583, in compile_and_simulate
    cycle_count = self.simulate(
2025-12-30 15:42:05,079 [ERROR]   File "/home/william/LLMCompass_GoldData/software_model/transformer.py", line 558, in compile_and_simulate
    self.Q_proj.compile_and_simulate(pcb, compile_mode)
2025-12-30 15:42:05,079 [ERROR]   File "/home/william/LLMCompass_GoldData/software_model/matmul.py", line 826, in simulate
    l2_tiles[-1, :N_l2_t, :K_l2_t] = self.L2TileSimulator(
2025-12-30 15:42:05,079 [ERROR]   File "/home/william/LLMCompass_GoldData/software_model/matmul.py", line 583, in compile_and_simulate
    cycle_count = self.simulate(
2025-12-30 15:42:05,079 [ERROR]   File "/home/william/LLMCompass_GoldData/software_model/matmul.py", line 1005, in __init__
    self.compute_cycle_count = self.simulate_l2_tile_compute_cycle_count(
2025-12-30 15:42:05,079 [ERROR]   File "/home/william/LLMCompass_GoldData/software_model/matmul.py", line 927, in simulate
    current_tile_read_cycle_count += l2_tile.M_N_io_cycle_count
2025-12-30 15:42:05,079 [ERROR]   File "/home/william/LLMCompass_GoldData/software_model/matmul.py", line 1176, in simulate_l2_tile_compute_cycle_count
    for m, n, k in Matmul.generate_tile_loops(
2025-12-30 15:42:05,079 [ERROR]   File "/home/william/LLMCompass_GoldData/software_model/matmul.py", line 198, in generate_tile_loops
    for m in range(loop_M):
2025-12-30 15:42:05,079 [ERROR] KeyboardInterrupt
2025-12-30 15:42:05,079 [ERROR] KeyboardInterrupt
2025-12-30 15:42:05,081 [ERROR] Traceback (most recent call last):
2025-12-30 15:42:05,081 [ERROR] Traceback (most recent call last):
2025-12-30 15:42:05,081 [ERROR]   File "/home/william/miniconda3/envs/llmcompass/lib/python3.9/multiprocessing/process.py", line 315, in _bootstrap
    self.run()
2025-12-30 15:42:05,081 [ERROR]   File "/home/william/miniconda3/envs/llmcompass/lib/python3.9/multiprocessing/process.py", line 315, in _bootstrap
    self.run()
2025-12-30 15:42:05,081 [ERROR]   File "/home/william/miniconda3/envs/llmcompass/lib/python3.9/multiprocessing/process.py", line 108, in run
    self._target(*self._args, **self._kwargs)
2025-12-30 15:42:05,081 [ERROR]   File "/home/william/LLMCompass_GoldData/ae/figure8/change_memory_bw.py", line 103, in test_memory_bandwidth
    auto_regression_latency_simulated = model_auto_regression.compile_and_simulate(
2025-12-30 15:42:05,081 [ERROR]   File "/home/william/LLMCompass_GoldData/software_model/transformer.py", line 573, in compile_and_simulate
    self.H_matmul0.compile_and_simulate(pcb, compile_mode)
2025-12-30 15:42:05,081 [ERROR]   File "/home/william/LLMCompass_GoldData/software_model/matmul.py", line 583, in compile_and_simulate
    cycle_count = self.simulate(
2025-12-30 15:42:05,081 [ERROR]   File "/home/william/LLMCompass_GoldData/software_model/matmul.py", line 826, in simulate
    l2_tiles[-1, :N_l2_t, :K_l2_t] = self.L2TileSimulator(
2025-12-30 15:42:05,081 [ERROR]   File "/home/william/LLMCompass_GoldData/software_model/matmul.py", line 1005, in __init__
    self.compute_cycle_count = self.simulate_l2_tile_compute_cycle_count(
2025-12-30 15:42:05,081 [ERROR]   File "/home/william/LLMCompass_GoldData/software_model/matmul.py", line 1133, in simulate_l2_tile_compute_cycle_count
    M_K_tile_size[-1, :K_l1_t] = M_remain * l1_tile_K
2025-12-30 15:42:05,082 [ERROR] KeyboardInterrupt
2025-12-30 15:42:04,995 [ERROR] Process Process-71:
2025-12-30 15:42:05,083 [ERROR] Traceback (most recent call last):
2025-12-30 15:42:05,083 [ERROR]   File "/home/william/miniconda3/envs/llmcompass/lib/python3.9/multiprocessing/process.py", line 315, in _bootstrap
    self.run()
2025-12-30 15:42:05,083 [ERROR]   File "/home/william/miniconda3/envs/llmcompass/lib/python3.9/multiprocessing/process.py", line 108, in run
    self._target(*self._args, **self._kwargs)
2025-12-30 15:42:05,083 [ERROR]   File "/home/william/LLMCompass_GoldData/ae/figure8/change_memory_bw.py", line 103, in test_memory_bandwidth
    auto_regression_latency_simulated = model_auto_regression.compile_and_simulate(
2025-12-30 15:42:05,083 [ERROR]   File "/home/william/LLMCompass_GoldData/software_model/transformer.py", line 558, in compile_and_simulate
    self.Q_proj.compile_and_simulate(pcb, compile_mode)
2025-12-30 15:42:05,083 [ERROR]   File "/home/william/LLMCompass_GoldData/software_model/matmul.py", line 583, in compile_and_simulate
    cycle_count = self.simulate(
2025-12-30 15:42:05,083 [ERROR]   File "/home/william/LLMCompass_GoldData/software_model/matmul.py", line 826, in simulate
    l2_tiles[-1, :N_l2_t, :K_l2_t] = self.L2TileSimulator(
2025-12-30 15:42:05,083 [ERROR]   File "/home/william/LLMCompass_GoldData/software_model/matmul.py", line 1005, in __init__
    self.compute_cycle_count = self.simulate_l2_tile_compute_cycle_count(
2025-12-30 15:42:05,083 [ERROR]   File "/home/william/LLMCompass_GoldData/software_model/matmul.py", line 1058, in simulate_l2_tile_compute_cycle_count
    l1_tiles[-1, :N_l1_t, :K_l1_t] = Matmul.L1TileSimulator(
2025-12-30 15:42:05,083 [ERROR]   File "/home/william/LLMCompass_GoldData/software_model/matmul.py", line 1308, in __init__
    self.compute_cycle_count = self.simulate_l1_tile_compute_cycle_count(
2025-12-30 15:42:05,083 [ERROR]   File "/home/william/LLMCompass_GoldData/software_model/matmul.py", line 1338, in simulate_l1_tile_compute_cycle_count
    Matmul.simulate_systolic_array_cycle_count(
2025-12-30 15:42:05,083 [ERROR]   File "/home/william/LLMCompass_GoldData/software_model/matmul.py", line 1405, in simulate_systolic_array_cycle_count
    cycle_count = look_up_table.loc[
2025-12-30 15:42:05,083 [ERROR]   File "/home/william/miniconda3/envs/llmcompass/lib/python3.9/site-packages/pandas/core/indexing.py", line 1185, in __getitem__
    return self._getitem_tuple(key)
2025-12-30 15:42:05,083 [ERROR]   File "/home/william/miniconda3/envs/llmcompass/lib/python3.9/site-packages/pandas/core/indexing.py", line 1369, in _getitem_tuple
    return self._getitem_lowerdim(tup)
2025-12-30 15:42:05,083 [ERROR]   File "/home/william/miniconda3/envs/llmcompass/lib/python3.9/site-packages/pandas/core/indexing.py", line 1041, in _getitem_lowerdim
    if self._is_nested_tuple_indexer(tup):
2025-12-30 15:42:05,083 [ERROR]   File "/home/william/miniconda3/envs/llmcompass/lib/python3.9/site-packages/pandas/core/indexing.py", line 983, in _is_nested_tuple_indexer
    return any(is_nested_tuple(tup, ax) for ax in self.obj.axes)
2025-12-30 15:42:05,083 [ERROR] KeyboardInterrupt
2025-12-30 15:42:05,083 [ERROR] Traceback (most recent call last):
2025-12-30 15:42:05,083 [ERROR]   File "/home/william/miniconda3/envs/llmcompass/lib/python3.9/multiprocessing/process.py", line 315, in _bootstrap
    self.run()
2025-12-30 15:42:05,083 [ERROR]   File "/home/william/miniconda3/envs/llmcompass/lib/python3.9/multiprocessing/process.py", line 108, in run
    self._target(*self._args, **self._kwargs)
2025-12-30 15:42:05,083 [ERROR]   File "/home/william/LLMCompass_GoldData/ae/figure8/change_memory_bw.py", line 103, in test_memory_bandwidth
    auto_regression_latency_simulated = model_auto_regression.compile_and_simulate(
2025-12-30 15:42:05,083 [ERROR]   File "/home/william/LLMCompass_GoldData/software_model/transformer.py", line 558, in compile_and_simulate
    self.Q_proj.compile_and_simulate(pcb, compile_mode)
2025-12-30 15:42:05,083 [ERROR]   File "/home/william/LLMCompass_GoldData/software_model/matmul.py", line 583, in compile_and_simulate
    cycle_count = self.simulate(
2025-12-30 15:42:05,083 [ERROR]   File "/home/william/LLMCompass_GoldData/software_model/matmul.py", line 836, in simulate
    l2_tiles[:M_l2_t, -1, :K_l2_t] = self.L2TileSimulator(
2025-12-30 15:42:05,083 [ERROR]   File "/home/william/LLMCompass_GoldData/software_model/matmul.py", line 1005, in __init__
    self.compute_cycle_count = self.simulate_l2_tile_compute_cycle_count(
2025-12-30 15:42:05,083 [ERROR]   File "/home/william/LLMCompass_GoldData/software_model/matmul.py", line 1219, in simulate_l2_tile_compute_cycle_count
    temp_l1_tile_compute_cycle_count += ceil(
2025-12-30 15:42:05,083 [ERROR] KeyboardInterrupt
2025-12-30 15:42:04,995 [ERROR] Process Process-353:
2025-12-30 15:42:04,995 [ERROR] Process Process-329:
2025-12-30 15:42:04,995 [ERROR] Process Process-104:
2025-12-30 15:42:04,995 [ERROR] Process Process-199:
2025-12-30 15:42:04,995 [ERROR] Process Process-151:
2025-12-30 15:42:04,995 [ERROR] Process Process-166:
2025-12-30 15:42:05,086 [ERROR] Traceback (most recent call last):
2025-12-30 15:42:04,995 [ERROR] Process Process-193:
2025-12-30 15:42:05,086 [ERROR]   File "/home/william/miniconda3/envs/llmcompass/lib/python3.9/multiprocessing/process.py", line 315, in _bootstrap
    self.run()
2025-12-30 15:42:04,995 [ERROR] Process Process-205:
2025-12-30 15:42:05,086 [ERROR] Traceback (most recent call last):
2025-12-30 15:42:05,086 [ERROR]   File "/home/william/miniconda3/envs/llmcompass/lib/python3.9/multiprocessing/process.py", line 108, in run
    self._target(*self._args, **self._kwargs)
2025-12-30 15:42:05,086 [ERROR]   File "/home/william/LLMCompass_GoldData/ae/figure8/change_memory_bw.py", line 103, in test_memory_bandwidth
    auto_regression_latency_simulated = model_auto_regression.compile_and_simulate(
2025-12-30 15:42:05,086 [ERROR]   File "/home/william/miniconda3/envs/llmcompass/lib/python3.9/multiprocessing/process.py", line 315, in _bootstrap
    self.run()
2025-12-30 15:42:05,086 [ERROR]   File "/home/william/LLMCompass_GoldData/software_model/transformer.py", line 558, in compile_and_simulate
    self.Q_proj.compile_and_simulate(pcb, compile_mode)
2025-12-30 15:42:05,086 [ERROR]   File "/home/william/LLMCompass_GoldData/software_model/matmul.py", line 583, in compile_and_simulate
    cycle_count = self.simulate(
2025-12-30 15:42:05,086 [ERROR]   File "/home/william/miniconda3/envs/llmcompass/lib/python3.9/multiprocessing/process.py", line 108, in run
    self._target(*self._args, **self._kwargs)
2025-12-30 15:42:05,086 [ERROR] Traceback (most recent call last):
2025-12-30 15:42:05,086 [ERROR]   File "/home/william/LLMCompass_GoldData/software_model/matmul.py", line 914, in simulate
    l2_tile = l2_tiles[m, n, k]
2025-12-30 15:42:05,086 [ERROR]   File "/home/william/LLMCompass_GoldData/ae/figure8/change_memory_bw.py", line 103, in test_memory_bandwidth
    auto_regression_latency_simulated = model_auto_regression.compile_and_simulate(
2025-12-30 15:42:05,086 [ERROR] KeyboardInterrupt
2025-12-30 15:42:05,086 [ERROR]   File "/home/william/LLMCompass_GoldData/software_model/transformer.py", line 573, in compile_and_simulate
    self.H_matmul0.compile_and_simulate(pcb, compile_mode)
2025-12-30 15:42:05,086 [ERROR]   File "/home/william/LLMCompass_GoldData/software_model/matmul.py", line 583, in compile_and_simulate
    cycle_count = self.simulate(
2025-12-30 15:42:05,086 [ERROR]   File "/home/william/miniconda3/envs/llmcompass/lib/python3.9/multiprocessing/process.py", line 315, in _bootstrap
    self.run()
2025-12-30 15:42:05,086 [ERROR]   File "/home/william/LLMCompass_GoldData/software_model/matmul.py", line 927, in simulate
    current_tile_read_cycle_count += l2_tile.M_N_io_cycle_count
2025-12-30 15:42:05,086 [ERROR] Traceback (most recent call last):
2025-12-30 15:42:05,086 [ERROR]   File "/home/william/miniconda3/envs/llmcompass/lib/python3.9/multiprocessing/process.py", line 108, in run
    self._target(*self._args, **self._kwargs)
2025-12-30 15:42:05,086 [ERROR] KeyboardInterrupt
2025-12-30 15:42:05,086 [ERROR]   File "/home/william/LLMCompass_GoldData/ae/figure8/change_memory_bw.py", line 103, in test_memory_bandwidth
    auto_regression_latency_simulated = model_auto_regression.compile_and_simulate(
2025-12-30 15:42:05,086 [ERROR]   File "/home/william/LLMCompass_GoldData/software_model/transformer.py", line 558, in compile_and_simulate
    self.Q_proj.compile_and_simulate(pcb, compile_mode)
2025-12-30 15:42:05,086 [ERROR]   File "/home/william/miniconda3/envs/llmcompass/lib/python3.9/multiprocessing/process.py", line 315, in _bootstrap
    self.run()
2025-12-30 15:42:05,086 [ERROR]   File "/home/william/LLMCompass_GoldData/software_model/matmul.py", line 583, in compile_and_simulate
    cycle_count = self.simulate(
2025-12-30 15:42:05,086 [ERROR]   File "/home/william/miniconda3/envs/llmcompass/lib/python3.9/multiprocessing/process.py", line 108, in run
    self._target(*self._args, **self._kwargs)
2025-12-30 15:42:05,086 [ERROR]   File "/home/william/LLMCompass_GoldData/software_model/matmul.py", line 826, in simulate
    l2_tiles[-1, :N_l2_t, :K_l2_t] = self.L2TileSimulator(
2025-12-30 15:42:05,086 [ERROR]   File "/home/william/LLMCompass_GoldData/software_model/matmul.py", line 1005, in __init__
    self.compute_cycle_count = self.simulate_l2_tile_compute_cycle_count(
2025-12-30 15:42:05,086 [ERROR]   File "/home/william/LLMCompass_GoldData/ae/figure8/change_memory_bw.py", line 103, in test_memory_bandwidth
    auto_regression_latency_simulated = model_auto_regression.compile_and_simulate(
2025-12-30 15:42:05,086 [ERROR] Traceback (most recent call last):
2025-12-30 15:42:05,086 [ERROR]   File "/home/william/LLMCompass_GoldData/software_model/matmul.py", line 1277, in simulate_l2_tile_compute_cycle_count
    previous_batch_Read_M_K = copy.deepcopy(current_batch_Read_M_K)
2025-12-30 15:42:05,086 [ERROR] Traceback (most recent call last):
2025-12-30 15:42:05,086 [ERROR]   File "/home/william/LLMCompass_GoldData/software_model/transformer.py", line 573, in compile_and_simulate
    self.H_matmul0.compile_and_simulate(pcb, compile_mode)
2025-12-30 15:42:05,086 [ERROR]   File "/home/william/miniconda3/envs/llmcompass/lib/python3.9/copy.py", line 153, in deepcopy
    y = copier(memo)
2025-12-30 15:42:05,086 [ERROR]   File "/home/william/LLMCompass_GoldData/software_model/matmul.py", line 583, in compile_and_simulate
    cycle_count = self.simulate(
2025-12-30 15:42:05,086 [ERROR]   File "/home/william/LLMCompass_GoldData/software_model/matmul.py", line 905, in simulate
    for m, n, k in self.generate_tile_loops(
2025-12-30 15:42:05,086 [ERROR] KeyboardInterrupt
2025-12-30 15:42:05,086 [ERROR]   File "/home/william/miniconda3/envs/llmcompass/lib/python3.9/multiprocessing/process.py", line 315, in _bootstrap
    self.run()
2025-12-30 15:42:05,086 [ERROR]   File "/home/william/LLMCompass_GoldData/software_model/matmul.py", line 198, in generate_tile_loops
    for m in range(loop_M):
2025-12-30 15:42:04,995 [ERROR] Process Process-206:
2025-12-30 15:42:05,086 [ERROR]   File "/home/william/miniconda3/envs/llmcompass/lib/python3.9/multiprocessing/process.py", line 108, in run
    self._target(*self._args, **self._kwargs)
2025-12-30 15:42:05,086 [ERROR]   File "/home/william/miniconda3/envs/llmcompass/lib/python3.9/multiprocessing/process.py", line 315, in _bootstrap
    self.run()
2025-12-30 15:42:04,995 [ERROR] Process Process-220:
2025-12-30 15:42:05,086 [ERROR] KeyboardInterrupt
2025-12-30 15:42:05,086 [ERROR]   File "/home/william/LLMCompass_GoldData/ae/figure8/change_memory_bw.py", line 103, in test_memory_bandwidth
    auto_regression_latency_simulated = model_auto_regression.compile_and_simulate(
2025-12-30 15:42:04,994 [ERROR] Process Process-269:
2025-12-30 15:42:05,087 [ERROR]   File "/home/william/miniconda3/envs/llmcompass/lib/python3.9/multiprocessing/process.py", line 108, in run
    self._target(*self._args, **self._kwargs)
2025-12-30 15:42:05,087 [ERROR]   File "/home/william/LLMCompass_GoldData/software_model/transformer.py", line 558, in compile_and_simulate
    self.Q_proj.compile_and_simulate(pcb, compile_mode)
2025-12-30 15:42:04,995 [ERROR] Process Process-217:
2025-12-30 15:42:05,087 [ERROR]   File "/home/william/LLMCompass_GoldData/ae/figure8/change_memory_bw.py", line 103, in test_memory_bandwidth
    auto_regression_latency_simulated = model_auto_regression.compile_and_simulate(
2025-12-30 15:42:05,087 [ERROR]   File "/home/william/LLMCompass_GoldData/software_model/matmul.py", line 583, in compile_and_simulate
    cycle_count = self.simulate(
2025-12-30 15:42:05,087 [ERROR]   File "/home/william/LLMCompass_GoldData/software_model/matmul.py", line 836, in simulate
    l2_tiles[:M_l2_t, -1, :K_l2_t] = self.L2TileSimulator(
2025-12-30 15:42:05,087 [ERROR]   File "/home/william/LLMCompass_GoldData/software_model/transformer.py", line 573, in compile_and_simulate
    self.H_matmul0.compile_and_simulate(pcb, compile_mode)
2025-12-30 15:42:05,087 [ERROR]   File "/home/william/LLMCompass_GoldData/software_model/matmul.py", line 1005, in __init__
    self.compute_cycle_count = self.simulate_l2_tile_compute_cycle_count(
2025-12-30 15:42:05,087 [ERROR]   File "/home/william/LLMCompass_GoldData/software_model/matmul.py", line 583, in compile_and_simulate
    cycle_count = self.simulate(
2025-12-30 15:42:05,087 [ERROR]   File "/home/william/LLMCompass_GoldData/software_model/matmul.py", line 1222, in simulate_l2_tile_compute_cycle_count
    / chiplet_module.compute_module.core.vector_unit.total_vector_flops_per_cycle
2025-12-30 15:42:05,087 [ERROR]   File "/home/william/LLMCompass_GoldData/software_model/matmul.py", line 826, in simulate
    l2_tiles[-1, :N_l2_t, :K_l2_t] = self.L2TileSimulator(
2025-12-30 15:42:05,087 [ERROR] KeyboardInterrupt
2025-12-30 15:42:05,087 [ERROR]   File "/home/william/LLMCompass_GoldData/software_model/matmul.py", line 1005, in __init__
    self.compute_cycle_count = self.simulate_l2_tile_compute_cycle_count(
2025-12-30 15:42:05,087 [ERROR]   File "/home/william/LLMCompass_GoldData/software_model/matmul.py", line 1058, in simulate_l2_tile_compute_cycle_count
    l1_tiles[-1, :N_l1_t, :K_l1_t] = Matmul.L1TileSimulator(
2025-12-30 15:42:05,087 [ERROR]   File "/home/william/LLMCompass_GoldData/software_model/matmul.py", line 1308, in __init__
    self.compute_cycle_count = self.simulate_l1_tile_compute_cycle_count(
2025-12-30 15:42:05,087 [ERROR]   File "/home/william/LLMCompass_GoldData/software_model/matmul.py", line 1338, in simulate_l1_tile_compute_cycle_count
    Matmul.simulate_systolic_array_cycle_count(
2025-12-30 15:42:05,087 [ERROR]   File "/home/william/LLMCompass_GoldData/software_model/matmul.py", line 1405, in simulate_systolic_array_cycle_count
    cycle_count = look_up_table.loc[
2025-12-30 15:42:05,087 [ERROR]   File "/home/william/miniconda3/envs/llmcompass/lib/python3.9/site-packages/pandas/core/indexing.py", line 1185, in __getitem__
    return self._getitem_tuple(key)
2025-12-30 15:42:05,087 [ERROR]   File "/home/william/miniconda3/envs/llmcompass/lib/python3.9/site-packages/pandas/core/indexing.py", line 1369, in _getitem_tuple
    return self._getitem_lowerdim(tup)
2025-12-30 15:42:05,087 [ERROR] Traceback (most recent call last):
2025-12-30 15:42:05,087 [ERROR]   File "/home/william/miniconda3/envs/llmcompass/lib/python3.9/site-packages/pandas/core/indexing.py", line 1042, in _getitem_lowerdim
    return self._getitem_nested_tuple(tup)
2025-12-30 15:42:05,087 [ERROR] Traceback (most recent call last):
2025-12-30 15:42:05,087 [ERROR]   File "/home/william/miniconda3/envs/llmcompass/lib/python3.9/site-packages/pandas/core/indexing.py", line 1154, in _getitem_nested_tuple
    obj = getattr(obj, self.name)._getitem_axis(key, axis=axis)
2025-12-30 15:42:05,087 [ERROR]   File "/home/william/miniconda3/envs/llmcompass/lib/python3.9/multiprocessing/process.py", line 315, in _bootstrap
    self.run()
2025-12-30 15:42:05,087 [ERROR]   File "/home/william/miniconda3/envs/llmcompass/lib/python3.9/site-packages/pandas/core/indexing.py", line 1424, in _getitem_axis
    if is_nested_tuple(key, labels):
2025-12-30 15:42:05,087 [ERROR]   File "/home/william/miniconda3/envs/llmcompass/lib/python3.9/site-packages/pandas/core/indexing.py", line 2757, in is_nested_tuple
    def is_nested_tuple(tup, labels) -> bool:
2025-12-30 15:42:05,087 [ERROR]   File "/home/william/miniconda3/envs/llmcompass/lib/python3.9/multiprocessing/process.py", line 108, in run
    self._target(*self._args, **self._kwargs)
2025-12-30 15:42:05,087 [ERROR]   File "/home/william/miniconda3/envs/llmcompass/lib/python3.9/multiprocessing/process.py", line 315, in _bootstrap
    self.run()
2025-12-30 15:42:05,087 [ERROR] KeyboardInterrupt
2025-12-30 15:42:05,087 [ERROR]   File "/home/william/LLMCompass_GoldData/ae/figure8/change_memory_bw.py", line 103, in test_memory_bandwidth
    auto_regression_latency_simulated = model_auto_regression.compile_and_simulate(
2025-12-30 15:42:05,087 [ERROR]   File "/home/william/miniconda3/envs/llmcompass/lib/python3.9/multiprocessing/process.py", line 108, in run
    self._target(*self._args, **self._kwargs)
2025-12-30 15:42:05,087 [ERROR]   File "/home/william/LLMCompass_GoldData/software_model/transformer.py", line 573, in compile_and_simulate
    self.H_matmul0.compile_and_simulate(pcb, compile_mode)
2025-12-30 15:42:05,087 [ERROR]   File "/home/william/LLMCompass_GoldData/ae/figure8/change_memory_bw.py", line 103, in test_memory_bandwidth
    auto_regression_latency_simulated = model_auto_regression.compile_and_simulate(
2025-12-30 15:42:05,087 [ERROR]   File "/home/william/LLMCompass_GoldData/software_model/matmul.py", line 583, in compile_and_simulate
    cycle_count = self.simulate(
2025-12-30 15:42:05,087 [ERROR]   File "/home/william/LLMCompass_GoldData/software_model/transformer.py", line 573, in compile_and_simulate
    self.H_matmul0.compile_and_simulate(pcb, compile_mode)
2025-12-30 15:42:05,087 [ERROR]   File "/home/william/LLMCompass_GoldData/software_model/matmul.py", line 943, in simulate
    max(
2025-12-30 15:42:05,087 [ERROR]   File "/home/william/LLMCompass_GoldData/software_model/matmul.py", line 583, in compile_and_simulate
    cycle_count = self.simulate(
2025-12-30 15:42:05,087 [ERROR] KeyboardInterrupt
2025-12-30 15:42:05,087 [ERROR]   File "/home/william/LLMCompass_GoldData/software_model/matmul.py", line 905, in simulate
    for m, n, k in self.generate_tile_loops(
2025-12-30 15:42:04,995 [ERROR] Process Process-198:
2025-12-30 15:42:04,995 [ERROR] Process Process-190:
2025-12-30 15:42:05,087 [ERROR]   File "/home/william/LLMCompass_GoldData/software_model/matmul.py", line 199, in generate_tile_loops
    yield m, n, k
2025-12-30 15:42:05,087 [ERROR] Traceback (most recent call last):
2025-12-30 15:42:05,087 [ERROR] KeyboardInterrupt
2025-12-30 15:42:05,087 [ERROR]   File "/home/william/miniconda3/envs/llmcompass/lib/python3.9/multiprocessing/process.py", line 315, in _bootstrap
    self.run()
2025-12-30 15:42:05,087 [ERROR]   File "/home/william/miniconda3/envs/llmcompass/lib/python3.9/multiprocessing/process.py", line 108, in run
    self._target(*self._args, **self._kwargs)
2025-12-30 15:42:05,087 [ERROR] Traceback (most recent call last):
2025-12-30 15:42:05,087 [ERROR]   File "/home/william/LLMCompass_GoldData/ae/figure8/change_memory_bw.py", line 103, in test_memory_bandwidth
    auto_regression_latency_simulated = model_auto_regression.compile_and_simulate(
2025-12-30 15:42:05,087 [ERROR]   File "/home/william/LLMCompass_GoldData/software_model/transformer.py", line 573, in compile_and_simulate
    self.H_matmul0.compile_and_simulate(pcb, compile_mode)
2025-12-30 15:42:05,087 [ERROR] Traceback (most recent call last):
2025-12-30 15:42:05,087 [ERROR]   File "/home/william/LLMCompass_GoldData/software_model/matmul.py", line 583, in compile_and_simulate
    cycle_count = self.simulate(
2025-12-30 15:42:05,087 [ERROR]   File "/home/william/miniconda3/envs/llmcompass/lib/python3.9/multiprocessing/process.py", line 315, in _bootstrap
    self.run()
2025-12-30 15:42:05,087 [ERROR]   File "/home/william/LLMCompass_GoldData/software_model/matmul.py", line 915, in simulate
    previous_l2_tile = l2_tiles[previous_m, previous_n, previous_k]
2025-12-30 15:42:05,087 [ERROR]   File "/home/william/miniconda3/envs/llmcompass/lib/python3.9/multiprocessing/process.py", line 108, in run
    self._target(*self._args, **self._kwargs)
2025-12-30 15:42:05,087 [ERROR] Traceback (most recent call last):
2025-12-30 15:42:05,087 [ERROR]   File "/home/william/miniconda3/envs/llmcompass/lib/python3.9/multiprocessing/process.py", line 315, in _bootstrap
    self.run()
2025-12-30 15:42:05,087 [ERROR] KeyboardInterrupt
2025-12-30 15:42:05,087 [ERROR]   File "/home/william/LLMCompass_GoldData/ae/figure8/change_memory_bw.py", line 103, in test_memory_bandwidth
    auto_regression_latency_simulated = model_auto_regression.compile_and_simulate(
2025-12-30 15:42:05,087 [ERROR]   File "/home/william/LLMCompass_GoldData/software_model/transformer.py", line 573, in compile_and_simulate
    self.H_matmul0.compile_and_simulate(pcb, compile_mode)
2025-12-30 15:42:05,087 [ERROR]   File "/home/william/miniconda3/envs/llmcompass/lib/python3.9/multiprocessing/process.py", line 108, in run
    self._target(*self._args, **self._kwargs)
2025-12-30 15:42:05,087 [ERROR]   File "/home/william/LLMCompass_GoldData/software_model/matmul.py", line 583, in compile_and_simulate
    cycle_count = self.simulate(
2025-12-30 15:42:05,087 [ERROR]   File "/home/william/miniconda3/envs/llmcompass/lib/python3.9/multiprocessing/process.py", line 315, in _bootstrap
    self.run()
2025-12-30 15:42:05,087 [ERROR]   File "/home/william/LLMCompass_GoldData/ae/figure8/change_memory_bw.py", line 103, in test_memory_bandwidth
    auto_regression_latency_simulated = model_auto_regression.compile_and_simulate(
2025-12-30 15:42:05,087 [ERROR]   File "/home/william/LLMCompass_GoldData/software_model/matmul.py", line 914, in simulate
    l2_tile = l2_tiles[m, n, k]
2025-12-30 15:42:05,087 [ERROR]   File "/home/william/LLMCompass_GoldData/software_model/transformer.py", line 573, in compile_and_simulate
    self.H_matmul0.compile_and_simulate(pcb, compile_mode)
2025-12-30 15:42:05,087 [ERROR]   File "/home/william/miniconda3/envs/llmcompass/lib/python3.9/multiprocessing/process.py", line 108, in run
    self._target(*self._args, **self._kwargs)
2025-12-30 15:42:05,087 [ERROR] KeyboardInterrupt
2025-12-30 15:42:05,087 [ERROR]   File "/home/william/LLMCompass_GoldData/software_model/matmul.py", line 583, in compile_and_simulate
    cycle_count = self.simulate(
2025-12-30 15:42:05,087 [ERROR]   File "/home/william/LLMCompass_GoldData/ae/figure8/change_memory_bw.py", line 103, in test_memory_bandwidth
    auto_regression_latency_simulated = model_auto_regression.compile_and_simulate(
2025-12-30 15:42:05,087 [ERROR]   File "/home/william/LLMCompass_GoldData/software_model/matmul.py", line 825, in simulate
    if M_remain != 0:
2025-12-30 15:42:05,087 [ERROR]   File "/home/william/LLMCompass_GoldData/software_model/transformer.py", line 573, in compile_and_simulate
    self.H_matmul0.compile_and_simulate(pcb, compile_mode)
2025-12-30 15:42:05,087 [ERROR] KeyboardInterrupt
2025-12-30 15:42:05,087 [ERROR]   File "/home/william/LLMCompass_GoldData/software_model/matmul.py", line 583, in compile_and_simulate
    cycle_count = self.simulate(
2025-12-30 15:42:05,087 [ERROR]   File "/home/william/LLMCompass_GoldData/software_model/matmul.py", line 826, in simulate
    l2_tiles[-1, :N_l2_t, :K_l2_t] = self.L2TileSimulator(
2025-12-30 15:42:05,087 [ERROR]   File "/home/william/LLMCompass_GoldData/software_model/matmul.py", line 987, in __init__
    self.K_reduction_cycle_count = ceil(
2025-12-30 15:42:05,088 [ERROR] KeyboardInterrupt
2025-12-30 15:42:05,088 [ERROR] Traceback (most recent call last):
2025-12-30 15:42:05,088 [ERROR]   File "/home/william/miniconda3/envs/llmcompass/lib/python3.9/multiprocessing/process.py", line 315, in _bootstrap
    self.run()
2025-12-30 15:42:05,088 [ERROR]   File "/home/william/miniconda3/envs/llmcompass/lib/python3.9/multiprocessing/process.py", line 108, in run
    self._target(*self._args, **self._kwargs)
2025-12-30 15:42:05,088 [ERROR]   File "/home/william/LLMCompass_GoldData/ae/figure8/change_memory_bw.py", line 103, in test_memory_bandwidth
    auto_regression_latency_simulated = model_auto_regression.compile_and_simulate(
2025-12-30 15:42:05,088 [ERROR]   File "/home/william/LLMCompass_GoldData/software_model/transformer.py", line 558, in compile_and_simulate
    self.Q_proj.compile_and_simulate(pcb, compile_mode)
2025-12-30 15:42:05,088 [ERROR]   File "/home/william/LLMCompass_GoldData/software_model/matmul.py", line 583, in compile_and_simulate
    cycle_count = self.simulate(
2025-12-30 15:42:05,088 [ERROR]   File "/home/william/LLMCompass_GoldData/software_model/matmul.py", line 919, in simulate
    current_tile_read_cycle_count = l2_tile.K_N_io_cycle_count
2025-12-30 15:42:05,088 [ERROR] KeyboardInterrupt
2025-12-30 15:42:05,088 [ERROR] Traceback (most recent call last):
2025-12-30 15:42:05,088 [ERROR]   File "/home/william/miniconda3/envs/llmcompass/lib/python3.9/multiprocessing/process.py", line 315, in _bootstrap
    self.run()
2025-12-30 15:42:05,088 [ERROR]   File "/home/william/miniconda3/envs/llmcompass/lib/python3.9/multiprocessing/process.py", line 108, in run
    self._target(*self._args, **self._kwargs)
2025-12-30 15:42:05,088 [ERROR]   File "/home/william/LLMCompass_GoldData/ae/figure8/change_memory_bw.py", line 103, in test_memory_bandwidth
    auto_regression_latency_simulated = model_auto_regression.compile_and_simulate(
2025-12-30 15:42:05,088 [ERROR]   File "/home/william/LLMCompass_GoldData/software_model/transformer.py", line 573, in compile_and_simulate
    self.H_matmul0.compile_and_simulate(pcb, compile_mode)
2025-12-30 15:42:05,088 [ERROR]   File "/home/william/LLMCompass_GoldData/software_model/matmul.py", line 583, in compile_and_simulate
    cycle_count = self.simulate(
2025-12-30 15:42:05,088 [ERROR]   File "/home/william/LLMCompass_GoldData/software_model/matmul.py", line 826, in simulate
    l2_tiles[-1, :N_l2_t, :K_l2_t] = self.L2TileSimulator(
2025-12-30 15:42:05,088 [ERROR]   File "/home/william/LLMCompass_GoldData/software_model/matmul.py", line 1005, in __init__
    self.compute_cycle_count = self.simulate_l2_tile_compute_cycle_count(
2025-12-30 15:42:05,088 [ERROR]   File "/home/william/LLMCompass_GoldData/software_model/matmul.py", line 1277, in simulate_l2_tile_compute_cycle_count
    previous_batch_Read_M_K = copy.deepcopy(current_batch_Read_M_K)
2025-12-30 15:42:05,088 [ERROR]   File "/home/william/miniconda3/envs/llmcompass/lib/python3.9/copy.py", line 138, in deepcopy
    y = memo.get(d, _nil)
2025-12-30 15:42:05,088 [ERROR] KeyboardInterrupt
2025-12-30 15:42:04,995 [ERROR] Process Process-379:
2025-12-30 15:42:05,091 [ERROR] Traceback (most recent call last):
2025-12-30 15:42:05,091 [ERROR]   File "/home/william/miniconda3/envs/llmcompass/lib/python3.9/multiprocessing/process.py", line 315, in _bootstrap
    self.run()
2025-12-30 15:42:05,091 [ERROR]   File "/home/william/miniconda3/envs/llmcompass/lib/python3.9/multiprocessing/process.py", line 108, in run
    self._target(*self._args, **self._kwargs)
2025-12-30 15:42:05,091 [ERROR]   File "/home/william/LLMCompass_GoldData/ae/figure8/change_memory_bw.py", line 103, in test_memory_bandwidth
    auto_regression_latency_simulated = model_auto_regression.compile_and_simulate(
2025-12-30 15:42:05,091 [ERROR]   File "/home/william/LLMCompass_GoldData/software_model/transformer.py", line 558, in compile_and_simulate
    self.Q_proj.compile_and_simulate(pcb, compile_mode)
2025-12-30 15:42:05,091 [ERROR]   File "/home/william/LLMCompass_GoldData/software_model/matmul.py", line 583, in compile_and_simulate
    cycle_count = self.simulate(
2025-12-30 15:42:05,091 [ERROR]   File "/home/william/LLMCompass_GoldData/software_model/matmul.py", line 826, in simulate
    l2_tiles[-1, :N_l2_t, :K_l2_t] = self.L2TileSimulator(
2025-12-30 15:42:05,091 [ERROR]   File "/home/william/LLMCompass_GoldData/software_model/matmul.py", line 1005, in __init__
    self.compute_cycle_count = self.simulate_l2_tile_compute_cycle_count(
2025-12-30 15:42:05,091 [ERROR]   File "/home/william/LLMCompass_GoldData/software_model/matmul.py", line 1214, in simulate_l2_tile_compute_cycle_count
    current_batch_Read_K_N[temp_k, temp_n] = 1
2025-12-30 15:42:05,091 [ERROR] KeyboardInterrupt
2025-12-30 15:42:04,995 [ERROR] Process Process-298:
2025-12-30 15:42:04,995 [ERROR] Process Process-55:
2025-12-30 15:42:04,995 [ERROR] Process Process-322:
2025-12-30 15:42:05,092 [ERROR] Traceback (most recent call last):
2025-12-30 15:42:05,092 [ERROR] Traceback (most recent call last):
2025-12-30 15:42:05,092 [ERROR]   File "/home/william/miniconda3/envs/llmcompass/lib/python3.9/multiprocessing/process.py", line 315, in _bootstrap
    self.run()
2025-12-30 15:42:05,092 [ERROR]   File "/home/william/miniconda3/envs/llmcompass/lib/python3.9/multiprocessing/process.py", line 108, in run
    self._target(*self._args, **self._kwargs)
2025-12-30 15:42:05,092 [ERROR]   File "/home/william/miniconda3/envs/llmcompass/lib/python3.9/multiprocessing/process.py", line 315, in _bootstrap
    self.run()
2025-12-30 15:42:05,092 [ERROR] Traceback (most recent call last):
2025-12-30 15:42:05,092 [ERROR]   File "/home/william/LLMCompass_GoldData/ae/figure8/change_memory_bw.py", line 103, in test_memory_bandwidth
    auto_regression_latency_simulated = model_auto_regression.compile_and_simulate(
2025-12-30 15:42:05,092 [ERROR]   File "/home/william/miniconda3/envs/llmcompass/lib/python3.9/multiprocessing/process.py", line 108, in run
    self._target(*self._args, **self._kwargs)
2025-12-30 15:42:05,092 [ERROR]   File "/home/william/LLMCompass_GoldData/software_model/transformer.py", line 573, in compile_and_simulate
    self.H_matmul0.compile_and_simulate(pcb, compile_mode)
2025-12-30 15:42:05,092 [ERROR]   File "/home/william/LLMCompass_GoldData/ae/figure8/change_memory_bw.py", line 103, in test_memory_bandwidth
    auto_regression_latency_simulated = model_auto_regression.compile_and_simulate(
2025-12-30 15:42:05,092 [ERROR]   File "/home/william/LLMCompass_GoldData/software_model/matmul.py", line 583, in compile_and_simulate
    cycle_count = self.simulate(
2025-12-30 15:42:05,092 [ERROR]   File "/home/william/miniconda3/envs/llmcompass/lib/python3.9/multiprocessing/process.py", line 315, in _bootstrap
    self.run()
2025-12-30 15:42:05,092 [ERROR]   File "/home/william/LLMCompass_GoldData/software_model/matmul.py", line 905, in simulate
    for m, n, k in self.generate_tile_loops(
2025-12-30 15:42:05,092 [ERROR]   File "/home/william/LLMCompass_GoldData/software_model/transformer.py", line 578, in compile_and_simulate
    self.H_matmul1.compile_and_simulate(pcb, compile_mode)
2025-12-30 15:42:05,092 [ERROR]   File "/home/william/LLMCompass_GoldData/software_model/matmul.py", line 198, in generate_tile_loops
    for m in range(loop_M):
2025-12-30 15:42:05,092 [ERROR]   File "/home/william/miniconda3/envs/llmcompass/lib/python3.9/multiprocessing/process.py", line 108, in run
    self._target(*self._args, **self._kwargs)
2025-12-30 15:42:05,092 [ERROR]   File "/home/william/LLMCompass_GoldData/software_model/matmul.py", line 583, in compile_and_simulate
    cycle_count = self.simulate(
2025-12-30 15:42:05,092 [ERROR]   File "/home/william/LLMCompass_GoldData/software_model/matmul.py", line 905, in simulate
    for m, n, k in self.generate_tile_loops(
2025-12-30 15:42:05,092 [ERROR]   File "/home/william/LLMCompass_GoldData/ae/figure8/change_memory_bw.py", line 103, in test_memory_bandwidth
    auto_regression_latency_simulated = model_auto_regression.compile_and_simulate(
2025-12-30 15:42:05,092 [ERROR] KeyboardInterrupt
2025-12-30 15:42:05,092 [ERROR]   File "/home/william/LLMCompass_GoldData/software_model/matmul.py", line 198, in generate_tile_loops
    for m in range(loop_M):
2025-12-30 15:42:05,092 [ERROR]   File "/home/william/LLMCompass_GoldData/software_model/transformer.py", line 573, in compile_and_simulate
    self.H_matmul0.compile_and_simulate(pcb, compile_mode)
2025-12-30 15:42:05,092 [ERROR] KeyboardInterrupt
2025-12-30 15:42:05,092 [ERROR]   File "/home/william/LLMCompass_GoldData/software_model/matmul.py", line 583, in compile_and_simulate
    cycle_count = self.simulate(
2025-12-30 15:42:05,092 [ERROR]   File "/home/william/LLMCompass_GoldData/software_model/matmul.py", line 929, in simulate
    previous_tile_compute_cycle_count = previous_l2_tile.compute_cycle_count
2025-12-30 15:42:05,092 [ERROR] KeyboardInterrupt
2025-12-30 15:42:04,996 [ERROR] Process Process-342:
2025-12-30 15:42:05,094 [ERROR] Traceback (most recent call last):
2025-12-30 15:42:05,094 [ERROR]   File "/home/william/miniconda3/envs/llmcompass/lib/python3.9/multiprocessing/process.py", line 315, in _bootstrap
    self.run()
2025-12-30 15:42:05,094 [ERROR]   File "/home/william/miniconda3/envs/llmcompass/lib/python3.9/multiprocessing/process.py", line 108, in run
    self._target(*self._args, **self._kwargs)
2025-12-30 15:42:05,094 [ERROR]   File "/home/william/LLMCompass_GoldData/ae/figure8/change_memory_bw.py", line 103, in test_memory_bandwidth
    auto_regression_latency_simulated = model_auto_regression.compile_and_simulate(
2025-12-30 15:42:05,094 [ERROR]   File "/home/william/LLMCompass_GoldData/software_model/transformer.py", line 573, in compile_and_simulate
    self.H_matmul0.compile_and_simulate(pcb, compile_mode)
2025-12-30 15:42:05,094 [ERROR]   File "/home/william/LLMCompass_GoldData/software_model/matmul.py", line 583, in compile_and_simulate
    cycle_count = self.simulate(
2025-12-30 15:42:05,094 [ERROR]   File "/home/william/LLMCompass_GoldData/software_model/matmul.py", line 826, in simulate
    l2_tiles[-1, :N_l2_t, :K_l2_t] = self.L2TileSimulator(
2025-12-30 15:42:05,094 [ERROR] KeyboardInterrupt
2025-12-30 15:42:04,996 [ERROR] Process Process-286:
2025-12-30 15:42:04,995 [ERROR] Process Process-377:
2025-12-30 15:42:04,995 [ERROR] Process Process-15:
2025-12-30 15:42:05,095 [ERROR] Traceback (most recent call last):
2025-12-30 15:42:05,095 [ERROR]   File "/home/william/miniconda3/envs/llmcompass/lib/python3.9/multiprocessing/process.py", line 315, in _bootstrap
    self.run()
2025-12-30 15:42:05,095 [ERROR]   File "/home/william/miniconda3/envs/llmcompass/lib/python3.9/multiprocessing/process.py", line 108, in run
    self._target(*self._args, **self._kwargs)
2025-12-30 15:42:05,095 [ERROR]   File "/home/william/LLMCompass_GoldData/ae/figure8/change_memory_bw.py", line 103, in test_memory_bandwidth
    auto_regression_latency_simulated = model_auto_regression.compile_and_simulate(
2025-12-30 15:42:05,095 [ERROR]   File "/home/william/LLMCompass_GoldData/software_model/transformer.py", line 558, in compile_and_simulate
    self.Q_proj.compile_and_simulate(pcb, compile_mode)
2025-12-30 15:42:05,095 [ERROR]   File "/home/william/LLMCompass_GoldData/software_model/matmul.py", line 583, in compile_and_simulate
    cycle_count = self.simulate(
2025-12-30 15:42:05,095 [ERROR]   File "/home/william/LLMCompass_GoldData/software_model/matmul.py", line 846, in simulate
    l2_tiles[:M_l2_t, :N_l2_t, -1] = self.L2TileSimulator(
2025-12-30 15:42:05,095 [ERROR] Traceback (most recent call last):
2025-12-30 15:42:05,095 [ERROR]   File "/home/william/LLMCompass_GoldData/software_model/matmul.py", line 1005, in __init__
    self.compute_cycle_count = self.simulate_l2_tile_compute_cycle_count(
2025-12-30 15:42:05,095 [ERROR]   File "/home/william/LLMCompass_GoldData/software_model/matmul.py", line 1222, in simulate_l2_tile_compute_cycle_count
    / chiplet_module.compute_module.core.vector_unit.total_vector_flops_per_cycle
2025-12-30 15:42:05,095 [ERROR] KeyboardInterrupt
2025-12-30 15:42:05,095 [ERROR]   File "/home/william/miniconda3/envs/llmcompass/lib/python3.9/multiprocessing/process.py", line 315, in _bootstrap
    self.run()
2025-12-30 15:42:05,095 [ERROR]   File "/home/william/miniconda3/envs/llmcompass/lib/python3.9/multiprocessing/process.py", line 108, in run
    self._target(*self._args, **self._kwargs)
2025-12-30 15:42:05,096 [ERROR]   File "/home/william/LLMCompass_GoldData/ae/figure8/change_memory_bw.py", line 103, in test_memory_bandwidth
    auto_regression_latency_simulated = model_auto_regression.compile_and_simulate(
2025-12-30 15:42:05,096 [ERROR]   File "/home/william/LLMCompass_GoldData/software_model/transformer.py", line 573, in compile_and_simulate
    self.H_matmul0.compile_and_simulate(pcb, compile_mode)
2025-12-30 15:42:05,096 [ERROR]   File "/home/william/LLMCompass_GoldData/software_model/matmul.py", line 583, in compile_and_simulate
    cycle_count = self.simulate(
2025-12-30 15:42:05,096 [ERROR]   File "/home/william/LLMCompass_GoldData/software_model/matmul.py", line 826, in simulate
    l2_tiles[-1, :N_l2_t, :K_l2_t] = self.L2TileSimulator(
2025-12-30 15:42:05,096 [ERROR]   File "/home/william/LLMCompass_GoldData/software_model/matmul.py", line 1005, in __init__
    self.compute_cycle_count = self.simulate_l2_tile_compute_cycle_count(
2025-12-30 15:42:05,096 [ERROR] Traceback (most recent call last):
2025-12-30 15:42:05,096 [ERROR]   File "/home/william/LLMCompass_GoldData/software_model/matmul.py", line 1176, in simulate_l2_tile_compute_cycle_count
    for m, n, k in Matmul.generate_tile_loops(
2025-12-30 15:42:05,096 [ERROR]   File "/home/william/LLMCompass_GoldData/software_model/matmul.py", line 199, in generate_tile_loops
    yield m, n, k
2025-12-30 15:42:05,096 [ERROR] KeyboardInterrupt
2025-12-30 15:42:04,996 [ERROR] Process Process-367:
2025-12-30 15:42:04,996 [ERROR] Process Process-240:
2025-12-30 15:42:04,996 [ERROR] Process Process-330:
2025-12-30 15:42:04,996 [ERROR] Process Process-289:
2025-12-30 15:42:04,996 [ERROR] Process Process-93:
2025-12-30 15:42:04,996 [ERROR] Process Process-211:
2025-12-30 15:42:05,098 [ERROR] Traceback (most recent call last):
2025-12-30 15:42:05,099 [ERROR]   File "/home/william/miniconda3/envs/llmcompass/lib/python3.9/multiprocessing/process.py", line 315, in _bootstrap
    self.run()
2025-12-30 15:42:05,099 [ERROR]   File "/home/william/miniconda3/envs/llmcompass/lib/python3.9/multiprocessing/process.py", line 108, in run
    self._target(*self._args, **self._kwargs)
2025-12-30 15:42:05,099 [ERROR]   File "/home/william/LLMCompass_GoldData/ae/figure8/change_memory_bw.py", line 103, in test_memory_bandwidth
    auto_regression_latency_simulated = model_auto_regression.compile_and_simulate(
2025-12-30 15:42:05,099 [ERROR]   File "/home/william/LLMCompass_GoldData/software_model/transformer.py", line 558, in compile_and_simulate
    self.Q_proj.compile_and_simulate(pcb, compile_mode)
2025-12-30 15:42:05,099 [ERROR]   File "/home/william/LLMCompass_GoldData/software_model/matmul.py", line 583, in compile_and_simulate
    cycle_count = self.simulate(
2025-12-30 15:42:05,099 [ERROR]   File "/home/william/LLMCompass_GoldData/software_model/matmul.py", line 826, in simulate
    l2_tiles[-1, :N_l2_t, :K_l2_t] = self.L2TileSimulator(
2025-12-30 15:42:05,099 [ERROR]   File "/home/william/LLMCompass_GoldData/software_model/matmul.py", line 1005, in __init__
    self.compute_cycle_count = self.simulate_l2_tile_compute_cycle_count(
2025-12-30 15:42:05,099 [ERROR]   File "/home/william/LLMCompass_GoldData/software_model/matmul.py", line 1058, in simulate_l2_tile_compute_cycle_count
    l1_tiles[-1, :N_l1_t, :K_l1_t] = Matmul.L1TileSimulator(
2025-12-30 15:42:05,099 [ERROR]   File "/home/william/LLMCompass_GoldData/software_model/matmul.py", line 1308, in __init__
    self.compute_cycle_count = self.simulate_l1_tile_compute_cycle_count(
2025-12-30 15:42:05,099 [ERROR] Traceback (most recent call last):
2025-12-30 15:42:05,099 [ERROR]   File "/home/william/LLMCompass_GoldData/software_model/matmul.py", line 1338, in simulate_l1_tile_compute_cycle_count
    Matmul.simulate_systolic_array_cycle_count(
2025-12-30 15:42:05,099 [ERROR]   File "/home/william/LLMCompass_GoldData/software_model/matmul.py", line 1405, in simulate_systolic_array_cycle_count
    cycle_count = look_up_table.loc[
2025-12-30 15:42:05,099 [ERROR]   File "/home/william/miniconda3/envs/llmcompass/lib/python3.9/site-packages/pandas/core/indexing.py", line 1182, in __getitem__
    key = tuple(com.apply_if_callable(x, self.obj) for x in key)
2025-12-30 15:42:05,099 [ERROR]   File "/home/william/miniconda3/envs/llmcompass/lib/python3.9/multiprocessing/process.py", line 315, in _bootstrap
    self.run()
2025-12-30 15:42:04,996 [ERROR] Process Process-259:
2025-12-30 15:42:05,099 [ERROR]   File "/home/william/miniconda3/envs/llmcompass/lib/python3.9/site-packages/pandas/core/indexing.py", line 1182, in <genexpr>
    key = tuple(com.apply_if_callable(x, self.obj) for x in key)
2025-12-30 15:42:05,099 [ERROR]   File "/home/william/miniconda3/envs/llmcompass/lib/python3.9/multiprocessing/process.py", line 108, in run
    self._target(*self._args, **self._kwargs)
2025-12-30 15:42:05,099 [ERROR]   File "/home/william/LLMCompass_GoldData/ae/figure8/change_memory_bw.py", line 103, in test_memory_bandwidth
    auto_regression_latency_simulated = model_auto_regression.compile_and_simulate(
2025-12-30 15:42:05,099 [ERROR] KeyboardInterrupt
2025-12-30 15:42:05,099 [ERROR]   File "/home/william/LLMCompass_GoldData/software_model/transformer.py", line 558, in compile_and_simulate
    self.Q_proj.compile_and_simulate(pcb, compile_mode)
2025-12-30 15:42:05,099 [ERROR]   File "/home/william/LLMCompass_GoldData/software_model/matmul.py", line 583, in compile_and_simulate
    cycle_count = self.simulate(
2025-12-30 15:42:05,099 [ERROR]   File "/home/william/LLMCompass_GoldData/software_model/matmul.py", line 846, in simulate
    l2_tiles[:M_l2_t, :N_l2_t, -1] = self.L2TileSimulator(
2025-12-30 15:42:05,099 [ERROR]   File "/home/william/LLMCompass_GoldData/software_model/matmul.py", line 1005, in __init__
    self.compute_cycle_count = self.simulate_l2_tile_compute_cycle_count(
2025-12-30 15:42:05,099 [ERROR]   File "/home/william/LLMCompass_GoldData/software_model/matmul.py", line 1215, in simulate_l2_tile_compute_cycle_count
    current_batch_Read_M_N[temp_m, temp_n] = temp_k > 0
2025-12-30 15:42:05,099 [ERROR] KeyboardInterrupt
2025-12-30 15:42:05,099 [ERROR] Traceback (most recent call last):
2025-12-30 15:42:05,099 [ERROR]   File "/home/william/miniconda3/envs/llmcompass/lib/python3.9/multiprocessing/process.py", line 315, in _bootstrap
    self.run()
2025-12-30 15:42:05,099 [ERROR]   File "/home/william/miniconda3/envs/llmcompass/lib/python3.9/multiprocessing/process.py", line 108, in run
    self._target(*self._args, **self._kwargs)
2025-12-30 15:42:05,099 [ERROR]   File "/home/william/LLMCompass_GoldData/ae/figure8/change_memory_bw.py", line 103, in test_memory_bandwidth
    auto_regression_latency_simulated = model_auto_regression.compile_and_simulate(
2025-12-30 15:42:05,099 [ERROR]   File "/home/william/LLMCompass_GoldData/software_model/transformer.py", line 558, in compile_and_simulate
    self.Q_proj.compile_and_simulate(pcb, compile_mode)
2025-12-30 15:42:05,099 [ERROR]   File "/home/william/LLMCompass_GoldData/software_model/matmul.py", line 583, in compile_and_simulate
    cycle_count = self.simulate(
2025-12-30 15:42:05,099 [ERROR]   File "/home/william/LLMCompass_GoldData/software_model/matmul.py", line 826, in simulate
    l2_tiles[-1, :N_l2_t, :K_l2_t] = self.L2TileSimulator(
2025-12-30 15:42:05,099 [ERROR]   File "/home/william/LLMCompass_GoldData/software_model/matmul.py", line 1005, in __init__
    self.compute_cycle_count = self.simulate_l2_tile_compute_cycle_count(
2025-12-30 15:42:05,099 [ERROR]   File "/home/william/LLMCompass_GoldData/software_model/matmul.py", line 1213, in simulate_l2_tile_compute_cycle_count
    current_batch_Read_M_K[temp_m, temp_k] = 1
2025-12-30 15:42:05,099 [ERROR] KeyboardInterrupt
2025-12-30 15:42:05,099 [ERROR] Traceback (most recent call last):
2025-12-30 15:42:05,099 [ERROR] Traceback (most recent call last):
2025-12-30 15:42:05,099 [ERROR]   File "/home/william/miniconda3/envs/llmcompass/lib/python3.9/multiprocessing/process.py", line 315, in _bootstrap
    self.run()
2025-12-30 15:42:05,099 [ERROR]   File "/home/william/miniconda3/envs/llmcompass/lib/python3.9/multiprocessing/process.py", line 315, in _bootstrap
    self.run()
2025-12-30 15:42:05,099 [ERROR] Traceback (most recent call last):
2025-12-30 15:42:05,099 [ERROR]   File "/home/william/miniconda3/envs/llmcompass/lib/python3.9/multiprocessing/process.py", line 108, in run
    self._target(*self._args, **self._kwargs)
2025-12-30 15:42:05,099 [ERROR]   File "/home/william/miniconda3/envs/llmcompass/lib/python3.9/multiprocessing/process.py", line 108, in run
    self._target(*self._args, **self._kwargs)
2025-12-30 15:42:05,099 [ERROR]   File "/home/william/LLMCompass_GoldData/ae/figure8/change_memory_bw.py", line 103, in test_memory_bandwidth
    auto_regression_latency_simulated = model_auto_regression.compile_and_simulate(
2025-12-30 15:42:05,099 [ERROR]   File "/home/william/LLMCompass_GoldData/ae/figure8/change_memory_bw.py", line 103, in test_memory_bandwidth
    auto_regression_latency_simulated = model_auto_regression.compile_and_simulate(
2025-12-30 15:42:05,099 [ERROR]   File "/home/william/LLMCompass_GoldData/software_model/transformer.py", line 558, in compile_and_simulate
    self.Q_proj.compile_and_simulate(pcb, compile_mode)
2025-12-30 15:42:05,099 [ERROR]   File "/home/william/LLMCompass_GoldData/software_model/transformer.py", line 558, in compile_and_simulate
    self.Q_proj.compile_and_simulate(pcb, compile_mode)
2025-12-30 15:42:05,099 [ERROR]   File "/home/william/miniconda3/envs/llmcompass/lib/python3.9/multiprocessing/process.py", line 315, in _bootstrap
    self.run()
2025-12-30 15:42:05,099 [ERROR]   File "/home/william/LLMCompass_GoldData/software_model/matmul.py", line 583, in compile_and_simulate
    cycle_count = self.simulate(
2025-12-30 15:42:05,099 [ERROR]   File "/home/william/LLMCompass_GoldData/software_model/matmul.py", line 583, in compile_and_simulate
    cycle_count = self.simulate(
2025-12-30 15:42:05,099 [ERROR]   File "/home/william/LLMCompass_GoldData/software_model/matmul.py", line 836, in simulate
    l2_tiles[:M_l2_t, -1, :K_l2_t] = self.L2TileSimulator(
2025-12-30 15:42:05,099 [ERROR]   File "/home/william/LLMCompass_GoldData/software_model/matmul.py", line 836, in simulate
    l2_tiles[:M_l2_t, -1, :K_l2_t] = self.L2TileSimulator(
2025-12-30 15:42:04,995 [ERROR] Process Process-257:
2025-12-30 15:42:05,099 [ERROR]   File "/home/william/miniconda3/envs/llmcompass/lib/python3.9/multiprocessing/process.py", line 108, in run
    self._target(*self._args, **self._kwargs)
2025-12-30 15:42:05,099 [ERROR]   File "/home/william/LLMCompass_GoldData/software_model/matmul.py", line 1005, in __init__
    self.compute_cycle_count = self.simulate_l2_tile_compute_cycle_count(
2025-12-30 15:42:05,099 [ERROR]   File "/home/william/LLMCompass_GoldData/software_model/matmul.py", line 1005, in __init__
    self.compute_cycle_count = self.simulate_l2_tile_compute_cycle_count(
2025-12-30 15:42:05,100 [ERROR]   File "/home/william/LLMCompass_GoldData/software_model/matmul.py", line 1190, in simulate_l2_tile_compute_cycle_count
    len(active_l1_tile_list) < chiplet_module.compute_module.core_count
2025-12-30 15:42:05,100 [ERROR]   File "/home/william/LLMCompass_GoldData/software_model/matmul.py", line 1218, in simulate_l2_tile_compute_cycle_count
    if temp_k > 0:
2025-12-30 15:42:05,100 [ERROR]   File "/home/william/LLMCompass_GoldData/ae/figure8/change_memory_bw.py", line 103, in test_memory_bandwidth
    auto_regression_latency_simulated = model_auto_regression.compile_and_simulate(
2025-12-30 15:42:04,996 [ERROR] Process Process-68:
2025-12-30 15:42:05,100 [ERROR] KeyboardInterrupt
2025-12-30 15:42:05,100 [ERROR] KeyboardInterrupt
2025-12-30 15:42:05,100 [ERROR]   File "/home/william/LLMCompass_GoldData/software_model/transformer.py", line 573, in compile_and_simulate
    self.H_matmul0.compile_and_simulate(pcb, compile_mode)
2025-12-30 15:42:05,100 [ERROR]   File "/home/william/LLMCompass_GoldData/software_model/matmul.py", line 583, in compile_and_simulate
    cycle_count = self.simulate(
2025-12-30 15:42:05,100 [ERROR] KeyboardInterrupt
2025-12-30 15:42:05,100 [ERROR] Traceback (most recent call last):
2025-12-30 15:42:04,996 [ERROR] Process Process-200:
2025-12-30 15:42:04,996 [ERROR] Process Process-153:
2025-12-30 15:42:05,100 [ERROR]   File "/home/william/miniconda3/envs/llmcompass/lib/python3.9/multiprocessing/process.py", line 315, in _bootstrap
    self.run()
2025-12-30 15:42:05,100 [ERROR]   File "/home/william/miniconda3/envs/llmcompass/lib/python3.9/multiprocessing/process.py", line 108, in run
    self._target(*self._args, **self._kwargs)
2025-12-30 15:42:05,100 [ERROR]   File "/home/william/LLMCompass_GoldData/ae/figure8/change_memory_bw.py", line 103, in test_memory_bandwidth
    auto_regression_latency_simulated = model_auto_regression.compile_and_simulate(
2025-12-30 15:42:05,100 [ERROR]   File "/home/william/LLMCompass_GoldData/software_model/transformer.py", line 558, in compile_and_simulate
    self.Q_proj.compile_and_simulate(pcb, compile_mode)
2025-12-30 15:42:05,100 [ERROR]   File "/home/william/LLMCompass_GoldData/software_model/matmul.py", line 583, in compile_and_simulate
    cycle_count = self.simulate(
2025-12-30 15:42:05,100 [ERROR]   File "/home/william/LLMCompass_GoldData/software_model/matmul.py", line 826, in simulate
    l2_tiles[-1, :N_l2_t, :K_l2_t] = self.L2TileSimulator(
2025-12-30 15:42:05,100 [ERROR]   File "/home/william/LLMCompass_GoldData/software_model/matmul.py", line 1005, in __init__
    self.compute_cycle_count = self.simulate_l2_tile_compute_cycle_count(
2025-12-30 15:42:05,100 [ERROR]   File "/home/william/LLMCompass_GoldData/software_model/matmul.py", line 1185, in simulate_l2_tile_compute_cycle_count
    and n == ceil(N / l1_tile_N) - 1
2025-12-30 15:42:05,100 [ERROR] KeyboardInterrupt
2025-12-30 15:42:05,100 [ERROR] Traceback (most recent call last):
2025-12-30 15:42:05,100 [ERROR]   File "/home/william/miniconda3/envs/llmcompass/lib/python3.9/multiprocessing/process.py", line 315, in _bootstrap
    self.run()
2025-12-30 15:42:05,100 [ERROR]   File "/home/william/miniconda3/envs/llmcompass/lib/python3.9/multiprocessing/process.py", line 108, in run
    self._target(*self._args, **self._kwargs)
2025-12-30 15:42:05,100 [ERROR]   File "/home/william/LLMCompass_GoldData/ae/figure8/change_memory_bw.py", line 103, in test_memory_bandwidth
    auto_regression_latency_simulated = model_auto_regression.compile_and_simulate(
2025-12-30 15:42:05,100 [ERROR]   File "/home/william/LLMCompass_GoldData/software_model/transformer.py", line 558, in compile_and_simulate
    self.Q_proj.compile_and_simulate(pcb, compile_mode)
2025-12-30 15:42:05,100 [ERROR]   File "/home/william/LLMCompass_GoldData/software_model/matmul.py", line 583, in compile_and_simulate
    cycle_count = self.simulate(
2025-12-30 15:42:05,101 [ERROR]   File "/home/william/LLMCompass_GoldData/software_model/matmul.py", line 836, in simulate
    l2_tiles[:M_l2_t, -1, :K_l2_t] = self.L2TileSimulator(
2025-12-30 15:42:05,101 [ERROR]   File "/home/william/LLMCompass_GoldData/software_model/matmul.py", line 1005, in __init__
    self.compute_cycle_count = self.simulate_l2_tile_compute_cycle_count(
2025-12-30 15:42:05,100 [ERROR] Traceback (most recent call last):
2025-12-30 15:42:05,101 [ERROR]   File "/home/william/LLMCompass_GoldData/software_model/matmul.py", line 1218, in simulate_l2_tile_compute_cycle_count
    if temp_k > 0:
2025-12-30 15:42:05,101 [ERROR] KeyboardInterrupt
2025-12-30 15:42:05,101 [ERROR]   File "/home/william/miniconda3/envs/llmcompass/lib/python3.9/multiprocessing/process.py", line 315, in _bootstrap
    self.run()
2025-12-30 15:42:05,101 [ERROR]   File "/home/william/miniconda3/envs/llmcompass/lib/python3.9/multiprocessing/process.py", line 108, in run
    self._target(*self._args, **self._kwargs)
2025-12-30 15:42:05,101 [ERROR]   File "/home/william/LLMCompass_GoldData/ae/figure8/change_memory_bw.py", line 103, in test_memory_bandwidth
    auto_regression_latency_simulated = model_auto_regression.compile_and_simulate(
2025-12-30 15:42:05,101 [ERROR]   File "/home/william/LLMCompass_GoldData/software_model/transformer.py", line 573, in compile_and_simulate
    self.H_matmul0.compile_and_simulate(pcb, compile_mode)
2025-12-30 15:42:05,101 [ERROR]   File "/home/william/LLMCompass_GoldData/software_model/matmul.py", line 583, in compile_and_simulate
    cycle_count = self.simulate(
2025-12-30 15:42:05,101 [ERROR]   File "/home/william/LLMCompass_GoldData/software_model/matmul.py", line 915, in simulate
    previous_l2_tile = l2_tiles[previous_m, previous_n, previous_k]
2025-12-30 15:42:05,101 [ERROR] KeyboardInterrupt
2025-12-30 15:42:04,996 [ERROR] Process Process-41:
2025-12-30 15:42:04,996 [ERROR] Process Process-116:
2025-12-30 15:42:04,996 [ERROR] Process Process-207:
2025-12-30 15:42:04,996 [ERROR] Process Process-76:
2025-12-30 15:42:05,105 [ERROR] Traceback (most recent call last):
2025-12-30 15:42:05,105 [ERROR] Traceback (most recent call last):
2025-12-30 15:42:05,105 [ERROR]   File "/home/william/miniconda3/envs/llmcompass/lib/python3.9/multiprocessing/process.py", line 315, in _bootstrap
    self.run()
2025-12-30 15:42:05,105 [ERROR] Traceback (most recent call last):
2025-12-30 15:42:05,106 [ERROR]   File "/home/william/miniconda3/envs/llmcompass/lib/python3.9/multiprocessing/process.py", line 315, in _bootstrap
    self.run()
2025-12-30 15:42:05,106 [ERROR]   File "/home/william/miniconda3/envs/llmcompass/lib/python3.9/multiprocessing/process.py", line 108, in run
    self._target(*self._args, **self._kwargs)
2025-12-30 15:42:05,106 [ERROR]   File "/home/william/miniconda3/envs/llmcompass/lib/python3.9/multiprocessing/process.py", line 108, in run
    self._target(*self._args, **self._kwargs)
2025-12-30 15:42:05,106 [ERROR]   File "/home/william/miniconda3/envs/llmcompass/lib/python3.9/multiprocessing/process.py", line 315, in _bootstrap
    self.run()
2025-12-30 15:42:05,106 [ERROR]   File "/home/william/LLMCompass_GoldData/ae/figure8/change_memory_bw.py", line 103, in test_memory_bandwidth
    auto_regression_latency_simulated = model_auto_regression.compile_and_simulate(
2025-12-30 15:42:05,106 [ERROR]   File "/home/william/LLMCompass_GoldData/ae/figure8/change_memory_bw.py", line 103, in test_memory_bandwidth
    auto_regression_latency_simulated = model_auto_regression.compile_and_simulate(
2025-12-30 15:42:05,106 [ERROR]   File "/home/william/miniconda3/envs/llmcompass/lib/python3.9/multiprocessing/process.py", line 108, in run
    self._target(*self._args, **self._kwargs)
2025-12-30 15:42:05,106 [ERROR]   File "/home/william/LLMCompass_GoldData/software_model/transformer.py", line 573, in compile_and_simulate
    self.H_matmul0.compile_and_simulate(pcb, compile_mode)
2025-12-30 15:42:04,996 [ERROR] Process Process-349:
2025-12-30 15:42:05,106 [ERROR]   File "/home/william/LLMCompass_GoldData/software_model/transformer.py", line 573, in compile_and_simulate
    self.H_matmul0.compile_and_simulate(pcb, compile_mode)
2025-12-30 15:42:05,106 [ERROR]   File "/home/william/LLMCompass_GoldData/ae/figure8/change_memory_bw.py", line 103, in test_memory_bandwidth
    auto_regression_latency_simulated = model_auto_regression.compile_and_simulate(
2025-12-30 15:42:05,106 [ERROR]   File "/home/william/LLMCompass_GoldData/software_model/matmul.py", line 583, in compile_and_simulate
    cycle_count = self.simulate(
2025-12-30 15:42:05,106 [ERROR]   File "/home/william/LLMCompass_GoldData/software_model/transformer.py", line 558, in compile_and_simulate
    self.Q_proj.compile_and_simulate(pcb, compile_mode)
2025-12-30 15:42:05,106 [ERROR]   File "/home/william/LLMCompass_GoldData/software_model/matmul.py", line 583, in compile_and_simulate
    cycle_count = self.simulate(
2025-12-30 15:42:05,106 [ERROR]   File "/home/william/LLMCompass_GoldData/software_model/matmul.py", line 905, in simulate
    for m, n, k in self.generate_tile_loops(
2025-12-30 15:42:05,106 [ERROR]   File "/home/william/LLMCompass_GoldData/software_model/matmul.py", line 583, in compile_and_simulate
    cycle_count = self.simulate(
2025-12-30 15:42:05,106 [ERROR]   File "/home/william/LLMCompass_GoldData/software_model/matmul.py", line 926, in simulate
    if k > 0 and not (m == previous_m and n == previous_n):
2025-12-30 15:42:05,106 [ERROR]   File "/home/william/LLMCompass_GoldData/software_model/matmul.py", line 826, in simulate
    l2_tiles[-1, :N_l2_t, :K_l2_t] = self.L2TileSimulator(
2025-12-30 15:42:05,106 [ERROR]   File "/home/william/LLMCompass_GoldData/software_model/matmul.py", line 197, in generate_tile_loops
    for n in range(loop_N):
2025-12-30 15:42:05,106 [ERROR]   File "/home/william/LLMCompass_GoldData/software_model/matmul.py", line 1005, in __init__
    self.compute_cycle_count = self.simulate_l2_tile_compute_cycle_count(
2025-12-30 15:42:05,106 [ERROR] KeyboardInterrupt
2025-12-30 15:42:05,106 [ERROR]   File "/home/william/LLMCompass_GoldData/software_model/matmul.py", line 1220, in simulate_l2_tile_compute_cycle_count
    temp_l1_tile.M
2025-12-30 15:42:05,106 [ERROR] KeyboardInterrupt
2025-12-30 15:42:05,106 [ERROR] KeyboardInterrupt
2025-12-30 15:42:05,106 [ERROR] Traceback (most recent call last):
2025-12-30 15:42:05,106 [ERROR]   File "/home/william/miniconda3/envs/llmcompass/lib/python3.9/multiprocessing/process.py", line 315, in _bootstrap
    self.run()
2025-12-30 15:42:05,106 [ERROR]   File "/home/william/miniconda3/envs/llmcompass/lib/python3.9/multiprocessing/process.py", line 108, in run
    self._target(*self._args, **self._kwargs)
2025-12-30 15:42:05,106 [ERROR]   File "/home/william/LLMCompass_GoldData/ae/figure8/change_memory_bw.py", line 103, in test_memory_bandwidth
    auto_regression_latency_simulated = model_auto_regression.compile_and_simulate(
2025-12-30 15:42:05,106 [ERROR]   File "/home/william/LLMCompass_GoldData/software_model/transformer.py", line 578, in compile_and_simulate
    self.H_matmul1.compile_and_simulate(pcb, compile_mode)
2025-12-30 15:42:05,106 [ERROR]   File "/home/william/LLMCompass_GoldData/software_model/matmul.py", line 583, in compile_and_simulate
    cycle_count = self.simulate(
2025-12-30 15:42:05,106 [ERROR]   File "/home/william/LLMCompass_GoldData/software_model/matmul.py", line 929, in simulate
    previous_tile_compute_cycle_count = previous_l2_tile.compute_cycle_count
2025-12-30 15:42:05,106 [ERROR] KeyboardInterrupt
2025-12-30 15:42:05,106 [ERROR] Traceback (most recent call last):
2025-12-30 15:42:05,107 [ERROR]   File "/home/william/miniconda3/envs/llmcompass/lib/python3.9/multiprocessing/process.py", line 315, in _bootstrap
    self.run()
2025-12-30 15:42:05,107 [ERROR]   File "/home/william/miniconda3/envs/llmcompass/lib/python3.9/multiprocessing/process.py", line 108, in run
    self._target(*self._args, **self._kwargs)
2025-12-30 15:42:05,107 [ERROR]   File "/home/william/LLMCompass_GoldData/ae/figure8/change_memory_bw.py", line 103, in test_memory_bandwidth
    auto_regression_latency_simulated = model_auto_regression.compile_and_simulate(
2025-12-30 15:42:05,107 [ERROR]   File "/home/william/LLMCompass_GoldData/software_model/transformer.py", line 558, in compile_and_simulate
    self.Q_proj.compile_and_simulate(pcb, compile_mode)
2025-12-30 15:42:05,107 [ERROR]   File "/home/william/LLMCompass_GoldData/software_model/matmul.py", line 583, in compile_and_simulate
    cycle_count = self.simulate(
2025-12-30 15:42:05,107 [ERROR]   File "/home/william/LLMCompass_GoldData/software_model/matmul.py", line 918, in simulate
    if m == previous_m and k == previous_k:
2025-12-30 15:42:05,107 [ERROR] KeyboardInterrupt
2025-12-30 15:42:05,107 [ERROR] Traceback (most recent call last):
2025-12-30 15:42:05,107 [ERROR]   File "/home/william/miniconda3/envs/llmcompass/lib/python3.9/multiprocessing/process.py", line 315, in _bootstrap
    self.run()
2025-12-30 15:42:05,107 [ERROR]   File "/home/william/miniconda3/envs/llmcompass/lib/python3.9/multiprocessing/process.py", line 108, in run
    self._target(*self._args, **self._kwargs)
2025-12-30 15:42:05,107 [ERROR]   File "/home/william/LLMCompass_GoldData/ae/figure8/change_memory_bw.py", line 103, in test_memory_bandwidth
    auto_regression_latency_simulated = model_auto_regression.compile_and_simulate(
2025-12-30 15:42:05,107 [ERROR]   File "/home/william/LLMCompass_GoldData/software_model/transformer.py", line 573, in compile_and_simulate
    self.H_matmul0.compile_and_simulate(pcb, compile_mode)
2025-12-30 15:42:05,107 [ERROR]   File "/home/william/LLMCompass_GoldData/software_model/matmul.py", line 583, in compile_and_simulate
    cycle_count = self.simulate(
2025-12-30 15:42:05,107 [ERROR]   File "/home/william/LLMCompass_GoldData/software_model/matmul.py", line 826, in simulate
    l2_tiles[-1, :N_l2_t, :K_l2_t] = self.L2TileSimulator(
2025-12-30 15:42:05,107 [ERROR]   File "/home/william/LLMCompass_GoldData/software_model/matmul.py", line 1005, in __init__
    self.compute_cycle_count = self.simulate_l2_tile_compute_cycle_count(
2025-12-30 15:42:05,107 [ERROR]   File "/home/william/LLMCompass_GoldData/software_model/matmul.py", line 1058, in simulate_l2_tile_compute_cycle_count
    l1_tiles[-1, :N_l1_t, :K_l1_t] = Matmul.L1TileSimulator(
2025-12-30 15:42:05,107 [ERROR]   File "/home/william/LLMCompass_GoldData/software_model/matmul.py", line 1308, in __init__
    self.compute_cycle_count = self.simulate_l1_tile_compute_cycle_count(
2025-12-30 15:42:05,107 [ERROR]   File "/home/william/LLMCompass_GoldData/software_model/matmul.py", line 1338, in simulate_l1_tile_compute_cycle_count
    Matmul.simulate_systolic_array_cycle_count(
2025-12-30 15:42:05,107 [ERROR]   File "/home/william/LLMCompass_GoldData/software_model/matmul.py", line 1405, in simulate_systolic_array_cycle_count
    cycle_count = look_up_table.loc[
2025-12-30 15:42:05,107 [ERROR]   File "/home/william/miniconda3/envs/llmcompass/lib/python3.9/site-packages/pandas/core/indexing.py", line 1185, in __getitem__
    return self._getitem_tuple(key)
2025-12-30 15:42:05,107 [ERROR]   File "/home/william/miniconda3/envs/llmcompass/lib/python3.9/site-packages/pandas/core/indexing.py", line 1369, in _getitem_tuple
    return self._getitem_lowerdim(tup)
2025-12-30 15:42:05,107 [ERROR]   File "/home/william/miniconda3/envs/llmcompass/lib/python3.9/site-packages/pandas/core/indexing.py", line 1042, in _getitem_lowerdim
    return self._getitem_nested_tuple(tup)
2025-12-30 15:42:05,107 [ERROR]   File "/home/william/miniconda3/envs/llmcompass/lib/python3.9/site-packages/pandas/core/indexing.py", line 1154, in _getitem_nested_tuple
    obj = getattr(obj, self.name)._getitem_axis(key, axis=axis)
2025-12-30 15:42:05,107 [ERROR]   File "/home/william/miniconda3/envs/llmcompass/lib/python3.9/site-packages/pandas/core/indexing.py", line 1432, in _getitem_axis
    return self._get_label(key, axis=axis)
2025-12-30 15:42:05,107 [ERROR]   File "/home/william/miniconda3/envs/llmcompass/lib/python3.9/site-packages/pandas/core/indexing.py", line 1382, in _get_label
    return self.obj.xs(label, axis=axis)
2025-12-30 15:42:05,107 [ERROR]   File "/home/william/miniconda3/envs/llmcompass/lib/python3.9/site-packages/pandas/core/generic.py", line 4309, in xs
    return self[key]
2025-12-30 15:42:05,107 [ERROR]   File "/home/william/miniconda3/envs/llmcompass/lib/python3.9/site-packages/pandas/core/frame.py", line 4089, in __getitem__
    return self._get_item_cache(key)
2025-12-30 15:42:05,107 [ERROR] KeyboardInterrupt
2025-12-30 15:42:04,996 [ERROR] Process Process-137:
2025-12-30 15:42:04,996 [ERROR] Process Process-370:
2025-12-30 15:42:04,996 [ERROR] Process Process-369:
2025-12-30 15:42:05,109 [ERROR] Traceback (most recent call last):
2025-12-30 15:42:05,109 [ERROR]   File "/home/william/miniconda3/envs/llmcompass/lib/python3.9/multiprocessing/process.py", line 315, in _bootstrap
    self.run()
2025-12-30 15:42:05,109 [ERROR]   File "/home/william/miniconda3/envs/llmcompass/lib/python3.9/multiprocessing/process.py", line 108, in run
    self._target(*self._args, **self._kwargs)
2025-12-30 15:42:05,109 [ERROR]   File "/home/william/LLMCompass_GoldData/ae/figure8/change_memory_bw.py", line 103, in test_memory_bandwidth
    auto_regression_latency_simulated = model_auto_regression.compile_and_simulate(
2025-12-30 15:42:05,109 [ERROR]   File "/home/william/LLMCompass_GoldData/software_model/transformer.py", line 573, in compile_and_simulate
    self.H_matmul0.compile_and_simulate(pcb, compile_mode)
2025-12-30 15:42:05,109 [ERROR]   File "/home/william/LLMCompass_GoldData/software_model/matmul.py", line 583, in compile_and_simulate
    cycle_count = self.simulate(
2025-12-30 15:42:05,109 [ERROR]   File "/home/william/LLMCompass_GoldData/software_model/matmul.py", line 846, in simulate
    l2_tiles[:M_l2_t, :N_l2_t, -1] = self.L2TileSimulator(
2025-12-30 15:42:05,109 [ERROR]   File "/home/william/LLMCompass_GoldData/software_model/matmul.py", line 1005, in __init__
    self.compute_cycle_count = self.simulate_l2_tile_compute_cycle_count(
2025-12-30 15:42:05,109 [ERROR]   File "/home/william/LLMCompass_GoldData/software_model/matmul.py", line 1203, in simulate_l2_tile_compute_cycle_count
    current_batch_Read_M_N = np.zeros(
2025-12-30 15:42:05,109 [ERROR] KeyboardInterrupt
2025-12-30 15:42:05,109 [ERROR] Traceback (most recent call last):
2025-12-30 15:42:05,109 [ERROR]   File "/home/william/miniconda3/envs/llmcompass/lib/python3.9/copy.py", line 253, in _keep_alive
    memo[id(memo)].append(x)
2025-12-30 15:42:05,109 [ERROR] KeyError: 125484359624192
2025-12-30 15:42:05,109 [ERROR] 
During handling of the above exception, another exception occurred:
2025-12-30 15:42:05,110 [ERROR] Traceback (most recent call last):
2025-12-30 15:42:05,110 [ERROR]   File "/home/william/miniconda3/envs/llmcompass/lib/python3.9/multiprocessing/process.py", line 315, in _bootstrap
    self.run()
2025-12-30 15:42:05,110 [ERROR]   File "/home/william/miniconda3/envs/llmcompass/lib/python3.9/multiprocessing/process.py", line 108, in run
    self._target(*self._args, **self._kwargs)
2025-12-30 15:42:05,110 [ERROR]   File "/home/william/LLMCompass_GoldData/ae/figure8/change_memory_bw.py", line 103, in test_memory_bandwidth
    auto_regression_latency_simulated = model_auto_regression.compile_and_simulate(
2025-12-30 15:42:05,110 [ERROR]   File "/home/william/LLMCompass_GoldData/software_model/transformer.py", line 558, in compile_and_simulate
    self.Q_proj.compile_and_simulate(pcb, compile_mode)
2025-12-30 15:42:05,110 [ERROR]   File "/home/william/LLMCompass_GoldData/software_model/matmul.py", line 583, in compile_and_simulate
    cycle_count = self.simulate(
2025-12-30 15:42:05,110 [ERROR]   File "/home/william/LLMCompass_GoldData/software_model/matmul.py", line 826, in simulate
    l2_tiles[-1, :N_l2_t, :K_l2_t] = self.L2TileSimulator(
2025-12-30 15:42:05,110 [ERROR]   File "/home/william/LLMCompass_GoldData/software_model/matmul.py", line 1005, in __init__
    self.compute_cycle_count = self.simulate_l2_tile_compute_cycle_count(
2025-12-30 15:42:05,110 [ERROR]   File "/home/william/LLMCompass_GoldData/software_model/matmul.py", line 1279, in simulate_l2_tile_compute_cycle_count
    previous_batch_Read_M_N = copy.deepcopy(current_batch_Read_M_N)
2025-12-30 15:42:05,110 [ERROR]   File "/home/william/miniconda3/envs/llmcompass/lib/python3.9/copy.py", line 177, in deepcopy
    _keep_alive(x, memo) # Make sure x lives at least as long as d
2025-12-30 15:42:05,110 [ERROR]   File "/home/william/miniconda3/envs/llmcompass/lib/python3.9/copy.py", line 256, in _keep_alive
    memo[id(memo)]=[x]
2025-12-30 15:42:05,110 [ERROR] KeyboardInterrupt
2025-12-30 15:42:05,110 [ERROR] Traceback (most recent call last):
2025-12-30 15:42:05,110 [ERROR]   File "/home/william/miniconda3/envs/llmcompass/lib/python3.9/multiprocessing/process.py", line 315, in _bootstrap
    self.run()
2025-12-30 15:42:05,110 [ERROR]   File "/home/william/miniconda3/envs/llmcompass/lib/python3.9/multiprocessing/process.py", line 108, in run
    self._target(*self._args, **self._kwargs)
2025-12-30 15:42:05,110 [ERROR]   File "/home/william/LLMCompass_GoldData/ae/figure8/change_memory_bw.py", line 103, in test_memory_bandwidth
    auto_regression_latency_simulated = model_auto_regression.compile_and_simulate(
2025-12-30 15:42:05,110 [ERROR]   File "/home/william/LLMCompass_GoldData/software_model/transformer.py", line 558, in compile_and_simulate
    self.Q_proj.compile_and_simulate(pcb, compile_mode)
2025-12-30 15:42:05,110 [ERROR]   File "/home/william/LLMCompass_GoldData/software_model/matmul.py", line 583, in compile_and_simulate
    cycle_count = self.simulate(
2025-12-30 15:42:05,110 [ERROR]   File "/home/william/LLMCompass_GoldData/software_model/matmul.py", line 826, in simulate
    l2_tiles[-1, :N_l2_t, :K_l2_t] = self.L2TileSimulator(
2025-12-30 15:42:05,110 [ERROR]   File "/home/william/LLMCompass_GoldData/software_model/matmul.py", line 1005, in __init__
    self.compute_cycle_count = self.simulate_l2_tile_compute_cycle_count(
2025-12-30 15:42:05,110 [ERROR]   File "/home/william/LLMCompass_GoldData/software_model/matmul.py", line 1239, in simulate_l2_tile_compute_cycle_count
    current_batch_M_N_read_count = np.sum(
2025-12-30 15:42:05,110 [ERROR]   File "/home/william/miniconda3/envs/llmcompass/lib/python3.9/site-packages/numpy/_core/fromnumeric.py", line 2390, in sum
    a, np.add, 'sum', axis, dtype, out,
2025-12-30 15:42:05,110 [ERROR] KeyboardInterrupt
2025-12-30 15:42:04,996 [ERROR] Process Process-389:
2025-12-30 15:42:04,996 [ERROR] Process Process-96:
2025-12-30 15:42:05,113 [ERROR] Traceback (most recent call last):
2025-12-30 15:42:04,996 [ERROR] Process Process-37:
2025-12-30 15:42:05,113 [ERROR]   File "/home/william/miniconda3/envs/llmcompass/lib/python3.9/multiprocessing/process.py", line 315, in _bootstrap
    self.run()
2025-12-30 15:42:05,113 [ERROR]   File "/home/william/miniconda3/envs/llmcompass/lib/python3.9/multiprocessing/process.py", line 108, in run
    self._target(*self._args, **self._kwargs)
2025-12-30 15:42:05,113 [ERROR]   File "/home/william/LLMCompass_GoldData/ae/figure8/change_memory_bw.py", line 103, in test_memory_bandwidth
    auto_regression_latency_simulated = model_auto_regression.compile_and_simulate(
2025-12-30 15:42:05,113 [ERROR] Traceback (most recent call last):
2025-12-30 15:42:05,113 [ERROR]   File "/home/william/LLMCompass_GoldData/software_model/transformer.py", line 558, in compile_and_simulate
    self.Q_proj.compile_and_simulate(pcb, compile_mode)
2025-12-30 15:42:05,113 [ERROR]   File "/home/william/LLMCompass_GoldData/software_model/matmul.py", line 583, in compile_and_simulate
    cycle_count = self.simulate(
2025-12-30 15:42:05,113 [ERROR]   File "/home/william/miniconda3/envs/llmcompass/lib/python3.9/multiprocessing/process.py", line 315, in _bootstrap
    self.run()
2025-12-30 15:42:05,113 [ERROR]   File "/home/william/LLMCompass_GoldData/software_model/matmul.py", line 905, in simulate
    for m, n, k in self.generate_tile_loops(
2025-12-30 15:42:05,113 [ERROR]   File "/home/william/miniconda3/envs/llmcompass/lib/python3.9/multiprocessing/process.py", line 108, in run
    self._target(*self._args, **self._kwargs)
2025-12-30 15:42:05,113 [ERROR]   File "/home/william/LLMCompass_GoldData/software_model/matmul.py", line 198, in generate_tile_loops
    for m in range(loop_M):
2025-12-30 15:42:05,113 [ERROR]   File "/home/william/LLMCompass_GoldData/ae/figure8/change_memory_bw.py", line 103, in test_memory_bandwidth
    auto_regression_latency_simulated = model_auto_regression.compile_and_simulate(
2025-12-30 15:42:05,113 [ERROR] KeyboardInterrupt
2025-12-30 15:42:05,113 [ERROR]   File "/home/william/LLMCompass_GoldData/software_model/transformer.py", line 558, in compile_and_simulate
    self.Q_proj.compile_and_simulate(pcb, compile_mode)
2025-12-30 15:42:05,113 [ERROR]   File "/home/william/LLMCompass_GoldData/software_model/matmul.py", line 583, in compile_and_simulate
    cycle_count = self.simulate(
2025-12-30 15:42:05,114 [ERROR]   File "/home/william/LLMCompass_GoldData/software_model/matmul.py", line 836, in simulate
    l2_tiles[:M_l2_t, -1, :K_l2_t] = self.L2TileSimulator(
2025-12-30 15:42:05,114 [ERROR]   File "/home/william/LLMCompass_GoldData/software_model/matmul.py", line 1005, in __init__
    self.compute_cycle_count = self.simulate_l2_tile_compute_cycle_count(
2025-12-30 15:42:05,114 [ERROR]   File "/home/william/LLMCompass_GoldData/software_model/matmul.py", line 1184, in simulate_l2_tile_compute_cycle_count
    m == ceil(M / l1_tile_M) - 1
2025-12-30 15:42:05,114 [ERROR] KeyboardInterrupt
2025-12-30 15:42:05,114 [ERROR] Traceback (most recent call last):
2025-12-30 15:42:05,114 [ERROR]   File "/home/william/miniconda3/envs/llmcompass/lib/python3.9/multiprocessing/process.py", line 315, in _bootstrap
    self.run()
2025-12-30 15:42:05,114 [ERROR]   File "/home/william/miniconda3/envs/llmcompass/lib/python3.9/multiprocessing/process.py", line 108, in run
    self._target(*self._args, **self._kwargs)
2025-12-30 15:42:05,114 [ERROR]   File "/home/william/LLMCompass_GoldData/ae/figure8/change_memory_bw.py", line 103, in test_memory_bandwidth
    auto_regression_latency_simulated = model_auto_regression.compile_and_simulate(
2025-12-30 15:42:04,996 [ERROR] Process Process-150:
2025-12-30 15:42:05,114 [ERROR]   File "/home/william/LLMCompass_GoldData/software_model/transformer.py", line 573, in compile_and_simulate
    self.H_matmul0.compile_and_simulate(pcb, compile_mode)
2025-12-30 15:42:05,101 [ERROR] Traceback (most recent call last):
2025-12-30 15:42:05,114 [ERROR]   File "/home/william/LLMCompass_GoldData/software_model/matmul.py", line 583, in compile_and_simulate
    cycle_count = self.simulate(
2025-12-30 15:42:05,114 [ERROR]   File "/home/william/LLMCompass_GoldData/software_model/matmul.py", line 826, in simulate
    l2_tiles[-1, :N_l2_t, :K_l2_t] = self.L2TileSimulator(
2025-12-30 15:42:05,114 [ERROR]   File "/home/william/LLMCompass_GoldData/software_model/matmul.py", line 1005, in __init__
    self.compute_cycle_count = self.simulate_l2_tile_compute_cycle_count(
2025-12-30 15:42:05,114 [ERROR]   File "/home/william/LLMCompass_GoldData/software_model/matmul.py", line 1058, in simulate_l2_tile_compute_cycle_count
    l1_tiles[-1, :N_l1_t, :K_l1_t] = Matmul.L1TileSimulator(
2025-12-30 15:42:05,114 [ERROR]   File "/home/william/LLMCompass_GoldData/software_model/matmul.py", line 1308, in __init__
    self.compute_cycle_count = self.simulate_l1_tile_compute_cycle_count(
2025-12-30 15:42:05,114 [ERROR]   File "/home/william/LLMCompass_GoldData/software_model/matmul.py", line 1338, in simulate_l1_tile_compute_cycle_count
    Matmul.simulate_systolic_array_cycle_count(
2025-12-30 15:42:05,114 [ERROR]   File "/home/william/LLMCompass_GoldData/software_model/matmul.py", line 1405, in simulate_systolic_array_cycle_count
    cycle_count = look_up_table.loc[
2025-12-30 15:42:05,114 [ERROR] KeyboardInterrupt
2025-12-30 15:42:05,114 [ERROR]   File "/home/william/miniconda3/envs/llmcompass/lib/python3.9/multiprocessing/process.py", line 315, in _bootstrap
    self.run()
2025-12-30 15:42:04,996 [ERROR] Process Process-296:
2025-12-30 15:42:05,115 [ERROR]   File "/home/william/miniconda3/envs/llmcompass/lib/python3.9/multiprocessing/process.py", line 108, in run
    self._target(*self._args, **self._kwargs)
2025-12-30 15:42:04,996 [ERROR] Process Process-126:
2025-12-30 15:42:05,115 [ERROR]   File "/home/william/LLMCompass_GoldData/ae/figure8/change_memory_bw.py", line 103, in test_memory_bandwidth
    auto_regression_latency_simulated = model_auto_regression.compile_and_simulate(
2025-12-30 15:42:05,115 [ERROR]   File "/home/william/LLMCompass_GoldData/software_model/transformer.py", line 573, in compile_and_simulate
    self.H_matmul0.compile_and_simulate(pcb, compile_mode)
2025-12-30 15:42:05,115 [ERROR]   File "/home/william/LLMCompass_GoldData/software_model/matmul.py", line 583, in compile_and_simulate
    cycle_count = self.simulate(
2025-12-30 15:42:05,115 [ERROR]   File "/home/william/LLMCompass_GoldData/software_model/matmul.py", line 930, in simulate
    if k > 0:
2025-12-30 15:42:05,115 [ERROR] KeyboardInterrupt
2025-12-30 15:42:05,115 [ERROR] Traceback (most recent call last):
2025-12-30 15:42:05,115 [ERROR]   File "/home/william/miniconda3/envs/llmcompass/lib/python3.9/multiprocessing/process.py", line 315, in _bootstrap
    self.run()
2025-12-30 15:42:05,115 [ERROR]   File "/home/william/miniconda3/envs/llmcompass/lib/python3.9/multiprocessing/process.py", line 108, in run
    self._target(*self._args, **self._kwargs)
2025-12-30 15:42:05,115 [ERROR]   File "/home/william/LLMCompass_GoldData/ae/figure8/change_memory_bw.py", line 103, in test_memory_bandwidth
    auto_regression_latency_simulated = model_auto_regression.compile_and_simulate(
2025-12-30 15:42:05,115 [ERROR]   File "/home/william/LLMCompass_GoldData/software_model/transformer.py", line 573, in compile_and_simulate
    self.H_matmul0.compile_and_simulate(pcb, compile_mode)
2025-12-30 15:42:05,115 [ERROR]   File "/home/william/LLMCompass_GoldData/software_model/matmul.py", line 583, in compile_and_simulate
    cycle_count = self.simulate(
2025-12-30 15:42:05,115 [ERROR]   File "/home/william/LLMCompass_GoldData/software_model/matmul.py", line 826, in simulate
    l2_tiles[-1, :N_l2_t, :K_l2_t] = self.L2TileSimulator(
2025-12-30 15:42:05,115 [ERROR]   File "/home/william/LLMCompass_GoldData/software_model/matmul.py", line 1005, in __init__
    self.compute_cycle_count = self.simulate_l2_tile_compute_cycle_count(
2025-12-30 15:42:05,115 [ERROR]   File "/home/william/LLMCompass_GoldData/software_model/matmul.py", line 1214, in simulate_l2_tile_compute_cycle_count
    current_batch_Read_K_N[temp_k, temp_n] = 1
2025-12-30 15:42:05,115 [ERROR] KeyboardInterrupt
2025-12-30 15:42:04,996 [ERROR] Process Process-331:
2025-12-30 15:42:05,115 [ERROR] Traceback (most recent call last):
2025-12-30 15:42:05,116 [ERROR]   File "/home/william/miniconda3/envs/llmcompass/lib/python3.9/multiprocessing/process.py", line 315, in _bootstrap
    self.run()
2025-12-30 15:42:05,116 [ERROR]   File "/home/william/miniconda3/envs/llmcompass/lib/python3.9/multiprocessing/process.py", line 108, in run
    self._target(*self._args, **self._kwargs)
2025-12-30 15:42:05,116 [ERROR]   File "/home/william/LLMCompass_GoldData/ae/figure8/change_memory_bw.py", line 103, in test_memory_bandwidth
    auto_regression_latency_simulated = model_auto_regression.compile_and_simulate(
2025-12-30 15:42:05,116 [ERROR]   File "/home/william/LLMCompass_GoldData/software_model/transformer.py", line 573, in compile_and_simulate
    self.H_matmul0.compile_and_simulate(pcb, compile_mode)
2025-12-30 15:42:04,996 [ERROR] Process Process-328:
2025-12-30 15:42:04,996 [ERROR] Process Process-39:
2025-12-30 15:42:04,996 [ERROR] Process Process-311:
2025-12-30 15:42:04,996 [ERROR] Process Process-385:
2025-12-30 15:42:05,118 [ERROR] Traceback (most recent call last):
2025-12-30 15:42:05,118 [ERROR]   File "/home/william/miniconda3/envs/llmcompass/lib/python3.9/multiprocessing/process.py", line 315, in _bootstrap
    self.run()
2025-12-30 15:42:05,118 [ERROR]   File "/home/william/miniconda3/envs/llmcompass/lib/python3.9/multiprocessing/process.py", line 108, in run
    self._target(*self._args, **self._kwargs)
2025-12-30 15:42:05,118 [ERROR]   File "/home/william/LLMCompass_GoldData/ae/figure8/change_memory_bw.py", line 103, in test_memory_bandwidth
    auto_regression_latency_simulated = model_auto_regression.compile_and_simulate(
2025-12-30 15:42:05,118 [ERROR]   File "/home/william/LLMCompass_GoldData/software_model/transformer.py", line 558, in compile_and_simulate
    self.Q_proj.compile_and_simulate(pcb, compile_mode)
2025-12-30 15:42:05,118 [ERROR]   File "/home/william/LLMCompass_GoldData/software_model/matmul.py", line 583, in compile_and_simulate
    cycle_count = self.simulate(
2025-12-30 15:42:05,118 [ERROR]   File "/home/william/LLMCompass_GoldData/software_model/matmul.py", line 826, in simulate
    l2_tiles[-1, :N_l2_t, :K_l2_t] = self.L2TileSimulator(
2025-12-30 15:42:05,118 [ERROR]   File "/home/william/LLMCompass_GoldData/software_model/matmul.py", line 1005, in __init__
    self.compute_cycle_count = self.simulate_l2_tile_compute_cycle_count(
2025-12-30 15:42:05,118 [ERROR]   File "/home/william/LLMCompass_GoldData/software_model/matmul.py", line 1263, in simulate_l2_tile_compute_cycle_count
    previous_batch_M_N_write_count
2025-12-30 15:42:05,118 [ERROR] KeyboardInterrupt
2025-12-30 15:42:05,118 [ERROR] Traceback (most recent call last):
2025-12-30 15:42:05,118 [ERROR]   File "/home/william/miniconda3/envs/llmcompass/lib/python3.9/multiprocessing/process.py", line 315, in _bootstrap
    self.run()
2025-12-30 15:42:05,118 [ERROR]   File "/home/william/miniconda3/envs/llmcompass/lib/python3.9/multiprocessing/process.py", line 108, in run
    self._target(*self._args, **self._kwargs)
2025-12-30 15:42:05,118 [ERROR] Traceback (most recent call last):
2025-12-30 15:42:05,118 [ERROR] Traceback (most recent call last):
2025-12-30 15:42:05,119 [ERROR]   File "/home/william/LLMCompass_GoldData/ae/figure8/change_memory_bw.py", line 103, in test_memory_bandwidth
    auto_regression_latency_simulated = model_auto_regression.compile_and_simulate(
2025-12-30 15:42:05,119 [ERROR]   File "/home/william/LLMCompass_GoldData/software_model/transformer.py", line 558, in compile_and_simulate
    self.Q_proj.compile_and_simulate(pcb, compile_mode)
2025-12-30 15:42:05,119 [ERROR]   File "/home/william/LLMCompass_GoldData/software_model/matmul.py", line 583, in compile_and_simulate
    cycle_count = self.simulate(
2025-12-30 15:42:05,119 [ERROR]   File "/home/william/miniconda3/envs/llmcompass/lib/python3.9/multiprocessing/process.py", line 315, in _bootstrap
    self.run()
2025-12-30 15:42:05,119 [ERROR]   File "/home/william/miniconda3/envs/llmcompass/lib/python3.9/multiprocessing/process.py", line 315, in _bootstrap
    self.run()
2025-12-30 15:42:05,119 [ERROR]   File "/home/william/LLMCompass_GoldData/software_model/matmul.py", line 846, in simulate
    l2_tiles[:M_l2_t, :N_l2_t, -1] = self.L2TileSimulator(
2025-12-30 15:42:05,119 [ERROR]   File "/home/william/miniconda3/envs/llmcompass/lib/python3.9/multiprocessing/process.py", line 108, in run
    self._target(*self._args, **self._kwargs)
2025-12-30 15:42:05,119 [ERROR]   File "/home/william/miniconda3/envs/llmcompass/lib/python3.9/multiprocessing/process.py", line 108, in run
    self._target(*self._args, **self._kwargs)
2025-12-30 15:42:05,119 [ERROR]   File "/home/william/LLMCompass_GoldData/software_model/matmul.py", line 1005, in __init__
    self.compute_cycle_count = self.simulate_l2_tile_compute_cycle_count(
2025-12-30 15:42:05,119 [ERROR]   File "/home/william/LLMCompass_GoldData/ae/figure8/change_memory_bw.py", line 103, in test_memory_bandwidth
    auto_regression_latency_simulated = model_auto_regression.compile_and_simulate(
2025-12-30 15:42:05,119 [ERROR]   File "/home/william/LLMCompass_GoldData/software_model/matmul.py", line 1213, in simulate_l2_tile_compute_cycle_count
    current_batch_Read_M_K[temp_m, temp_k] = 1
2025-12-30 15:42:05,119 [ERROR]   File "/home/william/LLMCompass_GoldData/ae/figure8/change_memory_bw.py", line 103, in test_memory_bandwidth
    auto_regression_latency_simulated = model_auto_regression.compile_and_simulate(
2025-12-30 15:42:05,119 [ERROR]   File "/home/william/LLMCompass_GoldData/software_model/transformer.py", line 558, in compile_and_simulate
    self.Q_proj.compile_and_simulate(pcb, compile_mode)
2025-12-30 15:42:05,119 [ERROR] KeyboardInterrupt
2025-12-30 15:42:05,119 [ERROR]   File "/home/william/LLMCompass_GoldData/software_model/transformer.py", line 573, in compile_and_simulate
    self.H_matmul0.compile_and_simulate(pcb, compile_mode)
2025-12-30 15:42:05,119 [ERROR]   File "/home/william/LLMCompass_GoldData/software_model/matmul.py", line 583, in compile_and_simulate
    cycle_count = self.simulate(
2025-12-30 15:42:05,119 [ERROR]   File "/home/william/LLMCompass_GoldData/software_model/matmul.py", line 583, in compile_and_simulate
    cycle_count = self.simulate(
2025-12-30 15:42:05,119 [ERROR]   File "/home/william/LLMCompass_GoldData/software_model/matmul.py", line 915, in simulate
    previous_l2_tile = l2_tiles[previous_m, previous_n, previous_k]
2025-12-30 15:42:05,119 [ERROR]   File "/home/william/LLMCompass_GoldData/software_model/matmul.py", line 826, in simulate
    l2_tiles[-1, :N_l2_t, :K_l2_t] = self.L2TileSimulator(
2025-12-30 15:42:05,119 [ERROR] KeyboardInterrupt
2025-12-30 15:42:05,119 [ERROR]   File "/home/william/LLMCompass_GoldData/software_model/matmul.py", line 1005, in __init__
    self.compute_cycle_count = self.simulate_l2_tile_compute_cycle_count(
2025-12-30 15:42:05,119 [ERROR]   File "/home/william/LLMCompass_GoldData/software_model/matmul.py", line 1224, in simulate_l2_tile_compute_cycle_count
    current_batch_compute_cycle_count = max(
2025-12-30 15:42:05,119 [ERROR] KeyboardInterrupt
2025-12-30 15:42:04,996 [ERROR] Process Process-189:
2025-12-30 15:42:04,996 [ERROR] Process Process-261:
2025-12-30 15:42:05,121 [ERROR] Traceback (most recent call last):
2025-12-30 15:42:05,121 [ERROR]   File "/home/william/miniconda3/envs/llmcompass/lib/python3.9/multiprocessing/process.py", line 315, in _bootstrap
    self.run()
2025-12-30 15:42:05,121 [ERROR]   File "/home/william/miniconda3/envs/llmcompass/lib/python3.9/multiprocessing/process.py", line 108, in run
    self._target(*self._args, **self._kwargs)
2025-12-30 15:42:05,121 [ERROR]   File "/home/william/LLMCompass_GoldData/ae/figure8/change_memory_bw.py", line 103, in test_memory_bandwidth
    auto_regression_latency_simulated = model_auto_regression.compile_and_simulate(
2025-12-30 15:42:05,121 [ERROR]   File "/home/william/LLMCompass_GoldData/software_model/transformer.py", line 558, in compile_and_simulate
    self.Q_proj.compile_and_simulate(pcb, compile_mode)
2025-12-30 15:42:05,121 [ERROR]   File "/home/william/LLMCompass_GoldData/software_model/matmul.py", line 583, in compile_and_simulate
    cycle_count = self.simulate(
2025-12-30 15:42:05,121 [ERROR]   File "/home/william/LLMCompass_GoldData/software_model/matmul.py", line 836, in simulate
    l2_tiles[:M_l2_t, -1, :K_l2_t] = self.L2TileSimulator(
2025-12-30 15:42:05,121 [ERROR]   File "/home/william/LLMCompass_GoldData/software_model/matmul.py", line 1005, in __init__
    self.compute_cycle_count = self.simulate_l2_tile_compute_cycle_count(
2025-12-30 15:42:05,121 [ERROR]   File "/home/william/LLMCompass_GoldData/software_model/matmul.py", line 1258, in simulate_l2_tile_compute_cycle_count
    current_batch_read_count
2025-12-30 15:42:05,121 [ERROR] KeyboardInterrupt
2025-12-30 15:42:05,115 [ERROR] Process Process-14:
2025-12-30 15:42:05,122 [ERROR] Traceback (most recent call last):
2025-12-30 15:42:05,122 [ERROR]   File "/home/william/miniconda3/envs/llmcompass/lib/python3.9/multiprocessing/process.py", line 315, in _bootstrap
    self.run()
2025-12-30 15:42:05,122 [ERROR]   File "/home/william/miniconda3/envs/llmcompass/lib/python3.9/multiprocessing/process.py", line 108, in run
    self._target(*self._args, **self._kwargs)
2025-12-30 15:42:05,122 [ERROR] Traceback (most recent call last):
2025-12-30 15:42:05,122 [ERROR]   File "/home/william/LLMCompass_GoldData/ae/figure8/change_memory_bw.py", line 103, in test_memory_bandwidth
    auto_regression_latency_simulated = model_auto_regression.compile_and_simulate(
2025-12-30 15:42:05,122 [ERROR]   File "/home/william/LLMCompass_GoldData/software_model/transformer.py", line 558, in compile_and_simulate
    self.Q_proj.compile_and_simulate(pcb, compile_mode)
2025-12-30 15:42:05,122 [ERROR]   File "/home/william/miniconda3/envs/llmcompass/lib/python3.9/multiprocessing/process.py", line 315, in _bootstrap
    self.run()
2025-12-30 15:42:05,122 [ERROR]   File "/home/william/LLMCompass_GoldData/software_model/matmul.py", line 583, in compile_and_simulate
    cycle_count = self.simulate(
2025-12-30 15:42:05,122 [ERROR]   File "/home/william/miniconda3/envs/llmcompass/lib/python3.9/multiprocessing/process.py", line 108, in run
    self._target(*self._args, **self._kwargs)
2025-12-30 15:42:05,122 [ERROR]   File "/home/william/LLMCompass_GoldData/software_model/matmul.py", line 826, in simulate
    l2_tiles[-1, :N_l2_t, :K_l2_t] = self.L2TileSimulator(
2025-12-30 15:42:05,122 [ERROR]   File "/home/william/LLMCompass_GoldData/ae/figure8/change_memory_bw.py", line 103, in test_memory_bandwidth
    auto_regression_latency_simulated = model_auto_regression.compile_and_simulate(
2025-12-30 15:42:05,122 [ERROR]   File "/home/william/LLMCompass_GoldData/software_model/matmul.py", line 1005, in __init__
    self.compute_cycle_count = self.simulate_l2_tile_compute_cycle_count(
2025-12-30 15:42:05,122 [ERROR]   File "/home/william/LLMCompass_GoldData/software_model/transformer.py", line 583, in compile_and_simulate
    self.H_matmul2.compile_and_simulate(pcb, compile_mode)
2025-12-30 15:42:05,122 [ERROR]   File "/home/william/LLMCompass_GoldData/software_model/matmul.py", line 1058, in simulate_l2_tile_compute_cycle_count
    l1_tiles[-1, :N_l1_t, :K_l1_t] = Matmul.L1TileSimulator(
2025-12-30 15:42:05,123 [ERROR]   File "/home/william/LLMCompass_GoldData/software_model/matmul.py", line 583, in compile_and_simulate
    cycle_count = self.simulate(
2025-12-30 15:42:05,123 [ERROR]   File "/home/william/LLMCompass_GoldData/software_model/matmul.py", line 826, in simulate
    l2_tiles[-1, :N_l2_t, :K_l2_t] = self.L2TileSimulator(
2025-12-30 15:42:05,123 [ERROR]   File "/home/william/LLMCompass_GoldData/software_model/matmul.py", line 1308, in __init__
    self.compute_cycle_count = self.simulate_l1_tile_compute_cycle_count(
2025-12-30 15:42:05,123 [ERROR]   File "/home/william/LLMCompass_GoldData/software_model/matmul.py", line 1005, in __init__
    self.compute_cycle_count = self.simulate_l2_tile_compute_cycle_count(
2025-12-30 15:42:05,123 [ERROR]   File "/home/william/LLMCompass_GoldData/software_model/matmul.py", line 1214, in simulate_l2_tile_compute_cycle_count
    current_batch_Read_K_N[temp_k, temp_n] = 1
2025-12-30 15:42:05,123 [ERROR]   File "/home/william/LLMCompass_GoldData/software_model/matmul.py", line 1338, in simulate_l1_tile_compute_cycle_count
    Matmul.simulate_systolic_array_cycle_count(
2025-12-30 15:42:05,123 [ERROR] KeyboardInterrupt
2025-12-30 15:42:05,123 [ERROR]   File "/home/william/LLMCompass_GoldData/software_model/matmul.py", line 1405, in simulate_systolic_array_cycle_count
    cycle_count = look_up_table.loc[
2025-12-30 15:42:05,123 [ERROR]   File "/home/william/miniconda3/envs/llmcompass/lib/python3.9/site-packages/pandas/core/indexing.py", line 1185, in __getitem__
    return self._getitem_tuple(key)
2025-12-30 15:42:05,123 [ERROR]   File "/home/william/miniconda3/envs/llmcompass/lib/python3.9/site-packages/pandas/core/indexing.py", line 1369, in _getitem_tuple
    return self._getitem_lowerdim(tup)
2025-12-30 15:42:05,123 [ERROR]   File "/home/william/miniconda3/envs/llmcompass/lib/python3.9/site-packages/pandas/core/indexing.py", line 1042, in _getitem_lowerdim
    return self._getitem_nested_tuple(tup)
2025-12-30 15:42:05,123 [ERROR]   File "/home/william/miniconda3/envs/llmcompass/lib/python3.9/site-packages/pandas/core/indexing.py", line 1154, in _getitem_nested_tuple
    obj = getattr(obj, self.name)._getitem_axis(key, axis=axis)
2025-12-30 15:42:05,123 [ERROR]   File "/home/william/miniconda3/envs/llmcompass/lib/python3.9/site-packages/pandas/core/indexing.py", line 1413, in _getitem_axis
    elif com.is_bool_indexer(key):
2025-12-30 15:42:05,123 [ERROR]   File "/home/william/miniconda3/envs/llmcompass/lib/python3.9/site-packages/pandas/core/common.py", line 125, in is_bool_indexer
    if isinstance(
2025-12-30 15:42:05,123 [ERROR]   File "/home/william/miniconda3/envs/llmcompass/lib/python3.9/site-packages/pandas/core/dtypes/generic.py", line 42, in _instancecheck
    @classmethod  # type: ignore[misc]
2025-12-30 15:42:05,123 [ERROR] KeyboardInterrupt
2025-12-30 15:42:04,996 [ERROR] Process Process-227:
2025-12-30 15:42:05,016 [ERROR] Process Process-70:
2025-12-30 15:42:05,125 [ERROR] Traceback (most recent call last):
2025-12-30 15:42:05,125 [ERROR]   File "/home/william/miniconda3/envs/llmcompass/lib/python3.9/multiprocessing/process.py", line 315, in _bootstrap
    self.run()
2025-12-30 15:42:05,125 [ERROR]   File "/home/william/miniconda3/envs/llmcompass/lib/python3.9/multiprocessing/process.py", line 108, in run
    self._target(*self._args, **self._kwargs)
2025-12-30 15:42:05,125 [ERROR]   File "/home/william/LLMCompass_GoldData/ae/figure8/change_memory_bw.py", line 103, in test_memory_bandwidth
    auto_regression_latency_simulated = model_auto_regression.compile_and_simulate(
2025-12-30 15:42:05,125 [ERROR]   File "/home/william/LLMCompass_GoldData/software_model/transformer.py", line 573, in compile_and_simulate
    self.H_matmul0.compile_and_simulate(pcb, compile_mode)
2025-12-30 15:42:05,125 [ERROR]   File "/home/william/LLMCompass_GoldData/software_model/matmul.py", line 583, in compile_and_simulate
    cycle_count = self.simulate(
2025-12-30 15:42:05,125 [ERROR]   File "/home/william/LLMCompass_GoldData/software_model/matmul.py", line 943, in simulate
    max(
2025-12-30 15:42:05,125 [ERROR] KeyboardInterrupt
2025-12-30 15:42:04,996 [ERROR] Process Process-19:
2025-12-30 15:42:04,996 [ERROR] Process Process-214:
2025-12-30 15:42:04,996 [ERROR] Process Process-316:
2025-12-30 15:42:04,996 [ERROR] Process Process-92:
2025-12-30 15:42:04,996 [ERROR] Process Process-255:
2025-12-30 15:42:04,996 [ERROR] Process Process-253:
2025-12-30 15:42:04,996 [ERROR] Process Process-258:
2025-12-30 15:42:04,996 [ERROR] Process Process-88:
2025-12-30 15:42:05,128 [ERROR] Traceback (most recent call last):
2025-12-30 15:42:05,128 [ERROR]   File "/home/william/miniconda3/envs/llmcompass/lib/python3.9/multiprocessing/process.py", line 315, in _bootstrap
    self.run()
2025-12-30 15:42:05,128 [ERROR]   File "/home/william/miniconda3/envs/llmcompass/lib/python3.9/multiprocessing/process.py", line 108, in run
    self._target(*self._args, **self._kwargs)
2025-12-30 15:42:05,128 [ERROR] Traceback (most recent call last):
2025-12-30 15:42:05,128 [ERROR]   File "/home/william/LLMCompass_GoldData/ae/figure8/change_memory_bw.py", line 103, in test_memory_bandwidth
    auto_regression_latency_simulated = model_auto_regression.compile_and_simulate(
2025-12-30 15:42:05,128 [ERROR] Traceback (most recent call last):
2025-12-30 15:42:05,129 [ERROR]   File "/home/william/LLMCompass_GoldData/software_model/transformer.py", line 573, in compile_and_simulate
    self.H_matmul0.compile_and_simulate(pcb, compile_mode)
2025-12-30 15:42:05,129 [ERROR]   File "/home/william/miniconda3/envs/llmcompass/lib/python3.9/multiprocessing/process.py", line 315, in _bootstrap
    self.run()
2025-12-30 15:42:05,129 [ERROR]   File "/home/william/LLMCompass_GoldData/software_model/matmul.py", line 583, in compile_and_simulate
    cycle_count = self.simulate(
2025-12-30 15:42:05,129 [ERROR]   File "/home/william/miniconda3/envs/llmcompass/lib/python3.9/multiprocessing/process.py", line 315, in _bootstrap
    self.run()
2025-12-30 15:42:05,129 [ERROR]   File "/home/william/miniconda3/envs/llmcompass/lib/python3.9/multiprocessing/process.py", line 108, in run
    self._target(*self._args, **self._kwargs)
2025-12-30 15:42:05,129 [ERROR]   File "/home/william/LLMCompass_GoldData/software_model/matmul.py", line 905, in simulate
    for m, n, k in self.generate_tile_loops(
2025-12-30 15:42:05,129 [ERROR]   File "/home/william/miniconda3/envs/llmcompass/lib/python3.9/multiprocessing/process.py", line 108, in run
    self._target(*self._args, **self._kwargs)
2025-12-30 15:42:05,129 [ERROR]   File "/home/william/LLMCompass_GoldData/ae/figure8/change_memory_bw.py", line 103, in test_memory_bandwidth
    auto_regression_latency_simulated = model_auto_regression.compile_and_simulate(
2025-12-30 15:42:05,129 [ERROR]   File "/home/william/LLMCompass_GoldData/software_model/matmul.py", line 198, in generate_tile_loops
    for m in range(loop_M):
2025-12-30 15:42:05,129 [ERROR]   File "/home/william/LLMCompass_GoldData/ae/figure8/change_memory_bw.py", line 103, in test_memory_bandwidth
    auto_regression_latency_simulated = model_auto_regression.compile_and_simulate(
2025-12-30 15:42:05,129 [ERROR]   File "/home/william/LLMCompass_GoldData/software_model/transformer.py", line 558, in compile_and_simulate
    self.Q_proj.compile_and_simulate(pcb, compile_mode)
2025-12-30 15:42:05,129 [ERROR]   File "/home/william/LLMCompass_GoldData/software_model/transformer.py", line 573, in compile_and_simulate
    self.H_matmul0.compile_and_simulate(pcb, compile_mode)
2025-12-30 15:42:05,129 [ERROR] KeyboardInterrupt
2025-12-30 15:42:05,129 [ERROR]   File "/home/william/LLMCompass_GoldData/software_model/matmul.py", line 583, in compile_and_simulate
    cycle_count = self.simulate(
2025-12-30 15:42:05,129 [ERROR]   File "/home/william/LLMCompass_GoldData/software_model/matmul.py", line 583, in compile_and_simulate
    cycle_count = self.simulate(
2025-12-30 15:42:05,129 [ERROR]   File "/home/william/LLMCompass_GoldData/software_model/matmul.py", line 846, in simulate
    l2_tiles[:M_l2_t, :N_l2_t, -1] = self.L2TileSimulator(
2025-12-30 15:42:05,129 [ERROR]   File "/home/william/LLMCompass_GoldData/software_model/matmul.py", line 866, in simulate
    l2_tiles[-1, :N_l2_t, -1] = self.L2TileSimulator(
2025-12-30 15:42:05,129 [ERROR]   File "/home/william/LLMCompass_GoldData/software_model/matmul.py", line 1005, in __init__
    self.compute_cycle_count = self.simulate_l2_tile_compute_cycle_count(
2025-12-30 15:42:05,129 [ERROR]   File "/home/william/LLMCompass_GoldData/software_model/matmul.py", line 1005, in __init__
    self.compute_cycle_count = self.simulate_l2_tile_compute_cycle_count(
2025-12-30 15:42:05,129 [ERROR]   File "/home/william/LLMCompass_GoldData/software_model/matmul.py", line 1216, in simulate_l2_tile_compute_cycle_count
    current_batch_Write_M_N[temp_m, temp_n] = 1
2025-12-30 15:42:05,129 [ERROR]   File "/home/william/LLMCompass_GoldData/software_model/matmul.py", line 1058, in simulate_l2_tile_compute_cycle_count
    l1_tiles[-1, :N_l1_t, :K_l1_t] = Matmul.L1TileSimulator(
2025-12-30 15:42:05,129 [ERROR] KeyboardInterrupt
2025-12-30 15:42:05,129 [ERROR] KeyboardInterrupt
2025-12-30 15:42:05,129 [ERROR] Traceback (most recent call last):
2025-12-30 15:42:05,129 [ERROR] Traceback (most recent call last):
2025-12-30 15:42:05,129 [ERROR]   File "/home/william/miniconda3/envs/llmcompass/lib/python3.9/multiprocessing/process.py", line 315, in _bootstrap
    self.run()
2025-12-30 15:42:05,129 [ERROR] Traceback (most recent call last):
2025-12-30 15:42:05,129 [ERROR]   File "/home/william/miniconda3/envs/llmcompass/lib/python3.9/multiprocessing/process.py", line 315, in _bootstrap
    self.run()
2025-12-30 15:42:05,129 [ERROR] Traceback (most recent call last):
2025-12-30 15:42:05,129 [ERROR]   File "/home/william/miniconda3/envs/llmcompass/lib/python3.9/multiprocessing/process.py", line 108, in run
    self._target(*self._args, **self._kwargs)
2025-12-30 15:42:05,129 [ERROR]   File "/home/william/miniconda3/envs/llmcompass/lib/python3.9/multiprocessing/process.py", line 108, in run
    self._target(*self._args, **self._kwargs)
2025-12-30 15:42:05,129 [ERROR]   File "/home/william/LLMCompass_GoldData/ae/figure8/change_memory_bw.py", line 103, in test_memory_bandwidth
    auto_regression_latency_simulated = model_auto_regression.compile_and_simulate(
2025-12-30 15:42:05,129 [ERROR]   File "/home/william/LLMCompass_GoldData/ae/figure8/change_memory_bw.py", line 103, in test_memory_bandwidth
    auto_regression_latency_simulated = model_auto_regression.compile_and_simulate(
2025-12-30 15:42:05,129 [ERROR]   File "/home/william/miniconda3/envs/llmcompass/lib/python3.9/multiprocessing/process.py", line 315, in _bootstrap
    self.run()
2025-12-30 15:42:05,129 [ERROR]   File "/home/william/miniconda3/envs/llmcompass/lib/python3.9/multiprocessing/process.py", line 315, in _bootstrap
    self.run()
2025-12-30 15:42:05,129 [ERROR]   File "/home/william/LLMCompass_GoldData/software_model/transformer.py", line 573, in compile_and_simulate
    self.H_matmul0.compile_and_simulate(pcb, compile_mode)
2025-12-30 15:42:05,129 [ERROR]   File "/home/william/LLMCompass_GoldData/software_model/transformer.py", line 558, in compile_and_simulate
    self.Q_proj.compile_and_simulate(pcb, compile_mode)
2025-12-30 15:42:05,129 [ERROR]   File "/home/william/LLMCompass_GoldData/software_model/matmul.py", line 583, in compile_and_simulate
    cycle_count = self.simulate(
2025-12-30 15:42:05,129 [ERROR]   File "/home/william/miniconda3/envs/llmcompass/lib/python3.9/multiprocessing/process.py", line 108, in run
    self._target(*self._args, **self._kwargs)
2025-12-30 15:42:05,129 [ERROR] Traceback (most recent call last):
2025-12-30 15:42:05,129 [ERROR]   File "/home/william/miniconda3/envs/llmcompass/lib/python3.9/multiprocessing/process.py", line 108, in run
    self._target(*self._args, **self._kwargs)
2025-12-30 15:42:05,129 [ERROR]   File "/home/william/LLMCompass_GoldData/software_model/matmul.py", line 583, in compile_and_simulate
    cycle_count = self.simulate(
2025-12-30 15:42:05,129 [ERROR]   File "/home/william/LLMCompass_GoldData/software_model/matmul.py", line 914, in simulate
    l2_tile = l2_tiles[m, n, k]
2025-12-30 15:42:05,129 [ERROR]   File "/home/william/LLMCompass_GoldData/ae/figure8/change_memory_bw.py", line 103, in test_memory_bandwidth
    auto_regression_latency_simulated = model_auto_regression.compile_and_simulate(
2025-12-30 15:42:05,129 [ERROR]   File "/home/william/LLMCompass_GoldData/software_model/matmul.py", line 836, in simulate
    l2_tiles[:M_l2_t, -1, :K_l2_t] = self.L2TileSimulator(
2025-12-30 15:42:05,129 [ERROR] KeyboardInterrupt
2025-12-30 15:42:05,129 [ERROR]   File "/home/william/LLMCompass_GoldData/ae/figure8/change_memory_bw.py", line 103, in test_memory_bandwidth
    auto_regression_latency_simulated = model_auto_regression.compile_and_simulate(
2025-12-30 15:42:05,129 [ERROR]   File "/home/william/LLMCompass_GoldData/software_model/transformer.py", line 558, in compile_and_simulate
    self.Q_proj.compile_and_simulate(pcb, compile_mode)
2025-12-30 15:42:05,129 [ERROR]   File "/home/william/LLMCompass_GoldData/software_model/matmul.py", line 1005, in __init__
    self.compute_cycle_count = self.simulate_l2_tile_compute_cycle_count(
2025-12-30 15:42:05,129 [ERROR]   File "/home/william/miniconda3/envs/llmcompass/lib/python3.9/multiprocessing/process.py", line 315, in _bootstrap
    self.run()
2025-12-30 15:42:05,129 [ERROR]   File "/home/william/LLMCompass_GoldData/software_model/matmul.py", line 583, in compile_and_simulate
    cycle_count = self.simulate(
2025-12-30 15:42:05,129 [ERROR]   File "/home/william/LLMCompass_GoldData/software_model/transformer.py", line 573, in compile_and_simulate
    self.H_matmul0.compile_and_simulate(pcb, compile_mode)
2025-12-30 15:42:05,129 [ERROR]   File "/home/william/LLMCompass_GoldData/software_model/matmul.py", line 826, in simulate
    l2_tiles[-1, :N_l2_t, :K_l2_t] = self.L2TileSimulator(
2025-12-30 15:42:05,129 [ERROR]   File "/home/william/LLMCompass_GoldData/software_model/matmul.py", line 1232, in simulate_l2_tile_compute_cycle_count
    (current_batch_Read_M_K * (~previous_batch_Read_M_K))
2025-12-30 15:42:05,129 [ERROR]   File "/home/william/miniconda3/envs/llmcompass/lib/python3.9/multiprocessing/process.py", line 108, in run
    self._target(*self._args, **self._kwargs)
2025-12-30 15:42:05,129 [ERROR]   File "/home/william/LLMCompass_GoldData/software_model/matmul.py", line 1005, in __init__
    self.compute_cycle_count = self.simulate_l2_tile_compute_cycle_count(
2025-12-30 15:42:05,129 [ERROR]   File "/home/william/LLMCompass_GoldData/software_model/matmul.py", line 583, in compile_and_simulate
    cycle_count = self.simulate(
2025-12-30 15:42:05,129 [ERROR]   File "/home/william/LLMCompass_GoldData/ae/figure8/change_memory_bw.py", line 103, in test_memory_bandwidth
    auto_regression_latency_simulated = model_auto_regression.compile_and_simulate(
2025-12-30 15:42:05,129 [ERROR]   File "/home/william/LLMCompass_GoldData/software_model/matmul.py", line 1190, in simulate_l2_tile_compute_cycle_count
    len(active_l1_tile_list) < chiplet_module.compute_module.core_count
2025-12-30 15:42:05,129 [ERROR]   File "/home/william/LLMCompass_GoldData/software_model/matmul.py", line 918, in simulate
    if m == previous_m and k == previous_k:
2025-12-30 15:42:05,129 [ERROR]   File "/home/william/LLMCompass_GoldData/software_model/transformer.py", line 573, in compile_and_simulate
    self.H_matmul0.compile_and_simulate(pcb, compile_mode)
2025-12-30 15:42:05,129 [ERROR] KeyboardInterrupt
2025-12-30 15:42:05,129 [ERROR]   File "/home/william/LLMCompass_GoldData/software_model/matmul.py", line 583, in compile_and_simulate
    cycle_count = self.simulate(
2025-12-30 15:42:05,129 [ERROR] KeyboardInterrupt
2025-12-30 15:42:05,129 [ERROR]   File "/home/william/LLMCompass_GoldData/software_model/matmul.py", line 905, in simulate
    for m, n, k in self.generate_tile_loops(
2025-12-30 15:42:05,129 [ERROR] KeyboardInterrupt
2025-12-30 15:42:05,129 [ERROR]   File "/home/william/LLMCompass_GoldData/software_model/matmul.py", line 198, in generate_tile_loops
    for m in range(loop_M):
2025-12-30 15:42:05,129 [ERROR] KeyboardInterrupt
2025-12-30 15:42:04,996 [ERROR] Process Process-223:
2025-12-30 15:42:04,996 [ERROR] Process Process-13:
2025-12-30 15:42:05,132 [ERROR] Traceback (most recent call last):
2025-12-30 15:42:05,132 [ERROR]   File "/home/william/miniconda3/envs/llmcompass/lib/python3.9/multiprocessing/process.py", line 315, in _bootstrap
    self.run()
2025-12-30 15:42:05,132 [ERROR]   File "/home/william/miniconda3/envs/llmcompass/lib/python3.9/multiprocessing/process.py", line 108, in run
    self._target(*self._args, **self._kwargs)
2025-12-30 15:42:05,132 [ERROR]   File "/home/william/LLMCompass_GoldData/ae/figure8/change_memory_bw.py", line 103, in test_memory_bandwidth
    auto_regression_latency_simulated = model_auto_regression.compile_and_simulate(
2025-12-30 15:42:04,996 [ERROR] Process Process-115:
2025-12-30 15:42:05,132 [ERROR]   File "/home/william/LLMCompass_GoldData/software_model/transformer.py", line 573, in compile_and_simulate
    self.H_matmul0.compile_and_simulate(pcb, compile_mode)
2025-12-30 15:42:05,133 [ERROR]   File "/home/william/LLMCompass_GoldData/software_model/matmul.py", line 583, in compile_and_simulate
    cycle_count = self.simulate(
2025-12-30 15:42:05,133 [ERROR]   File "/home/william/LLMCompass_GoldData/software_model/matmul.py", line 905, in simulate
    for m, n, k in self.generate_tile_loops(
2025-12-30 15:42:05,133 [ERROR] KeyboardInterrupt
2025-12-30 15:42:05,133 [ERROR] Traceback (most recent call last):
2025-12-30 15:42:05,133 [ERROR]   File "/home/william/miniconda3/envs/llmcompass/lib/python3.9/multiprocessing/process.py", line 315, in _bootstrap
    self.run()
2025-12-30 15:42:05,133 [ERROR]   File "/home/william/miniconda3/envs/llmcompass/lib/python3.9/multiprocessing/process.py", line 108, in run
    self._target(*self._args, **self._kwargs)
2025-12-30 15:42:05,133 [ERROR]   File "/home/william/LLMCompass_GoldData/ae/figure8/change_memory_bw.py", line 103, in test_memory_bandwidth
    auto_regression_latency_simulated = model_auto_regression.compile_and_simulate(
2025-12-30 15:42:05,133 [ERROR]   File "/home/william/LLMCompass_GoldData/software_model/transformer.py", line 573, in compile_and_simulate
    self.H_matmul0.compile_and_simulate(pcb, compile_mode)
2025-12-30 15:42:05,133 [ERROR]   File "/home/william/LLMCompass_GoldData/software_model/matmul.py", line 583, in compile_and_simulate
    cycle_count = self.simulate(
2025-12-30 15:42:05,133 [ERROR]   File "/home/william/LLMCompass_GoldData/software_model/matmul.py", line 826, in simulate
    l2_tiles[-1, :N_l2_t, :K_l2_t] = self.L2TileSimulator(
2025-12-30 15:42:05,133 [ERROR]   File "/home/william/LLMCompass_GoldData/software_model/matmul.py", line 1005, in __init__
    self.compute_cycle_count = self.simulate_l2_tile_compute_cycle_count(
2025-12-30 15:42:05,133 [ERROR]   File "/home/william/LLMCompass_GoldData/software_model/matmul.py", line 1215, in simulate_l2_tile_compute_cycle_count
    current_batch_Read_M_N[temp_m, temp_n] = temp_k > 0
2025-12-30 15:42:05,133 [ERROR] KeyboardInterrupt
2025-12-30 15:42:04,996 [ERROR] Process Process-46:
2025-12-30 15:42:04,996 [ERROR] Process Process-30:
2025-12-30 15:42:04,996 [ERROR] Process Process-33:
2025-12-30 15:42:04,996 [ERROR] Process Process-318:
2025-12-30 15:42:05,135 [ERROR] Traceback (most recent call last):
2025-12-30 15:42:05,135 [ERROR]   File "/home/william/miniconda3/envs/llmcompass/lib/python3.9/multiprocessing/process.py", line 315, in _bootstrap
    self.run()
2025-12-30 15:42:05,135 [ERROR]   File "/home/william/miniconda3/envs/llmcompass/lib/python3.9/multiprocessing/process.py", line 108, in run
    self._target(*self._args, **self._kwargs)
2025-12-30 15:42:04,998 [ERROR] Process Process-108:
2025-12-30 15:42:05,135 [ERROR]   File "/home/william/LLMCompass_GoldData/ae/figure8/change_memory_bw.py", line 103, in test_memory_bandwidth
    auto_regression_latency_simulated = model_auto_regression.compile_and_simulate(
2025-12-30 15:42:05,135 [ERROR]   File "/home/william/LLMCompass_GoldData/software_model/transformer.py", line 558, in compile_and_simulate
    self.Q_proj.compile_and_simulate(pcb, compile_mode)
2025-12-30 15:42:05,135 [ERROR]   File "/home/william/LLMCompass_GoldData/software_model/matmul.py", line 583, in compile_and_simulate
    cycle_count = self.simulate(
2025-12-30 15:42:05,135 [ERROR]   File "/home/william/LLMCompass_GoldData/software_model/matmul.py", line 836, in simulate
    l2_tiles[:M_l2_t, -1, :K_l2_t] = self.L2TileSimulator(
2025-12-30 15:42:05,135 [ERROR]   File "/home/william/LLMCompass_GoldData/software_model/matmul.py", line 1005, in __init__
    self.compute_cycle_count = self.simulate_l2_tile_compute_cycle_count(
2025-12-30 15:42:05,135 [ERROR]   File "/home/william/LLMCompass_GoldData/software_model/matmul.py", line 1176, in simulate_l2_tile_compute_cycle_count
    for m, n, k in Matmul.generate_tile_loops(
2025-12-30 15:42:05,135 [ERROR] Traceback (most recent call last):
2025-12-30 15:42:05,135 [ERROR]   File "/home/william/LLMCompass_GoldData/software_model/matmul.py", line 199, in generate_tile_loops
    yield m, n, k
2025-12-30 15:42:05,135 [ERROR] KeyboardInterrupt
2025-12-30 15:42:05,135 [ERROR]   File "/home/william/miniconda3/envs/llmcompass/lib/python3.9/multiprocessing/process.py", line 315, in _bootstrap
    self.run()
2025-12-30 15:42:05,135 [ERROR]   File "/home/william/miniconda3/envs/llmcompass/lib/python3.9/multiprocessing/process.py", line 108, in run
    self._target(*self._args, **self._kwargs)
2025-12-30 15:42:05,135 [ERROR]   File "/home/william/LLMCompass_GoldData/ae/figure8/change_memory_bw.py", line 103, in test_memory_bandwidth
    auto_regression_latency_simulated = model_auto_regression.compile_and_simulate(
2025-12-30 15:42:05,135 [ERROR]   File "/home/william/LLMCompass_GoldData/software_model/transformer.py", line 578, in compile_and_simulate
    self.H_matmul1.compile_and_simulate(pcb, compile_mode)
2025-12-30 15:42:05,135 [ERROR]   File "/home/william/LLMCompass_GoldData/software_model/matmul.py", line 583, in compile_and_simulate
    cycle_count = self.simulate(
2025-12-30 15:42:05,135 [ERROR]   File "/home/william/LLMCompass_GoldData/software_model/matmul.py", line 943, in simulate
    max(
2025-12-30 15:42:05,135 [ERROR] KeyboardInterrupt
2025-12-30 15:42:05,135 [ERROR] Traceback (most recent call last):
2025-12-30 15:42:05,135 [ERROR] Traceback (most recent call last):
2025-12-30 15:42:05,135 [ERROR]   File "/home/william/miniconda3/envs/llmcompass/lib/python3.9/multiprocessing/process.py", line 315, in _bootstrap
    self.run()
2025-12-30 15:42:05,135 [ERROR]   File "/home/william/miniconda3/envs/llmcompass/lib/python3.9/multiprocessing/process.py", line 315, in _bootstrap
    self.run()
2025-12-30 15:42:05,135 [ERROR]   File "/home/william/miniconda3/envs/llmcompass/lib/python3.9/multiprocessing/process.py", line 108, in run
    self._target(*self._args, **self._kwargs)
2025-12-30 15:42:05,135 [ERROR]   File "/home/william/miniconda3/envs/llmcompass/lib/python3.9/multiprocessing/process.py", line 108, in run
    self._target(*self._args, **self._kwargs)
2025-12-30 15:42:05,135 [ERROR]   File "/home/william/LLMCompass_GoldData/ae/figure8/change_memory_bw.py", line 103, in test_memory_bandwidth
    auto_regression_latency_simulated = model_auto_regression.compile_and_simulate(
2025-12-30 15:42:05,135 [ERROR]   File "/home/william/LLMCompass_GoldData/ae/figure8/change_memory_bw.py", line 103, in test_memory_bandwidth
    auto_regression_latency_simulated = model_auto_regression.compile_and_simulate(
2025-12-30 15:42:05,135 [ERROR]   File "/home/william/LLMCompass_GoldData/software_model/transformer.py", line 578, in compile_and_simulate
    self.H_matmul1.compile_and_simulate(pcb, compile_mode)
2025-12-30 15:42:05,135 [ERROR]   File "/home/william/LLMCompass_GoldData/software_model/matmul.py", line 583, in compile_and_simulate
    cycle_count = self.simulate(
2025-12-30 15:42:05,135 [ERROR]   File "/home/william/LLMCompass_GoldData/software_model/transformer.py", line 573, in compile_and_simulate
    self.H_matmul0.compile_and_simulate(pcb, compile_mode)
2025-12-30 15:42:05,135 [ERROR]   File "/home/william/LLMCompass_GoldData/software_model/matmul.py", line 826, in simulate
    l2_tiles[-1, :N_l2_t, :K_l2_t] = self.L2TileSimulator(
2025-12-30 15:42:05,135 [ERROR]   File "/home/william/LLMCompass_GoldData/software_model/matmul.py", line 583, in compile_and_simulate
    cycle_count = self.simulate(
2025-12-30 15:42:05,136 [ERROR]   File "/home/william/LLMCompass_GoldData/software_model/matmul.py", line 1005, in __init__
    self.compute_cycle_count = self.simulate_l2_tile_compute_cycle_count(
2025-12-30 15:42:05,136 [ERROR]   File "/home/william/LLMCompass_GoldData/software_model/matmul.py", line 1235, in simulate_l2_tile_compute_cycle_count
    current_batch_K_N_read_count = np.sum(
2025-12-30 15:42:05,136 [ERROR]   File "/home/william/LLMCompass_GoldData/software_model/matmul.py", line 914, in simulate
    l2_tile = l2_tiles[m, n, k]
2025-12-30 15:42:05,136 [ERROR]   File "/home/william/miniconda3/envs/llmcompass/lib/python3.9/site-packages/numpy/_core/fromnumeric.py", line 2389, in sum
    return _wrapreduction(
2025-12-30 15:42:04,996 [ERROR] Process Process-117:
2025-12-30 15:42:05,136 [ERROR] KeyboardInterrupt
2025-12-30 15:42:05,136 [ERROR]   File "/home/william/miniconda3/envs/llmcompass/lib/python3.9/site-packages/numpy/_core/fromnumeric.py", line 69, in _wrapreduction
    def _wrapreduction(obj, ufunc, method, axis, dtype, out, **kwargs):
2025-12-30 15:42:05,136 [ERROR] KeyboardInterrupt
2025-12-30 15:42:04,996 [ERROR] Process Process-163:
2025-12-30 15:42:04,996 [ERROR] Process Process-192:
2025-12-30 15:42:05,136 [ERROR] Traceback (most recent call last):
2025-12-30 15:42:05,136 [ERROR]   File "/home/william/miniconda3/envs/llmcompass/lib/python3.9/multiprocessing/process.py", line 315, in _bootstrap
    self.run()
2025-12-30 15:42:05,136 [ERROR]   File "/home/william/miniconda3/envs/llmcompass/lib/python3.9/multiprocessing/process.py", line 108, in run
    self._target(*self._args, **self._kwargs)
2025-12-30 15:42:05,136 [ERROR]   File "/home/william/LLMCompass_GoldData/ae/figure8/change_memory_bw.py", line 103, in test_memory_bandwidth
    auto_regression_latency_simulated = model_auto_regression.compile_and_simulate(
2025-12-30 15:42:05,137 [ERROR]   File "/home/william/LLMCompass_GoldData/software_model/transformer.py", line 558, in compile_and_simulate
    self.Q_proj.compile_and_simulate(pcb, compile_mode)
2025-12-30 15:42:05,136 [ERROR] Traceback (most recent call last):
2025-12-30 15:42:05,137 [ERROR]   File "/home/william/LLMCompass_GoldData/software_model/matmul.py", line 583, in compile_and_simulate
    cycle_count = self.simulate(
2025-12-30 15:42:05,137 [ERROR]   File "/home/william/LLMCompass_GoldData/software_model/matmul.py", line 836, in simulate
    l2_tiles[:M_l2_t, -1, :K_l2_t] = self.L2TileSimulator(
2025-12-30 15:42:05,137 [ERROR]   File "/home/william/LLMCompass_GoldData/software_model/matmul.py", line 1005, in __init__
    self.compute_cycle_count = self.simulate_l2_tile_compute_cycle_count(
2025-12-30 15:42:05,137 [ERROR]   File "/home/william/miniconda3/envs/llmcompass/lib/python3.9/multiprocessing/process.py", line 315, in _bootstrap
    self.run()
2025-12-30 15:42:05,137 [ERROR]   File "/home/william/LLMCompass_GoldData/software_model/matmul.py", line 1190, in simulate_l2_tile_compute_cycle_count
    len(active_l1_tile_list) < chiplet_module.compute_module.core_count
2025-12-30 15:42:05,137 [ERROR]   File "/home/william/miniconda3/envs/llmcompass/lib/python3.9/multiprocessing/process.py", line 108, in run
    self._target(*self._args, **self._kwargs)
2025-12-30 15:42:05,137 [ERROR] KeyboardInterrupt
2025-12-30 15:42:05,137 [ERROR]   File "/home/william/LLMCompass_GoldData/ae/figure8/change_memory_bw.py", line 103, in test_memory_bandwidth
    auto_regression_latency_simulated = model_auto_regression.compile_and_simulate(
2025-12-30 15:42:05,137 [ERROR]   File "/home/william/LLMCompass_GoldData/software_model/transformer.py", line 558, in compile_and_simulate
    self.Q_proj.compile_and_simulate(pcb, compile_mode)
2025-12-30 15:42:05,137 [ERROR] Traceback (most recent call last):
2025-12-30 15:42:05,137 [ERROR]   File "/home/william/LLMCompass_GoldData/software_model/matmul.py", line 583, in compile_and_simulate
    cycle_count = self.simulate(
2025-12-30 15:42:05,137 [ERROR]   File "/home/william/LLMCompass_GoldData/software_model/matmul.py", line 836, in simulate
    l2_tiles[:M_l2_t, -1, :K_l2_t] = self.L2TileSimulator(
2025-12-30 15:42:05,137 [ERROR]   File "/home/william/LLMCompass_GoldData/software_model/matmul.py", line 1005, in __init__
    self.compute_cycle_count = self.simulate_l2_tile_compute_cycle_count(
2025-12-30 15:42:05,137 [ERROR]   File "/home/william/miniconda3/envs/llmcompass/lib/python3.9/multiprocessing/process.py", line 315, in _bootstrap
    self.run()
2025-12-30 15:42:05,137 [ERROR]   File "/home/william/LLMCompass_GoldData/software_model/matmul.py", line 1182, in simulate_l2_tile_compute_cycle_count
    active_l1_tile_list.append((m, n, k, l1_tiles[m, n, k]))
2025-12-30 15:42:05,137 [ERROR]   File "/home/william/miniconda3/envs/llmcompass/lib/python3.9/multiprocessing/process.py", line 108, in run
    self._target(*self._args, **self._kwargs)
2025-12-30 15:42:05,137 [ERROR] KeyboardInterrupt
2025-12-30 15:42:05,137 [ERROR]   File "/home/william/LLMCompass_GoldData/ae/figure8/change_memory_bw.py", line 103, in test_memory_bandwidth
    auto_regression_latency_simulated = model_auto_regression.compile_and_simulate(
2025-12-30 15:42:05,137 [ERROR]   File "/home/william/LLMCompass_GoldData/software_model/transformer.py", line 558, in compile_and_simulate
    self.Q_proj.compile_and_simulate(pcb, compile_mode)
2025-12-30 15:42:05,137 [ERROR]   File "/home/william/LLMCompass_GoldData/software_model/matmul.py", line 583, in compile_and_simulate
    cycle_count = self.simulate(
2025-12-30 15:42:05,137 [ERROR]   File "/home/william/LLMCompass_GoldData/software_model/matmul.py", line 846, in simulate
    l2_tiles[:M_l2_t, :N_l2_t, -1] = self.L2TileSimulator(
2025-12-30 15:42:05,137 [ERROR]   File "/home/william/LLMCompass_GoldData/software_model/matmul.py", line 1005, in __init__
    self.compute_cycle_count = self.simulate_l2_tile_compute_cycle_count(
2025-12-30 15:42:05,137 [ERROR]   File "/home/william/LLMCompass_GoldData/software_model/matmul.py", line 1236, in simulate_l2_tile_compute_cycle_count
    (current_batch_Read_K_N * (~previous_batch_Read_K_N))
2025-12-30 15:42:05,137 [ERROR] KeyboardInterrupt
2025-12-30 15:42:05,138 [ERROR] Traceback (most recent call last):
2025-12-30 15:42:05,138 [ERROR]   File "/home/william/miniconda3/envs/llmcompass/lib/python3.9/multiprocessing/process.py", line 315, in _bootstrap
    self.run()
2025-12-30 15:42:05,138 [ERROR]   File "/home/william/miniconda3/envs/llmcompass/lib/python3.9/multiprocessing/process.py", line 108, in run
    self._target(*self._args, **self._kwargs)
2025-12-30 15:42:05,138 [ERROR]   File "/home/william/LLMCompass_GoldData/ae/figure8/change_memory_bw.py", line 103, in test_memory_bandwidth
    auto_regression_latency_simulated = model_auto_regression.compile_and_simulate(
2025-12-30 15:42:05,138 [ERROR]   File "/home/william/LLMCompass_GoldData/software_model/transformer.py", line 573, in compile_and_simulate
    self.H_matmul0.compile_and_simulate(pcb, compile_mode)
2025-12-30 15:42:05,138 [ERROR]   File "/home/william/LLMCompass_GoldData/software_model/matmul.py", line 583, in compile_and_simulate
    cycle_count = self.simulate(
2025-12-30 15:42:05,138 [ERROR]   File "/home/william/LLMCompass_GoldData/software_model/matmul.py", line 927, in simulate
    current_tile_read_cycle_count += l2_tile.M_N_io_cycle_count
2025-12-30 15:42:05,138 [ERROR] KeyboardInterrupt
2025-12-30 15:42:04,996 [ERROR] Process Process-144:
2025-12-30 15:42:04,997 [ERROR] Process Process-391:
2025-12-30 15:42:05,139 [ERROR] Traceback (most recent call last):
2025-12-30 15:42:05,140 [ERROR]   File "/home/william/miniconda3/envs/llmcompass/lib/python3.9/multiprocessing/process.py", line 315, in _bootstrap
    self.run()
2025-12-30 15:42:05,140 [ERROR]   File "/home/william/miniconda3/envs/llmcompass/lib/python3.9/multiprocessing/process.py", line 108, in run
    self._target(*self._args, **self._kwargs)
2025-12-30 15:42:05,140 [ERROR]   File "/home/william/LLMCompass_GoldData/ae/figure8/change_memory_bw.py", line 103, in test_memory_bandwidth
    auto_regression_latency_simulated = model_auto_regression.compile_and_simulate(
2025-12-30 15:42:05,140 [ERROR]   File "/home/william/LLMCompass_GoldData/software_model/transformer.py", line 558, in compile_and_simulate
    self.Q_proj.compile_and_simulate(pcb, compile_mode)
2025-12-30 15:42:05,140 [ERROR]   File "/home/william/LLMCompass_GoldData/software_model/matmul.py", line 583, in compile_and_simulate
    cycle_count = self.simulate(
2025-12-30 15:42:05,140 [ERROR]   File "/home/william/LLMCompass_GoldData/software_model/matmul.py", line 926, in simulate
    if k > 0 and not (m == previous_m and n == previous_n):
2025-12-30 15:42:05,140 [ERROR] KeyboardInterrupt
2025-12-30 15:42:05,140 [ERROR] Traceback (most recent call last):
2025-12-30 15:42:05,140 [ERROR]   File "/home/william/miniconda3/envs/llmcompass/lib/python3.9/multiprocessing/process.py", line 315, in _bootstrap
    self.run()
2025-12-30 15:42:05,140 [ERROR]   File "/home/william/miniconda3/envs/llmcompass/lib/python3.9/multiprocessing/process.py", line 108, in run
    self._target(*self._args, **self._kwargs)
2025-12-30 15:42:05,140 [ERROR]   File "/home/william/LLMCompass_GoldData/ae/figure8/change_memory_bw.py", line 103, in test_memory_bandwidth
    auto_regression_latency_simulated = model_auto_regression.compile_and_simulate(
2025-12-30 15:42:05,140 [ERROR]   File "/home/william/LLMCompass_GoldData/software_model/transformer.py", line 558, in compile_and_simulate
    self.Q_proj.compile_and_simulate(pcb, compile_mode)
2025-12-30 15:42:05,140 [ERROR]   File "/home/william/LLMCompass_GoldData/software_model/matmul.py", line 583, in compile_and_simulate
    cycle_count = self.simulate(
2025-12-30 15:42:05,140 [ERROR]   File "/home/william/LLMCompass_GoldData/software_model/matmul.py", line 836, in simulate
    l2_tiles[:M_l2_t, -1, :K_l2_t] = self.L2TileSimulator(
2025-12-30 15:42:05,140 [ERROR]   File "/home/william/LLMCompass_GoldData/software_model/matmul.py", line 1005, in __init__
    self.compute_cycle_count = self.simulate_l2_tile_compute_cycle_count(
2025-12-30 15:42:05,140 [ERROR]   File "/home/william/LLMCompass_GoldData/software_model/matmul.py", line 1239, in simulate_l2_tile_compute_cycle_count
    current_batch_M_N_read_count = np.sum(
2025-12-30 15:42:05,140 [ERROR]   File "/home/william/miniconda3/envs/llmcompass/lib/python3.9/site-packages/numpy/_core/fromnumeric.py", line 2389, in sum
    return _wrapreduction(
2025-12-30 15:42:05,140 [ERROR]   File "/home/william/miniconda3/envs/llmcompass/lib/python3.9/site-packages/numpy/_core/fromnumeric.py", line 73, in _wrapreduction
    if type(obj) is not mu.ndarray:
2025-12-30 15:42:05,140 [ERROR] KeyboardInterrupt
2025-12-30 15:42:04,997 [ERROR] Process Process-181:
2025-12-30 15:42:05,141 [ERROR] Traceback (most recent call last):
2025-12-30 15:42:05,141 [ERROR]   File "/home/william/miniconda3/envs/llmcompass/lib/python3.9/multiprocessing/process.py", line 315, in _bootstrap
    self.run()
2025-12-30 15:42:05,141 [ERROR]   File "/home/william/miniconda3/envs/llmcompass/lib/python3.9/multiprocessing/process.py", line 108, in run
    self._target(*self._args, **self._kwargs)
2025-12-30 15:42:05,141 [ERROR]   File "/home/william/LLMCompass_GoldData/ae/figure8/change_memory_bw.py", line 103, in test_memory_bandwidth
    auto_regression_latency_simulated = model_auto_regression.compile_and_simulate(
2025-12-30 15:42:05,141 [ERROR]   File "/home/william/LLMCompass_GoldData/software_model/transformer.py", line 573, in compile_and_simulate
    self.H_matmul0.compile_and_simulate(pcb, compile_mode)
2025-12-30 15:42:05,141 [ERROR]   File "/home/william/LLMCompass_GoldData/software_model/matmul.py", line 583, in compile_and_simulate
    cycle_count = self.simulate(
2025-12-30 15:42:05,141 [ERROR]   File "/home/william/LLMCompass_GoldData/software_model/matmul.py", line 826, in simulate
    l2_tiles[-1, :N_l2_t, :K_l2_t] = self.L2TileSimulator(
2025-12-30 15:42:05,141 [ERROR]   File "/home/william/LLMCompass_GoldData/software_model/matmul.py", line 1005, in __init__
    self.compute_cycle_count = self.simulate_l2_tile_compute_cycle_count(
2025-12-30 15:42:05,141 [ERROR]   File "/home/william/LLMCompass_GoldData/software_model/matmul.py", line 1176, in simulate_l2_tile_compute_cycle_count
    for m, n, k in Matmul.generate_tile_loops(
2025-12-30 15:42:05,141 [ERROR]   File "/home/william/LLMCompass_GoldData/software_model/matmul.py", line 197, in generate_tile_loops
    for n in range(loop_N):
2025-12-30 15:42:05,141 [ERROR] KeyboardInterrupt
2025-12-30 15:42:05,142 [ERROR] Traceback (most recent call last):
2025-12-30 15:42:05,143 [ERROR]   File "/home/william/miniconda3/envs/llmcompass/lib/python3.9/multiprocessing/process.py", line 315, in _bootstrap
    self.run()
2025-12-30 15:42:05,143 [ERROR]   File "/home/william/miniconda3/envs/llmcompass/lib/python3.9/multiprocessing/process.py", line 108, in run
    self._target(*self._args, **self._kwargs)
2025-12-30 15:42:05,143 [ERROR]   File "/home/william/LLMCompass_GoldData/ae/figure8/change_memory_bw.py", line 103, in test_memory_bandwidth
    auto_regression_latency_simulated = model_auto_regression.compile_and_simulate(
2025-12-30 15:42:05,143 [ERROR]   File "/home/william/LLMCompass_GoldData/software_model/transformer.py", line 558, in compile_and_simulate
    self.Q_proj.compile_and_simulate(pcb, compile_mode)
2025-12-30 15:42:05,143 [ERROR]   File "/home/william/LLMCompass_GoldData/software_model/matmul.py", line 583, in compile_and_simulate
    cycle_count = self.simulate(
2025-12-30 15:42:05,143 [ERROR]   File "/home/william/LLMCompass_GoldData/software_model/matmul.py", line 826, in simulate
    l2_tiles[-1, :N_l2_t, :K_l2_t] = self.L2TileSimulator(
2025-12-30 15:42:05,143 [ERROR]   File "/home/william/LLMCompass_GoldData/software_model/matmul.py", line 1005, in __init__
    self.compute_cycle_count = self.simulate_l2_tile_compute_cycle_count(
2025-12-30 15:42:05,143 [ERROR]   File "/home/william/LLMCompass_GoldData/software_model/matmul.py", line 1217, in simulate_l2_tile_compute_cycle_count
    temp_l1_tile_compute_cycle_count = temp_l1_tile.compute_cycle_count
2025-12-30 15:42:05,143 [ERROR] Traceback (most recent call last):
2025-12-30 15:42:05,143 [ERROR] KeyboardInterrupt
2025-12-30 15:42:05,143 [ERROR]   File "/home/william/miniconda3/envs/llmcompass/lib/python3.9/multiprocessing/process.py", line 315, in _bootstrap
    self.run()
2025-12-30 15:42:05,143 [ERROR]   File "/home/william/miniconda3/envs/llmcompass/lib/python3.9/multiprocessing/process.py", line 108, in run
    self._target(*self._args, **self._kwargs)
2025-12-30 15:42:05,143 [ERROR]   File "/home/william/LLMCompass_GoldData/ae/figure8/change_memory_bw.py", line 103, in test_memory_bandwidth
    auto_regression_latency_simulated = model_auto_regression.compile_and_simulate(
2025-12-30 15:42:05,143 [ERROR]   File "/home/william/LLMCompass_GoldData/software_model/transformer.py", line 573, in compile_and_simulate
    self.H_matmul0.compile_and_simulate(pcb, compile_mode)
2025-12-30 15:42:05,143 [ERROR]   File "/home/william/LLMCompass_GoldData/software_model/matmul.py", line 583, in compile_and_simulate
    cycle_count = self.simulate(
2025-12-30 15:42:05,143 [ERROR]   File "/home/william/LLMCompass_GoldData/software_model/matmul.py", line 918, in simulate
    if m == previous_m and k == previous_k:
2025-12-30 15:42:05,143 [ERROR] KeyboardInterrupt
2025-12-30 15:42:04,996 [ERROR] Process Process-230:
2025-12-30 15:42:04,997 [ERROR] Process Process-210:
2025-12-30 15:42:05,144 [ERROR] Process Process-185:
2025-12-30 15:42:05,145 [ERROR] Traceback (most recent call last):
2025-12-30 15:42:05,145 [ERROR]   File "/home/william/miniconda3/envs/llmcompass/lib/python3.9/multiprocessing/process.py", line 315, in _bootstrap
    self.run()
2025-12-30 15:42:05,145 [ERROR]   File "/home/william/miniconda3/envs/llmcompass/lib/python3.9/multiprocessing/process.py", line 108, in run
    self._target(*self._args, **self._kwargs)
2025-12-30 15:42:05,145 [ERROR]   File "/home/william/LLMCompass_GoldData/ae/figure8/change_memory_bw.py", line 103, in test_memory_bandwidth
    auto_regression_latency_simulated = model_auto_regression.compile_and_simulate(
2025-12-30 15:42:05,145 [ERROR]   File "/home/william/LLMCompass_GoldData/software_model/transformer.py", line 573, in compile_and_simulate
    self.H_matmul0.compile_and_simulate(pcb, compile_mode)
2025-12-30 15:42:05,145 [ERROR] Traceback (most recent call last):
2025-12-30 15:42:05,145 [ERROR]   File "/home/william/LLMCompass_GoldData/software_model/matmul.py", line 583, in compile_and_simulate
    cycle_count = self.simulate(
2025-12-30 15:42:05,145 [ERROR]   File "/home/william/LLMCompass_GoldData/software_model/matmul.py", line 826, in simulate
    l2_tiles[-1, :N_l2_t, :K_l2_t] = self.L2TileSimulator(
2025-12-30 15:42:05,145 [ERROR] Traceback (most recent call last):
2025-12-30 15:42:05,145 [ERROR]   File "/home/william/LLMCompass_GoldData/software_model/matmul.py", line 1005, in __init__
    self.compute_cycle_count = self.simulate_l2_tile_compute_cycle_count(
2025-12-30 15:42:05,145 [ERROR]   File "/home/william/miniconda3/envs/llmcompass/lib/python3.9/multiprocessing/process.py", line 315, in _bootstrap
    self.run()
2025-12-30 15:42:05,145 [ERROR]   File "/home/william/LLMCompass_GoldData/software_model/matmul.py", line 1212, in simulate_l2_tile_compute_cycle_count
    temp_m, temp_n, temp_k, temp_l1_tile = active_l1_tile_list[i]
2025-12-30 15:42:05,145 [ERROR]   File "/home/william/miniconda3/envs/llmcompass/lib/python3.9/multiprocessing/process.py", line 315, in _bootstrap
    self.run()
2025-12-30 15:42:05,145 [ERROR]   File "/home/william/miniconda3/envs/llmcompass/lib/python3.9/multiprocessing/process.py", line 108, in run
    self._target(*self._args, **self._kwargs)
2025-12-30 15:42:05,145 [ERROR] KeyboardInterrupt
2025-12-30 15:42:05,145 [ERROR]   File "/home/william/LLMCompass_GoldData/ae/figure8/change_memory_bw.py", line 103, in test_memory_bandwidth
    auto_regression_latency_simulated = model_auto_regression.compile_and_simulate(
2025-12-30 15:42:05,145 [ERROR]   File "/home/william/miniconda3/envs/llmcompass/lib/python3.9/multiprocessing/process.py", line 108, in run
    self._target(*self._args, **self._kwargs)
2025-12-30 15:42:05,145 [ERROR]   File "/home/william/LLMCompass_GoldData/software_model/transformer.py", line 558, in compile_and_simulate
    self.Q_proj.compile_and_simulate(pcb, compile_mode)
2025-12-30 15:42:05,145 [ERROR]   File "/home/william/LLMCompass_GoldData/ae/figure8/change_memory_bw.py", line 103, in test_memory_bandwidth
    auto_regression_latency_simulated = model_auto_regression.compile_and_simulate(
2025-12-30 15:42:05,145 [ERROR]   File "/home/william/LLMCompass_GoldData/software_model/matmul.py", line 583, in compile_and_simulate
    cycle_count = self.simulate(
2025-12-30 15:42:05,145 [ERROR]   File "/home/william/LLMCompass_GoldData/software_model/transformer.py", line 573, in compile_and_simulate
    self.H_matmul0.compile_and_simulate(pcb, compile_mode)
2025-12-30 15:42:05,145 [ERROR]   File "/home/william/LLMCompass_GoldData/software_model/matmul.py", line 836, in simulate
    l2_tiles[:M_l2_t, -1, :K_l2_t] = self.L2TileSimulator(
2025-12-30 15:42:05,145 [ERROR]   File "/home/william/LLMCompass_GoldData/software_model/matmul.py", line 583, in compile_and_simulate
    cycle_count = self.simulate(
2025-12-30 15:42:05,145 [ERROR]   File "/home/william/LLMCompass_GoldData/software_model/matmul.py", line 1005, in __init__
    self.compute_cycle_count = self.simulate_l2_tile_compute_cycle_count(
2025-12-30 15:42:05,145 [ERROR]   File "/home/william/LLMCompass_GoldData/software_model/matmul.py", line 905, in simulate
    for m, n, k in self.generate_tile_loops(
2025-12-30 15:42:05,145 [ERROR]   File "/home/william/LLMCompass_GoldData/software_model/matmul.py", line 1184, in simulate_l2_tile_compute_cycle_count
    m == ceil(M / l1_tile_M) - 1
2025-12-30 15:42:05,145 [ERROR]   File "/home/william/LLMCompass_GoldData/software_model/matmul.py", line 198, in generate_tile_loops
    for m in range(loop_M):
2025-12-30 15:42:05,145 [ERROR] KeyboardInterrupt
2025-12-30 15:42:05,145 [ERROR] KeyboardInterrupt
2025-12-30 15:42:04,997 [ERROR] Process Process-231:
2025-12-30 15:42:04,997 [ERROR] Process Process-346:
2025-12-30 15:42:05,147 [ERROR] Traceback (most recent call last):
2025-12-30 15:42:05,147 [ERROR] Traceback (most recent call last):
2025-12-30 15:42:05,147 [ERROR]   File "/home/william/miniconda3/envs/llmcompass/lib/python3.9/multiprocessing/process.py", line 315, in _bootstrap
    self.run()
2025-12-30 15:42:05,147 [ERROR]   File "/home/william/miniconda3/envs/llmcompass/lib/python3.9/multiprocessing/process.py", line 108, in run
    self._target(*self._args, **self._kwargs)
2025-12-30 15:42:05,147 [ERROR]   File "/home/william/LLMCompass_GoldData/ae/figure8/change_memory_bw.py", line 103, in test_memory_bandwidth
    auto_regression_latency_simulated = model_auto_regression.compile_and_simulate(
2025-12-30 15:42:05,147 [ERROR]   File "/home/william/miniconda3/envs/llmcompass/lib/python3.9/multiprocessing/process.py", line 315, in _bootstrap
    self.run()
2025-12-30 15:42:05,147 [ERROR]   File "/home/william/LLMCompass_GoldData/software_model/transformer.py", line 573, in compile_and_simulate
    self.H_matmul0.compile_and_simulate(pcb, compile_mode)
2025-12-30 15:42:05,147 [ERROR]   File "/home/william/LLMCompass_GoldData/software_model/matmul.py", line 583, in compile_and_simulate
    cycle_count = self.simulate(
2025-12-30 15:42:05,147 [ERROR]   File "/home/william/miniconda3/envs/llmcompass/lib/python3.9/multiprocessing/process.py", line 108, in run
    self._target(*self._args, **self._kwargs)
2025-12-30 15:42:05,147 [ERROR]   File "/home/william/LLMCompass_GoldData/software_model/matmul.py", line 941, in simulate
    if mapping.is_l2_double_buffering:  # pipelined
2025-12-30 15:42:05,147 [ERROR] KeyboardInterrupt
2025-12-30 15:42:05,147 [ERROR]   File "/home/william/LLMCompass_GoldData/ae/figure8/change_memory_bw.py", line 103, in test_memory_bandwidth
    auto_regression_latency_simulated = model_auto_regression.compile_and_simulate(
2025-12-30 15:42:05,147 [ERROR]   File "/home/william/LLMCompass_GoldData/software_model/transformer.py", line 558, in compile_and_simulate
    self.Q_proj.compile_and_simulate(pcb, compile_mode)
2025-12-30 15:42:05,147 [ERROR] Traceback (most recent call last):
2025-12-30 15:42:05,147 [ERROR]   File "/home/william/LLMCompass_GoldData/software_model/matmul.py", line 583, in compile_and_simulate
    cycle_count = self.simulate(
2025-12-30 15:42:05,147 [ERROR]   File "/home/william/LLMCompass_GoldData/software_model/matmul.py", line 941, in simulate
    if mapping.is_l2_double_buffering:  # pipelined
2025-12-30 15:42:05,147 [ERROR]   File "/home/william/miniconda3/envs/llmcompass/lib/python3.9/multiprocessing/process.py", line 315, in _bootstrap
    self.run()
2025-12-30 15:42:05,147 [ERROR] KeyboardInterrupt
2025-12-30 15:42:05,147 [ERROR]   File "/home/william/miniconda3/envs/llmcompass/lib/python3.9/multiprocessing/process.py", line 108, in run
    self._target(*self._args, **self._kwargs)
2025-12-30 15:42:05,147 [ERROR]   File "/home/william/LLMCompass_GoldData/ae/figure8/change_memory_bw.py", line 103, in test_memory_bandwidth
    auto_regression_latency_simulated = model_auto_regression.compile_and_simulate(
2025-12-30 15:42:05,147 [ERROR]   File "/home/william/LLMCompass_GoldData/software_model/transformer.py", line 573, in compile_and_simulate
    self.H_matmul0.compile_and_simulate(pcb, compile_mode)
2025-12-30 15:42:05,147 [ERROR]   File "/home/william/LLMCompass_GoldData/software_model/matmul.py", line 583, in compile_and_simulate
    cycle_count = self.simulate(
2025-12-30 15:42:05,147 [ERROR]   File "/home/william/LLMCompass_GoldData/software_model/matmul.py", line 826, in simulate
    l2_tiles[-1, :N_l2_t, :K_l2_t] = self.L2TileSimulator(
2025-12-30 15:42:05,147 [ERROR]   File "/home/william/LLMCompass_GoldData/software_model/matmul.py", line 1005, in __init__
    self.compute_cycle_count = self.simulate_l2_tile_compute_cycle_count(
2025-12-30 15:42:05,147 [ERROR]   File "/home/william/LLMCompass_GoldData/software_model/matmul.py", line 1236, in simulate_l2_tile_compute_cycle_count
    (current_batch_Read_K_N * (~previous_batch_Read_K_N))
2025-12-30 15:42:05,147 [ERROR] KeyboardInterrupt
2025-12-30 15:42:04,996 [ERROR] Process Process-241:
2025-12-30 15:42:04,997 [ERROR] Process Process-358:
2025-12-30 15:42:04,997 [ERROR] Process Process-332:
2025-12-30 15:42:05,150 [ERROR] Traceback (most recent call last):
2025-12-30 15:42:05,150 [ERROR]   File "/home/william/miniconda3/envs/llmcompass/lib/python3.9/multiprocessing/process.py", line 315, in _bootstrap
    self.run()
2025-12-30 15:42:05,150 [ERROR]   File "/home/william/miniconda3/envs/llmcompass/lib/python3.9/multiprocessing/process.py", line 108, in run
    self._target(*self._args, **self._kwargs)
2025-12-30 15:42:05,150 [ERROR]   File "/home/william/LLMCompass_GoldData/ae/figure8/change_memory_bw.py", line 103, in test_memory_bandwidth
    auto_regression_latency_simulated = model_auto_regression.compile_and_simulate(
2025-12-30 15:42:05,150 [ERROR]   File "/home/william/LLMCompass_GoldData/software_model/transformer.py", line 558, in compile_and_simulate
    self.Q_proj.compile_and_simulate(pcb, compile_mode)
2025-12-30 15:42:05,150 [ERROR]   File "/home/william/LLMCompass_GoldData/software_model/matmul.py", line 583, in compile_and_simulate
    cycle_count = self.simulate(
2025-12-30 15:42:05,150 [ERROR]   File "/home/william/LLMCompass_GoldData/software_model/matmul.py", line 826, in simulate
    l2_tiles[-1, :N_l2_t, :K_l2_t] = self.L2TileSimulator(
2025-12-30 15:42:05,150 [ERROR]   File "/home/william/LLMCompass_GoldData/software_model/matmul.py", line 1005, in __init__
    self.compute_cycle_count = self.simulate_l2_tile_compute_cycle_count(
2025-12-30 15:42:05,150 [ERROR]   File "/home/william/LLMCompass_GoldData/software_model/matmul.py", line 1190, in simulate_l2_tile_compute_cycle_count
    len(active_l1_tile_list) < chiplet_module.compute_module.core_count
2025-12-30 15:42:04,996 [ERROR] Process Process-114:
2025-12-30 15:42:05,150 [ERROR] KeyboardInterrupt
2025-12-30 15:42:04,997 [ERROR] Process Process-252:
2025-12-30 15:42:04,997 [ERROR] Process Process-236:
2025-12-30 15:42:05,151 [ERROR] Traceback (most recent call last):
2025-12-30 15:42:05,151 [ERROR]   File "/home/william/miniconda3/envs/llmcompass/lib/python3.9/multiprocessing/process.py", line 315, in _bootstrap
    self.run()
2025-12-30 15:42:04,997 [ERROR] Process Process-7:
2025-12-30 15:42:05,151 [ERROR]   File "/home/william/miniconda3/envs/llmcompass/lib/python3.9/multiprocessing/process.py", line 108, in run
    self._target(*self._args, **self._kwargs)
2025-12-30 15:42:05,151 [ERROR]   File "/home/william/LLMCompass_GoldData/ae/figure8/change_memory_bw.py", line 103, in test_memory_bandwidth
    auto_regression_latency_simulated = model_auto_regression.compile_and_simulate(
2025-12-30 15:42:05,151 [ERROR]   File "/home/william/LLMCompass_GoldData/software_model/transformer.py", line 558, in compile_and_simulate
    self.Q_proj.compile_and_simulate(pcb, compile_mode)
2025-12-30 15:42:05,039 [ERROR] Process Process-171:
2025-12-30 15:42:05,151 [ERROR]   File "/home/william/LLMCompass_GoldData/software_model/matmul.py", line 583, in compile_and_simulate
    cycle_count = self.simulate(
2025-12-30 15:42:05,151 [ERROR]   File "/home/william/LLMCompass_GoldData/software_model/matmul.py", line 826, in simulate
    l2_tiles[-1, :N_l2_t, :K_l2_t] = self.L2TileSimulator(
2025-12-30 15:42:05,151 [ERROR]   File "/home/william/LLMCompass_GoldData/software_model/matmul.py", line 1005, in __init__
    self.compute_cycle_count = self.simulate_l2_tile_compute_cycle_count(
2025-12-30 15:42:05,151 [ERROR]   File "/home/william/LLMCompass_GoldData/software_model/matmul.py", line 1235, in simulate_l2_tile_compute_cycle_count
    current_batch_K_N_read_count = np.sum(
2025-12-30 15:42:05,151 [ERROR]   File "/home/william/miniconda3/envs/llmcompass/lib/python3.9/site-packages/numpy/_core/fromnumeric.py", line 2389, in sum
    return _wrapreduction(
2025-12-30 15:42:05,151 [ERROR]   File "/home/william/miniconda3/envs/llmcompass/lib/python3.9/site-packages/numpy/_core/fromnumeric.py", line 86, in _wrapreduction
    return ufunc.reduce(obj, axis, dtype, out, **passkwargs)
2025-12-30 15:42:05,151 [ERROR] KeyboardInterrupt
2025-12-30 15:42:05,151 [ERROR] Traceback (most recent call last):
2025-12-30 15:42:05,151 [ERROR]   File "/home/william/miniconda3/envs/llmcompass/lib/python3.9/multiprocessing/process.py", line 315, in _bootstrap
    self.run()
2025-12-30 15:42:05,151 [ERROR]   File "/home/william/miniconda3/envs/llmcompass/lib/python3.9/multiprocessing/process.py", line 108, in run
    self._target(*self._args, **self._kwargs)
2025-12-30 15:42:05,152 [ERROR]   File "/home/william/LLMCompass_GoldData/ae/figure8/change_memory_bw.py", line 103, in test_memory_bandwidth
    auto_regression_latency_simulated = model_auto_regression.compile_and_simulate(
2025-12-30 15:42:05,152 [ERROR]   File "/home/william/LLMCompass_GoldData/software_model/transformer.py", line 558, in compile_and_simulate
    self.Q_proj.compile_and_simulate(pcb, compile_mode)
2025-12-30 15:42:05,152 [ERROR]   File "/home/william/LLMCompass_GoldData/software_model/matmul.py", line 583, in compile_and_simulate
    cycle_count = self.simulate(
2025-12-30 15:42:05,152 [ERROR]   File "/home/william/LLMCompass_GoldData/software_model/matmul.py", line 826, in simulate
    l2_tiles[-1, :N_l2_t, :K_l2_t] = self.L2TileSimulator(
2025-12-30 15:42:05,152 [ERROR]   File "/home/william/LLMCompass_GoldData/software_model/matmul.py", line 1005, in __init__
    self.compute_cycle_count = self.simulate_l2_tile_compute_cycle_count(
2025-12-30 15:42:05,152 [ERROR]   File "/home/william/LLMCompass_GoldData/software_model/matmul.py", line 1216, in simulate_l2_tile_compute_cycle_count
    current_batch_Write_M_N[temp_m, temp_n] = 1
2025-12-30 15:42:05,152 [ERROR] KeyboardInterrupt
2025-12-30 15:42:04,997 [ERROR] Process Process-239:
2025-12-30 15:42:05,152 [ERROR] Traceback (most recent call last):
2025-12-30 15:42:05,152 [ERROR]   File "/home/william/miniconda3/envs/llmcompass/lib/python3.9/multiprocessing/process.py", line 315, in _bootstrap
    self.run()
2025-12-30 15:42:05,152 [ERROR]   File "/home/william/miniconda3/envs/llmcompass/lib/python3.9/multiprocessing/process.py", line 108, in run
    self._target(*self._args, **self._kwargs)
2025-12-30 15:42:05,152 [ERROR] Traceback (most recent call last):
2025-12-30 15:42:05,152 [ERROR]   File "/home/william/LLMCompass_GoldData/ae/figure8/change_memory_bw.py", line 103, in test_memory_bandwidth
    auto_regression_latency_simulated = model_auto_regression.compile_and_simulate(
2025-12-30 15:42:05,152 [ERROR]   File "/home/william/LLMCompass_GoldData/software_model/transformer.py", line 573, in compile_and_simulate
    self.H_matmul0.compile_and_simulate(pcb, compile_mode)
2025-12-30 15:42:05,152 [ERROR] Traceback (most recent call last):
2025-12-30 15:42:05,152 [ERROR]   File "/home/william/miniconda3/envs/llmcompass/lib/python3.9/multiprocessing/process.py", line 315, in _bootstrap
    self.run()
2025-12-30 15:42:05,152 [ERROR]   File "/home/william/LLMCompass_GoldData/software_model/matmul.py", line 583, in compile_and_simulate
    cycle_count = self.simulate(
2025-12-30 15:42:05,152 [ERROR]   File "/home/william/LLMCompass_GoldData/software_model/matmul.py", line 826, in simulate
    l2_tiles[-1, :N_l2_t, :K_l2_t] = self.L2TileSimulator(
2025-12-30 15:42:05,152 [ERROR]   File "/home/william/miniconda3/envs/llmcompass/lib/python3.9/multiprocessing/process.py", line 108, in run
    self._target(*self._args, **self._kwargs)
2025-12-30 15:42:05,152 [ERROR]   File "/home/william/LLMCompass_GoldData/software_model/matmul.py", line 1005, in __init__
    self.compute_cycle_count = self.simulate_l2_tile_compute_cycle_count(
2025-12-30 15:42:05,152 [ERROR]   File "/home/william/LLMCompass_GoldData/ae/figure8/change_memory_bw.py", line 103, in test_memory_bandwidth
    auto_regression_latency_simulated = model_auto_regression.compile_and_simulate(
2025-12-30 15:42:05,152 [ERROR]   File "/home/william/miniconda3/envs/llmcompass/lib/python3.9/multiprocessing/process.py", line 315, in _bootstrap
    self.run()
2025-12-30 15:42:05,152 [ERROR]   File "/home/william/LLMCompass_GoldData/software_model/matmul.py", line 1058, in simulate_l2_tile_compute_cycle_count
    l1_tiles[-1, :N_l1_t, :K_l1_t] = Matmul.L1TileSimulator(
2025-12-30 15:42:05,152 [ERROR]   File "/home/william/LLMCompass_GoldData/software_model/transformer.py", line 578, in compile_and_simulate
    self.H_matmul1.compile_and_simulate(pcb, compile_mode)
2025-12-30 15:42:05,152 [ERROR]   File "/home/william/LLMCompass_GoldData/software_model/matmul.py", line 1308, in __init__
    self.compute_cycle_count = self.simulate_l1_tile_compute_cycle_count(
2025-12-30 15:42:05,152 [ERROR]   File "/home/william/miniconda3/envs/llmcompass/lib/python3.9/multiprocessing/process.py", line 108, in run
    self._target(*self._args, **self._kwargs)
2025-12-30 15:42:05,152 [ERROR]   File "/home/william/LLMCompass_GoldData/software_model/matmul.py", line 583, in compile_and_simulate
    cycle_count = self.simulate(
2025-12-30 15:42:05,152 [ERROR]   File "/home/william/LLMCompass_GoldData/software_model/matmul.py", line 1338, in simulate_l1_tile_compute_cycle_count
    Matmul.simulate_systolic_array_cycle_count(
2025-12-30 15:42:05,152 [ERROR]   File "/home/william/LLMCompass_GoldData/software_model/matmul.py", line 826, in simulate
    l2_tiles[-1, :N_l2_t, :K_l2_t] = self.L2TileSimulator(
2025-12-30 15:42:05,152 [ERROR]   File "/home/william/LLMCompass_GoldData/software_model/matmul.py", line 1405, in simulate_systolic_array_cycle_count
    cycle_count = look_up_table.loc[
2025-12-30 15:42:05,152 [ERROR]   File "/home/william/LLMCompass_GoldData/software_model/matmul.py", line 999, in __init__
    self.K_N_io_cycle_count = self.simulate_l2_tile_io_cycle_count(
2025-12-30 15:42:05,152 [ERROR]   File "/home/william/miniconda3/envs/llmcompass/lib/python3.9/site-packages/pandas/core/indexing.py", line 1183, in __getitem__
    if self._is_scalar_access(key):
2025-12-30 15:42:05,152 [ERROR]   File "/home/william/LLMCompass_GoldData/software_model/matmul.py", line 1015, in simulate_l2_tile_io_cycle_count
    * data_type.word_size
2025-12-30 15:42:05,152 [ERROR]   File "/home/william/miniconda3/envs/llmcompass/lib/python3.9/site-packages/pandas/core/indexing.py", line 1266, in _is_scalar_access
    if not is_scalar(k):
2025-12-30 15:42:05,152 [ERROR]   File "/home/william/LLMCompass_GoldData/ae/figure8/change_memory_bw.py", line 103, in test_memory_bandwidth
    auto_regression_latency_simulated = model_auto_regression.compile_and_simulate(
2025-12-30 15:42:05,152 [ERROR] KeyboardInterrupt
2025-12-30 15:42:05,152 [ERROR] KeyboardInterrupt
2025-12-30 15:42:05,152 [ERROR]   File "/home/william/LLMCompass_GoldData/software_model/transformer.py", line 573, in compile_and_simulate
    self.H_matmul0.compile_and_simulate(pcb, compile_mode)
2025-12-30 15:42:05,152 [ERROR]   File "/home/william/LLMCompass_GoldData/software_model/matmul.py", line 583, in compile_and_simulate
    cycle_count = self.simulate(
2025-12-30 15:42:05,152 [ERROR]   File "/home/william/LLMCompass_GoldData/software_model/matmul.py", line 826, in simulate
    l2_tiles[-1, :N_l2_t, :K_l2_t] = self.L2TileSimulator(
2025-12-30 15:42:05,152 [ERROR]   File "/home/william/LLMCompass_GoldData/software_model/matmul.py", line 1005, in __init__
    self.compute_cycle_count = self.simulate_l2_tile_compute_cycle_count(
2025-12-30 15:42:05,152 [ERROR]   File "/home/william/LLMCompass_GoldData/software_model/matmul.py", line 1182, in simulate_l2_tile_compute_cycle_count
    active_l1_tile_list.append((m, n, k, l1_tiles[m, n, k]))
2025-12-30 15:42:05,152 [ERROR] KeyboardInterrupt
2025-12-30 15:42:04,997 [ERROR] Process Process-254:
2025-12-30 15:42:05,152 [ERROR] Traceback (most recent call last):
2025-12-30 15:42:05,153 [ERROR]   File "/home/william/miniconda3/envs/llmcompass/lib/python3.9/multiprocessing/process.py", line 315, in _bootstrap
    self.run()
2025-12-30 15:42:05,153 [ERROR]   File "/home/william/miniconda3/envs/llmcompass/lib/python3.9/multiprocessing/process.py", line 108, in run
    self._target(*self._args, **self._kwargs)
2025-12-30 15:42:05,153 [ERROR]   File "/home/william/LLMCompass_GoldData/ae/figure8/change_memory_bw.py", line 103, in test_memory_bandwidth
    auto_regression_latency_simulated = model_auto_regression.compile_and_simulate(
2025-12-30 15:42:05,153 [ERROR]   File "/home/william/LLMCompass_GoldData/software_model/transformer.py", line 558, in compile_and_simulate
    self.Q_proj.compile_and_simulate(pcb, compile_mode)
2025-12-30 15:42:04,997 [ERROR] Process Process-351:
2025-12-30 15:42:05,153 [ERROR]   File "/home/william/LLMCompass_GoldData/software_model/matmul.py", line 583, in compile_and_simulate
    cycle_count = self.simulate(
2025-12-30 15:42:05,153 [ERROR]   File "/home/william/LLMCompass_GoldData/software_model/matmul.py", line 826, in simulate
    l2_tiles[-1, :N_l2_t, :K_l2_t] = self.L2TileSimulator(
2025-12-30 15:42:05,153 [ERROR]   File "/home/william/LLMCompass_GoldData/software_model/matmul.py", line 1005, in __init__
    self.compute_cycle_count = self.simulate_l2_tile_compute_cycle_count(
2025-12-30 15:42:05,153 [ERROR]   File "/home/william/LLMCompass_GoldData/software_model/matmul.py", line 1214, in simulate_l2_tile_compute_cycle_count
    current_batch_Read_K_N[temp_k, temp_n] = 1
2025-12-30 15:42:05,153 [ERROR] KeyboardInterrupt
2025-12-30 15:42:04,997 [ERROR] Process Process-103:
2025-12-30 15:42:04,997 [ERROR] Process Process-53:
2025-12-30 15:42:04,997 [ERROR] Process Process-386:
2025-12-30 15:42:05,153 [ERROR] Traceback (most recent call last):
2025-12-30 15:42:05,154 [ERROR]   File "/home/william/miniconda3/envs/llmcompass/lib/python3.9/multiprocessing/process.py", line 315, in _bootstrap
    self.run()
2025-12-30 15:42:05,154 [ERROR]   File "/home/william/miniconda3/envs/llmcompass/lib/python3.9/multiprocessing/process.py", line 108, in run
    self._target(*self._args, **self._kwargs)
2025-12-30 15:42:05,154 [ERROR]   File "/home/william/LLMCompass_GoldData/ae/figure8/change_memory_bw.py", line 103, in test_memory_bandwidth
    auto_regression_latency_simulated = model_auto_regression.compile_and_simulate(
2025-12-30 15:42:05,154 [ERROR]   File "/home/william/LLMCompass_GoldData/software_model/transformer.py", line 558, in compile_and_simulate
    self.Q_proj.compile_and_simulate(pcb, compile_mode)
2025-12-30 15:42:05,154 [ERROR]   File "/home/william/LLMCompass_GoldData/software_model/matmul.py", line 583, in compile_and_simulate
    cycle_count = self.simulate(
2025-12-30 15:42:05,154 [ERROR]   File "/home/william/LLMCompass_GoldData/software_model/matmul.py", line 846, in simulate
    l2_tiles[:M_l2_t, :N_l2_t, -1] = self.L2TileSimulator(
2025-12-30 15:42:05,154 [ERROR]   File "/home/william/LLMCompass_GoldData/software_model/matmul.py", line 1005, in __init__
    self.compute_cycle_count = self.simulate_l2_tile_compute_cycle_count(
2025-12-30 15:42:05,154 [ERROR]   File "/home/william/LLMCompass_GoldData/software_model/matmul.py", line 1215, in simulate_l2_tile_compute_cycle_count
    current_batch_Read_M_N[temp_m, temp_n] = temp_k > 0
2025-12-30 15:42:05,154 [ERROR] KeyboardInterrupt
2025-12-30 15:42:05,154 [ERROR] Traceback (most recent call last):
2025-12-30 15:42:05,154 [ERROR] Traceback (most recent call last):
2025-12-30 15:42:05,154 [ERROR]   File "/home/william/miniconda3/envs/llmcompass/lib/python3.9/multiprocessing/process.py", line 315, in _bootstrap
    self.run()
2025-12-30 15:42:05,154 [ERROR]   File "/home/william/miniconda3/envs/llmcompass/lib/python3.9/multiprocessing/process.py", line 108, in run
    self._target(*self._args, **self._kwargs)
2025-12-30 15:42:05,154 [ERROR]   File "/home/william/miniconda3/envs/llmcompass/lib/python3.9/multiprocessing/process.py", line 315, in _bootstrap
    self.run()
2025-12-30 15:42:05,154 [ERROR]   File "/home/william/LLMCompass_GoldData/ae/figure8/change_memory_bw.py", line 103, in test_memory_bandwidth
    auto_regression_latency_simulated = model_auto_regression.compile_and_simulate(
2025-12-30 15:42:05,154 [ERROR]   File "/home/william/miniconda3/envs/llmcompass/lib/python3.9/multiprocessing/process.py", line 108, in run
    self._target(*self._args, **self._kwargs)
2025-12-30 15:42:05,154 [ERROR]   File "/home/william/LLMCompass_GoldData/software_model/transformer.py", line 573, in compile_and_simulate
    self.H_matmul0.compile_and_simulate(pcb, compile_mode)
2025-12-30 15:42:05,154 [ERROR]   File "/home/william/LLMCompass_GoldData/ae/figure8/change_memory_bw.py", line 103, in test_memory_bandwidth
    auto_regression_latency_simulated = model_auto_regression.compile_and_simulate(
2025-12-30 15:42:05,154 [ERROR]   File "/home/william/LLMCompass_GoldData/software_model/matmul.py", line 583, in compile_and_simulate
    cycle_count = self.simulate(
2025-12-30 15:42:05,154 [ERROR]   File "/home/william/LLMCompass_GoldData/software_model/transformer.py", line 578, in compile_and_simulate
    self.H_matmul1.compile_and_simulate(pcb, compile_mode)
2025-12-30 15:42:05,154 [ERROR]   File "/home/william/LLMCompass_GoldData/software_model/matmul.py", line 931, in simulate
    previous_tile_compute_cycle_count += (
2025-12-30 15:42:05,154 [ERROR]   File "/home/william/LLMCompass_GoldData/software_model/matmul.py", line 583, in compile_and_simulate
    cycle_count = self.simulate(
2025-12-30 15:42:05,154 [ERROR]   File "/home/william/LLMCompass_GoldData/software_model/matmul.py", line 905, in simulate
    for m, n, k in self.generate_tile_loops(
2025-12-30 15:42:05,154 [ERROR] KeyboardInterrupt
2025-12-30 15:42:05,154 [ERROR]   File "/home/william/LLMCompass_GoldData/software_model/matmul.py", line 199, in generate_tile_loops
    yield m, n, k
2025-12-30 15:42:05,154 [ERROR] KeyboardInterrupt
2025-12-30 15:42:05,154 [ERROR] Traceback (most recent call last):
2025-12-30 15:42:05,154 [ERROR]   File "/home/william/miniconda3/envs/llmcompass/lib/python3.9/multiprocessing/process.py", line 315, in _bootstrap
    self.run()
2025-12-30 15:42:05,154 [ERROR]   File "/home/william/miniconda3/envs/llmcompass/lib/python3.9/multiprocessing/process.py", line 108, in run
    self._target(*self._args, **self._kwargs)
2025-12-30 15:42:05,154 [ERROR]   File "/home/william/LLMCompass_GoldData/ae/figure8/change_memory_bw.py", line 103, in test_memory_bandwidth
    auto_regression_latency_simulated = model_auto_regression.compile_and_simulate(
2025-12-30 15:42:05,154 [ERROR]   File "/home/william/LLMCompass_GoldData/software_model/transformer.py", line 583, in compile_and_simulate
    self.H_matmul2.compile_and_simulate(pcb, compile_mode)
2025-12-30 15:42:05,154 [ERROR]   File "/home/william/LLMCompass_GoldData/software_model/matmul.py", line 583, in compile_and_simulate
    cycle_count = self.simulate(
2025-12-30 15:42:05,154 [ERROR]   File "/home/william/LLMCompass_GoldData/software_model/matmul.py", line 866, in simulate
    l2_tiles[-1, :N_l2_t, -1] = self.L2TileSimulator(
2025-12-30 15:42:05,154 [ERROR]   File "/home/william/LLMCompass_GoldData/software_model/matmul.py", line 1005, in __init__
    self.compute_cycle_count = self.simulate_l2_tile_compute_cycle_count(
2025-12-30 15:42:05,154 [ERROR]   File "/home/william/LLMCompass_GoldData/software_model/matmul.py", line 1153, in simulate_l2_tile_compute_cycle_count
    M_N_tile_size[:M_l1_t, :N_l1_t] = l1_tile_M * l1_tile_N
2025-12-30 15:42:05,154 [ERROR] KeyboardInterrupt
2025-12-30 15:42:05,155 [ERROR] Traceback (most recent call last):
2025-12-30 15:42:05,155 [ERROR]   File "/home/william/miniconda3/envs/llmcompass/lib/python3.9/multiprocessing/process.py", line 315, in _bootstrap
    self.run()
2025-12-30 15:42:05,155 [ERROR]   File "/home/william/miniconda3/envs/llmcompass/lib/python3.9/multiprocessing/process.py", line 108, in run
    self._target(*self._args, **self._kwargs)
2025-12-30 15:42:05,155 [ERROR]   File "/home/william/LLMCompass_GoldData/ae/figure8/change_memory_bw.py", line 103, in test_memory_bandwidth
    auto_regression_latency_simulated = model_auto_regression.compile_and_simulate(
2025-12-30 15:42:05,155 [ERROR]   File "/home/william/LLMCompass_GoldData/software_model/transformer.py", line 558, in compile_and_simulate
    self.Q_proj.compile_and_simulate(pcb, compile_mode)
2025-12-30 15:42:05,155 [ERROR]   File "/home/william/LLMCompass_GoldData/software_model/matmul.py", line 583, in compile_and_simulate
    cycle_count = self.simulate(
2025-12-30 15:42:05,155 [ERROR]   File "/home/william/LLMCompass_GoldData/software_model/matmul.py", line 943, in simulate
    max(
2025-12-30 15:42:05,155 [ERROR] KeyboardInterrupt
2025-12-30 15:42:04,996 [ERROR] Process Process-256:
2025-12-30 15:42:04,997 [ERROR] Process Process-180:
2025-12-30 15:42:04,997 [ERROR] Process Process-173:
2025-12-30 15:42:05,156 [ERROR] Traceback (most recent call last):
2025-12-30 15:42:05,156 [ERROR]   File "/home/william/miniconda3/envs/llmcompass/lib/python3.9/multiprocessing/process.py", line 315, in _bootstrap
    self.run()
2025-12-30 15:42:05,156 [ERROR]   File "/home/william/miniconda3/envs/llmcompass/lib/python3.9/multiprocessing/process.py", line 108, in run
    self._target(*self._args, **self._kwargs)
2025-12-30 15:42:05,156 [ERROR] Traceback (most recent call last):
2025-12-30 15:42:05,156 [ERROR]   File "/home/william/LLMCompass_GoldData/ae/figure8/change_memory_bw.py", line 103, in test_memory_bandwidth
    auto_regression_latency_simulated = model_auto_regression.compile_and_simulate(
2025-12-30 15:42:05,156 [ERROR]   File "/home/william/LLMCompass_GoldData/software_model/transformer.py", line 558, in compile_and_simulate
    self.Q_proj.compile_and_simulate(pcb, compile_mode)
2025-12-30 15:42:05,156 [ERROR]   File "/home/william/LLMCompass_GoldData/software_model/matmul.py", line 583, in compile_and_simulate
    cycle_count = self.simulate(
2025-12-30 15:42:05,156 [ERROR]   File "/home/william/miniconda3/envs/llmcompass/lib/python3.9/multiprocessing/process.py", line 315, in _bootstrap
    self.run()
2025-12-30 15:42:05,156 [ERROR]   File "/home/william/LLMCompass_GoldData/software_model/matmul.py", line 826, in simulate
    l2_tiles[-1, :N_l2_t, :K_l2_t] = self.L2TileSimulator(
2025-12-30 15:42:05,156 [ERROR]   File "/home/william/miniconda3/envs/llmcompass/lib/python3.9/multiprocessing/process.py", line 108, in run
    self._target(*self._args, **self._kwargs)
2025-12-30 15:42:05,156 [ERROR]   File "/home/william/LLMCompass_GoldData/software_model/matmul.py", line 1005, in __init__
    self.compute_cycle_count = self.simulate_l2_tile_compute_cycle_count(
2025-12-30 15:42:05,156 [ERROR] Traceback (most recent call last):
2025-12-30 15:42:05,156 [ERROR]   File "/home/william/LLMCompass_GoldData/ae/figure8/change_memory_bw.py", line 103, in test_memory_bandwidth
    auto_regression_latency_simulated = model_auto_regression.compile_and_simulate(
2025-12-30 15:42:05,156 [ERROR]   File "/home/william/LLMCompass_GoldData/software_model/matmul.py", line 1213, in simulate_l2_tile_compute_cycle_count
    current_batch_Read_M_K[temp_m, temp_k] = 1
2025-12-30 15:42:05,156 [ERROR]   File "/home/william/LLMCompass_GoldData/software_model/transformer.py", line 573, in compile_and_simulate
    self.H_matmul0.compile_and_simulate(pcb, compile_mode)
2025-12-30 15:42:05,156 [ERROR] KeyboardInterrupt
2025-12-30 15:42:05,156 [ERROR]   File "/home/william/LLMCompass_GoldData/software_model/matmul.py", line 583, in compile_and_simulate
    cycle_count = self.simulate(
2025-12-30 15:42:05,156 [ERROR]   File "/home/william/miniconda3/envs/llmcompass/lib/python3.9/multiprocessing/process.py", line 315, in _bootstrap
    self.run()
2025-12-30 15:42:05,156 [ERROR]   File "/home/william/LLMCompass_GoldData/software_model/matmul.py", line 943, in simulate
    max(
2025-12-30 15:42:05,156 [ERROR]   File "/home/william/miniconda3/envs/llmcompass/lib/python3.9/multiprocessing/process.py", line 108, in run
    self._target(*self._args, **self._kwargs)
2025-12-30 15:42:05,156 [ERROR] KeyboardInterrupt
2025-12-30 15:42:05,156 [ERROR]   File "/home/william/LLMCompass_GoldData/ae/figure8/change_memory_bw.py", line 103, in test_memory_bandwidth
    auto_regression_latency_simulated = model_auto_regression.compile_and_simulate(
2025-12-30 15:42:05,156 [ERROR]   File "/home/william/LLMCompass_GoldData/software_model/transformer.py", line 573, in compile_and_simulate
    self.H_matmul0.compile_and_simulate(pcb, compile_mode)
2025-12-30 15:42:05,157 [ERROR]   File "/home/william/LLMCompass_GoldData/software_model/matmul.py", line 583, in compile_and_simulate
    cycle_count = self.simulate(
2025-12-30 15:42:05,157 [ERROR]   File "/home/william/LLMCompass_GoldData/software_model/matmul.py", line 914, in simulate
    l2_tile = l2_tiles[m, n, k]
2025-12-30 15:42:05,157 [ERROR] KeyboardInterrupt
2025-12-30 15:42:04,997 [ERROR] Process Process-376:
2025-12-30 15:42:04,997 [ERROR] Process Process-382:
2025-12-30 15:42:05,158 [ERROR] Traceback (most recent call last):
2025-12-30 15:42:05,158 [ERROR]   File "/home/william/miniconda3/envs/llmcompass/lib/python3.9/multiprocessing/process.py", line 315, in _bootstrap
    self.run()
2025-12-30 15:42:05,158 [ERROR]   File "/home/william/miniconda3/envs/llmcompass/lib/python3.9/multiprocessing/process.py", line 108, in run
    self._target(*self._args, **self._kwargs)
2025-12-30 15:42:05,158 [ERROR] Traceback (most recent call last):
2025-12-30 15:42:05,158 [ERROR]   File "/home/william/LLMCompass_GoldData/ae/figure8/change_memory_bw.py", line 103, in test_memory_bandwidth
    auto_regression_latency_simulated = model_auto_regression.compile_and_simulate(
2025-12-30 15:42:05,158 [ERROR]   File "/home/william/LLMCompass_GoldData/software_model/transformer.py", line 558, in compile_and_simulate
    self.Q_proj.compile_and_simulate(pcb, compile_mode)
2025-12-30 15:42:05,158 [ERROR]   File "/home/william/miniconda3/envs/llmcompass/lib/python3.9/multiprocessing/process.py", line 315, in _bootstrap
    self.run()
2025-12-30 15:42:05,158 [ERROR]   File "/home/william/LLMCompass_GoldData/software_model/matmul.py", line 583, in compile_and_simulate
    cycle_count = self.simulate(
2025-12-30 15:42:05,158 [ERROR]   File "/home/william/LLMCompass_GoldData/software_model/matmul.py", line 930, in simulate
    if k > 0:
2025-12-30 15:42:05,158 [ERROR]   File "/home/william/miniconda3/envs/llmcompass/lib/python3.9/multiprocessing/process.py", line 108, in run
    self._target(*self._args, **self._kwargs)
2025-12-30 15:42:05,158 [ERROR] KeyboardInterrupt
2025-12-30 15:42:05,158 [ERROR]   File "/home/william/LLMCompass_GoldData/ae/figure8/change_memory_bw.py", line 103, in test_memory_bandwidth
    auto_regression_latency_simulated = model_auto_regression.compile_and_simulate(
2025-12-30 15:42:05,158 [ERROR]   File "/home/william/LLMCompass_GoldData/software_model/transformer.py", line 558, in compile_and_simulate
    self.Q_proj.compile_and_simulate(pcb, compile_mode)
2025-12-30 15:42:05,158 [ERROR]   File "/home/william/LLMCompass_GoldData/software_model/matmul.py", line 583, in compile_and_simulate
    cycle_count = self.simulate(
2025-12-30 15:42:05,158 [ERROR]   File "/home/william/LLMCompass_GoldData/software_model/matmul.py", line 942, in simulate
    total_cycle_count += (
2025-12-30 15:42:05,158 [ERROR] KeyboardInterrupt
2025-12-30 15:42:04,997 [ERROR] Process Process-156:
2025-12-30 15:42:04,996 [ERROR] Process Process-138:
2025-12-30 15:42:04,997 [ERROR] Process Process-182:
2025-12-30 15:42:05,160 [ERROR] Traceback (most recent call last):
2025-12-30 15:42:05,160 [ERROR]   File "/home/william/miniconda3/envs/llmcompass/lib/python3.9/multiprocessing/process.py", line 315, in _bootstrap
    self.run()
2025-12-30 15:42:05,160 [ERROR]   File "/home/william/miniconda3/envs/llmcompass/lib/python3.9/multiprocessing/process.py", line 108, in run
    self._target(*self._args, **self._kwargs)
2025-12-30 15:42:05,160 [ERROR]   File "/home/william/LLMCompass_GoldData/ae/figure8/change_memory_bw.py", line 103, in test_memory_bandwidth
    auto_regression_latency_simulated = model_auto_regression.compile_and_simulate(
2025-12-30 15:42:05,160 [ERROR]   File "/home/william/LLMCompass_GoldData/software_model/transformer.py", line 573, in compile_and_simulate
    self.H_matmul0.compile_and_simulate(pcb, compile_mode)
2025-12-30 15:42:05,160 [ERROR]   File "/home/william/LLMCompass_GoldData/software_model/matmul.py", line 583, in compile_and_simulate
    cycle_count = self.simulate(
2025-12-30 15:42:05,160 [ERROR]   File "/home/william/LLMCompass_GoldData/software_model/matmul.py", line 926, in simulate
    if k > 0 and not (m == previous_m and n == previous_n):
2025-12-30 15:42:05,160 [ERROR] KeyboardInterrupt
2025-12-30 15:42:04,997 [ERROR] Process Process-140:
2025-12-30 15:42:05,161 [ERROR] Traceback (most recent call last):
2025-12-30 15:42:05,161 [ERROR]   File "/home/william/miniconda3/envs/llmcompass/lib/python3.9/multiprocessing/process.py", line 315, in _bootstrap
    self.run()
2025-12-30 15:42:04,996 [ERROR] Process Process-247:
2025-12-30 15:42:05,162 [ERROR]   File "/home/william/miniconda3/envs/llmcompass/lib/python3.9/multiprocessing/process.py", line 108, in run
    self._target(*self._args, **self._kwargs)
2025-12-30 15:42:05,162 [ERROR]   File "/home/william/LLMCompass_GoldData/ae/figure8/change_memory_bw.py", line 103, in test_memory_bandwidth
    auto_regression_latency_simulated = model_auto_regression.compile_and_simulate(
2025-12-30 15:42:05,162 [ERROR]   File "/home/william/LLMCompass_GoldData/software_model/transformer.py", line 558, in compile_and_simulate
    self.Q_proj.compile_and_simulate(pcb, compile_mode)
2025-12-30 15:42:05,162 [ERROR]   File "/home/william/LLMCompass_GoldData/software_model/matmul.py", line 583, in compile_and_simulate
    cycle_count = self.simulate(
2025-12-30 15:42:05,162 [ERROR]   File "/home/william/LLMCompass_GoldData/software_model/matmul.py", line 836, in simulate
    l2_tiles[:M_l2_t, -1, :K_l2_t] = self.L2TileSimulator(
2025-12-30 15:42:05,162 [ERROR]   File "/home/william/LLMCompass_GoldData/software_model/matmul.py", line 1005, in __init__
    self.compute_cycle_count = self.simulate_l2_tile_compute_cycle_count(
2025-12-30 15:42:05,162 [ERROR]   File "/home/william/LLMCompass_GoldData/software_model/matmul.py", line 1176, in simulate_l2_tile_compute_cycle_count
    for m, n, k in Matmul.generate_tile_loops(
2025-12-30 15:42:05,162 [ERROR] KeyboardInterrupt
2025-12-30 15:42:04,997 [ERROR] Process Process-249:
2025-12-30 15:42:04,997 [ERROR] Process Process-294:
2025-12-30 15:42:05,164 [ERROR] Traceback (most recent call last):
2025-12-30 15:42:05,164 [ERROR] Traceback (most recent call last):
2025-12-30 15:42:05,164 [ERROR]   File "/home/william/miniconda3/envs/llmcompass/lib/python3.9/multiprocessing/process.py", line 315, in _bootstrap
    self.run()
2025-12-30 15:42:05,164 [ERROR] Traceback (most recent call last):
2025-12-30 15:42:05,164 [ERROR]   File "/home/william/miniconda3/envs/llmcompass/lib/python3.9/multiprocessing/process.py", line 108, in run
    self._target(*self._args, **self._kwargs)
2025-12-30 15:42:05,164 [ERROR]   File "/home/william/miniconda3/envs/llmcompass/lib/python3.9/multiprocessing/process.py", line 315, in _bootstrap
    self.run()
2025-12-30 15:42:05,164 [ERROR]   File "/home/william/LLMCompass_GoldData/ae/figure8/change_memory_bw.py", line 103, in test_memory_bandwidth
    auto_regression_latency_simulated = model_auto_regression.compile_and_simulate(
2025-12-30 15:42:05,164 [ERROR]   File "/home/william/miniconda3/envs/llmcompass/lib/python3.9/multiprocessing/process.py", line 315, in _bootstrap
    self.run()
2025-12-30 15:42:05,164 [ERROR]   File "/home/william/miniconda3/envs/llmcompass/lib/python3.9/multiprocessing/process.py", line 108, in run
    self._target(*self._args, **self._kwargs)
2025-12-30 15:42:05,164 [ERROR]   File "/home/william/LLMCompass_GoldData/software_model/transformer.py", line 573, in compile_and_simulate
    self.H_matmul0.compile_and_simulate(pcb, compile_mode)
2025-12-30 15:42:05,164 [ERROR]   File "/home/william/miniconda3/envs/llmcompass/lib/python3.9/multiprocessing/process.py", line 108, in run
    self._target(*self._args, **self._kwargs)
2025-12-30 15:42:05,164 [ERROR]   File "/home/william/LLMCompass_GoldData/ae/figure8/change_memory_bw.py", line 103, in test_memory_bandwidth
    auto_regression_latency_simulated = model_auto_regression.compile_and_simulate(
2025-12-30 15:42:05,164 [ERROR]   File "/home/william/LLMCompass_GoldData/software_model/matmul.py", line 583, in compile_and_simulate
    cycle_count = self.simulate(
2025-12-30 15:42:05,164 [ERROR]   File "/home/william/LLMCompass_GoldData/ae/figure8/change_memory_bw.py", line 103, in test_memory_bandwidth
    auto_regression_latency_simulated = model_auto_regression.compile_and_simulate(
2025-12-30 15:42:05,164 [ERROR]   File "/home/william/LLMCompass_GoldData/software_model/transformer.py", line 573, in compile_and_simulate
    self.H_matmul0.compile_and_simulate(pcb, compile_mode)
2025-12-30 15:42:05,164 [ERROR]   File "/home/william/LLMCompass_GoldData/software_model/transformer.py", line 573, in compile_and_simulate
    self.H_matmul0.compile_and_simulate(pcb, compile_mode)
2025-12-30 15:42:05,164 [ERROR]   File "/home/william/LLMCompass_GoldData/software_model/matmul.py", line 914, in simulate
    l2_tile = l2_tiles[m, n, k]
2025-12-30 15:42:05,164 [ERROR]   File "/home/william/LLMCompass_GoldData/software_model/matmul.py", line 583, in compile_and_simulate
    cycle_count = self.simulate(
2025-12-30 15:42:05,164 [ERROR]   File "/home/william/LLMCompass_GoldData/software_model/matmul.py", line 583, in compile_and_simulate
    cycle_count = self.simulate(
2025-12-30 15:42:05,164 [ERROR]   File "/home/william/LLMCompass_GoldData/software_model/matmul.py", line 905, in simulate
    for m, n, k in self.generate_tile_loops(
2025-12-30 15:42:05,164 [ERROR]   File "/home/william/LLMCompass_GoldData/software_model/matmul.py", line 915, in simulate
    previous_l2_tile = l2_tiles[previous_m, previous_n, previous_k]
2025-12-30 15:42:05,164 [ERROR] KeyboardInterrupt
2025-12-30 15:42:05,164 [ERROR]   File "/home/william/LLMCompass_GoldData/software_model/matmul.py", line 198, in generate_tile_loops
    for m in range(loop_M):
2025-12-30 15:42:05,164 [ERROR] KeyboardInterrupt
2025-12-30 15:42:05,164 [ERROR] KeyboardInterrupt
2025-12-30 15:42:05,164 [ERROR] Traceback (most recent call last):
2025-12-30 15:42:05,164 [ERROR]   File "/home/william/miniconda3/envs/llmcompass/lib/python3.9/multiprocessing/process.py", line 315, in _bootstrap
    self.run()
2025-12-30 15:42:05,164 [ERROR]   File "/home/william/miniconda3/envs/llmcompass/lib/python3.9/multiprocessing/process.py", line 108, in run
    self._target(*self._args, **self._kwargs)
2025-12-30 15:42:05,165 [ERROR]   File "/home/william/LLMCompass_GoldData/ae/figure8/change_memory_bw.py", line 103, in test_memory_bandwidth
    auto_regression_latency_simulated = model_auto_regression.compile_and_simulate(
2025-12-30 15:42:05,165 [ERROR]   File "/home/william/LLMCompass_GoldData/software_model/transformer.py", line 573, in compile_and_simulate
    self.H_matmul0.compile_and_simulate(pcb, compile_mode)
2025-12-30 15:42:05,165 [ERROR]   File "/home/william/LLMCompass_GoldData/software_model/matmul.py", line 583, in compile_and_simulate
    cycle_count = self.simulate(
2025-12-30 15:42:05,165 [ERROR]   File "/home/william/LLMCompass_GoldData/software_model/matmul.py", line 826, in simulate
    l2_tiles[-1, :N_l2_t, :K_l2_t] = self.L2TileSimulator(
2025-12-30 15:42:05,165 [ERROR]   File "/home/william/LLMCompass_GoldData/software_model/matmul.py", line 1005, in __init__
    self.compute_cycle_count = self.simulate_l2_tile_compute_cycle_count(
2025-12-30 15:42:05,165 [ERROR]   File "/home/william/LLMCompass_GoldData/software_model/matmul.py", line 1058, in simulate_l2_tile_compute_cycle_count
    l1_tiles[-1, :N_l1_t, :K_l1_t] = Matmul.L1TileSimulator(
2025-12-30 15:42:05,165 [ERROR]   File "/home/william/LLMCompass_GoldData/software_model/matmul.py", line 1308, in __init__
    self.compute_cycle_count = self.simulate_l1_tile_compute_cycle_count(
2025-12-30 15:42:05,165 [ERROR]   File "/home/william/LLMCompass_GoldData/software_model/matmul.py", line 1338, in simulate_l1_tile_compute_cycle_count
    Matmul.simulate_systolic_array_cycle_count(
2025-12-30 15:42:05,165 [ERROR]   File "/home/william/LLMCompass_GoldData/software_model/matmul.py", line 1405, in simulate_systolic_array_cycle_count
    cycle_count = look_up_table.loc[
2025-12-30 15:42:05,165 [ERROR]   File "/home/william/miniconda3/envs/llmcompass/lib/python3.9/site-packages/pandas/core/indexing.py", line 1185, in __getitem__
    return self._getitem_tuple(key)
2025-12-30 15:42:05,165 [ERROR]   File "/home/william/miniconda3/envs/llmcompass/lib/python3.9/site-packages/pandas/core/indexing.py", line 1369, in _getitem_tuple
    return self._getitem_lowerdim(tup)
2025-12-30 15:42:05,165 [ERROR]   File "/home/william/miniconda3/envs/llmcompass/lib/python3.9/site-packages/pandas/core/indexing.py", line 1042, in _getitem_lowerdim
    return self._getitem_nested_tuple(tup)
2025-12-30 15:42:05,165 [ERROR]   File "/home/william/miniconda3/envs/llmcompass/lib/python3.9/site-packages/pandas/core/indexing.py", line 1154, in _getitem_nested_tuple
    obj = getattr(obj, self.name)._getitem_axis(key, axis=axis)
2025-12-30 15:42:05,165 [ERROR]   File "/home/william/miniconda3/envs/llmcompass/lib/python3.9/site-packages/pandas/core/indexing.py", line 1413, in _getitem_axis
    elif com.is_bool_indexer(key):
2025-12-30 15:42:05,165 [ERROR]   File "/home/william/miniconda3/envs/llmcompass/lib/python3.9/site-packages/pandas/core/common.py", line 126, in is_bool_indexer
    key, (ABCSeries, np.ndarray, ABCIndex, ABCExtensionArray)
2025-12-30 15:42:05,165 [ERROR] KeyboardInterrupt
2025-12-30 15:42:04,997 [ERROR] Process Process-344:
2025-12-30 15:42:04,997 [ERROR] Process Process-371:
2025-12-30 15:42:04,997 [ERROR] Process Process-288:
2025-12-30 15:42:05,167 [ERROR] Traceback (most recent call last):
2025-12-30 15:42:04,997 [ERROR] Process Process-280:
2025-12-30 15:42:05,167 [ERROR]   File "/home/william/miniconda3/envs/llmcompass/lib/python3.9/multiprocessing/process.py", line 315, in _bootstrap
    self.run()
2025-12-30 15:42:05,167 [ERROR]   File "/home/william/miniconda3/envs/llmcompass/lib/python3.9/multiprocessing/process.py", line 108, in run
    self._target(*self._args, **self._kwargs)
2025-12-30 15:42:05,167 [ERROR]   File "/home/william/LLMCompass_GoldData/ae/figure8/change_memory_bw.py", line 103, in test_memory_bandwidth
    auto_regression_latency_simulated = model_auto_regression.compile_and_simulate(
2025-12-30 15:42:05,167 [ERROR]   File "/home/william/LLMCompass_GoldData/software_model/transformer.py", line 573, in compile_and_simulate
    self.H_matmul0.compile_and_simulate(pcb, compile_mode)
2025-12-30 15:42:05,167 [ERROR]   File "/home/william/LLMCompass_GoldData/software_model/matmul.py", line 583, in compile_and_simulate
    cycle_count = self.simulate(
2025-12-30 15:42:05,167 [ERROR] Traceback (most recent call last):
2025-12-30 15:42:05,167 [ERROR]   File "/home/william/LLMCompass_GoldData/software_model/matmul.py", line 935, in simulate
    if m == previous_m and n == previous_n:
2025-12-30 15:42:05,167 [ERROR] KeyboardInterrupt
2025-12-30 15:42:05,168 [ERROR]   File "/home/william/miniconda3/envs/llmcompass/lib/python3.9/multiprocessing/process.py", line 315, in _bootstrap
    self.run()
2025-12-30 15:42:05,168 [ERROR]   File "/home/william/miniconda3/envs/llmcompass/lib/python3.9/multiprocessing/process.py", line 108, in run
    self._target(*self._args, **self._kwargs)
2025-12-30 15:42:05,168 [ERROR]   File "/home/william/LLMCompass_GoldData/ae/figure8/change_memory_bw.py", line 103, in test_memory_bandwidth
    auto_regression_latency_simulated = model_auto_regression.compile_and_simulate(
2025-12-30 15:42:05,168 [ERROR]   File "/home/william/LLMCompass_GoldData/software_model/transformer.py", line 573, in compile_and_simulate
    self.H_matmul0.compile_and_simulate(pcb, compile_mode)
2025-12-30 15:42:05,168 [ERROR] Traceback (most recent call last):
2025-12-30 15:42:05,168 [ERROR]   File "/home/william/LLMCompass_GoldData/software_model/matmul.py", line 583, in compile_and_simulate
    cycle_count = self.simulate(
2025-12-30 15:42:05,168 [ERROR]   File "/home/william/LLMCompass_GoldData/software_model/matmul.py", line 846, in simulate
    l2_tiles[:M_l2_t, :N_l2_t, -1] = self.L2TileSimulator(
2025-12-30 15:42:05,168 [ERROR]   File "/home/william/LLMCompass_GoldData/software_model/matmul.py", line 1005, in __init__
    self.compute_cycle_count = self.simulate_l2_tile_compute_cycle_count(
2025-12-30 15:42:05,168 [ERROR]   File "/home/william/miniconda3/envs/llmcompass/lib/python3.9/multiprocessing/process.py", line 315, in _bootstrap
    self.run()
2025-12-30 15:42:05,168 [ERROR]   File "/home/william/LLMCompass_GoldData/software_model/matmul.py", line 1048, in simulate_l2_tile_compute_cycle_count
    l1_tiles[:M_l1_t, :N_l1_t, :K_l1_t] = Matmul.L1TileSimulator(
2025-12-30 15:42:05,168 [ERROR]   File "/home/william/miniconda3/envs/llmcompass/lib/python3.9/multiprocessing/process.py", line 108, in run
    self._target(*self._args, **self._kwargs)
2025-12-30 15:42:05,168 [ERROR]   File "/home/william/LLMCompass_GoldData/software_model/matmul.py", line 1308, in __init__
    self.compute_cycle_count = self.simulate_l1_tile_compute_cycle_count(
2025-12-30 15:42:05,168 [ERROR]   File "/home/william/LLMCompass_GoldData/software_model/matmul.py", line 1338, in simulate_l1_tile_compute_cycle_count
    Matmul.simulate_systolic_array_cycle_count(
2025-12-30 15:42:05,168 [ERROR]   File "/home/william/LLMCompass_GoldData/ae/figure8/change_memory_bw.py", line 103, in test_memory_bandwidth
    auto_regression_latency_simulated = model_auto_regression.compile_and_simulate(
2025-12-30 15:42:05,168 [ERROR]   File "/home/william/LLMCompass_GoldData/software_model/matmul.py", line 1405, in simulate_systolic_array_cycle_count
    cycle_count = look_up_table.loc[
2025-12-30 15:42:05,168 [ERROR]   File "/home/william/LLMCompass_GoldData/software_model/transformer.py", line 558, in compile_and_simulate
    self.Q_proj.compile_and_simulate(pcb, compile_mode)
2025-12-30 15:42:05,168 [ERROR]   File "/home/william/miniconda3/envs/llmcompass/lib/python3.9/site-packages/pandas/core/indexing.py", line 1185, in __getitem__
    return self._getitem_tuple(key)
2025-12-30 15:42:05,168 [ERROR]   File "/home/william/LLMCompass_GoldData/software_model/matmul.py", line 583, in compile_and_simulate
    cycle_count = self.simulate(
2025-12-30 15:42:05,168 [ERROR]   File "/home/william/miniconda3/envs/llmcompass/lib/python3.9/site-packages/pandas/core/indexing.py", line 1369, in _getitem_tuple
    return self._getitem_lowerdim(tup)
2025-12-30 15:42:05,168 [ERROR]   File "/home/william/LLMCompass_GoldData/software_model/matmul.py", line 929, in simulate
    previous_tile_compute_cycle_count = previous_l2_tile.compute_cycle_count
2025-12-30 15:42:05,168 [ERROR]   File "/home/william/miniconda3/envs/llmcompass/lib/python3.9/site-packages/pandas/core/indexing.py", line 1042, in _getitem_lowerdim
    return self._getitem_nested_tuple(tup)
2025-12-30 15:42:05,168 [ERROR] KeyboardInterrupt
2025-12-30 15:42:05,168 [ERROR]   File "/home/william/miniconda3/envs/llmcompass/lib/python3.9/site-packages/pandas/core/indexing.py", line 1154, in _getitem_nested_tuple
    obj = getattr(obj, self.name)._getitem_axis(key, axis=axis)
2025-12-30 15:42:05,168 [ERROR]   File "/home/william/miniconda3/envs/llmcompass/lib/python3.9/site-packages/pandas/core/indexing.py", line 1432, in _getitem_axis
    return self._get_label(key, axis=axis)
2025-12-30 15:42:05,168 [ERROR]   File "/home/william/miniconda3/envs/llmcompass/lib/python3.9/site-packages/pandas/core/indexing.py", line 1382, in _get_label
    return self.obj.xs(label, axis=axis)
2025-12-30 15:42:05,168 [ERROR]   File "/home/william/miniconda3/envs/llmcompass/lib/python3.9/site-packages/pandas/core/generic.py", line 4315, in xs
    loc, new_index = index._get_loc_level(key, level=0)
2025-12-30 15:42:05,168 [ERROR]   File "/home/william/miniconda3/envs/llmcompass/lib/python3.9/site-packages/pandas/core/indexes/multi.py", line 3228, in _get_loc_level
    if key in self.levels[0]:
2025-12-30 15:42:05,168 [ERROR]   File "/home/william/miniconda3/envs/llmcompass/lib/python3.9/site-packages/pandas/core/indexes/base.py", line 5372, in __contains__
    return key in self._engine
2025-12-30 15:42:04,997 [ERROR] Process Process-170:
2025-12-30 15:42:05,168 [ERROR] KeyboardInterrupt
2025-12-30 15:42:05,168 [ERROR] Traceback (most recent call last):
2025-12-30 15:42:05,168 [ERROR] Traceback (most recent call last):
2025-12-30 15:42:05,168 [ERROR]   File "/home/william/miniconda3/envs/llmcompass/lib/python3.9/multiprocessing/process.py", line 315, in _bootstrap
    self.run()
2025-12-30 15:42:05,168 [ERROR]   File "/home/william/miniconda3/envs/llmcompass/lib/python3.9/multiprocessing/process.py", line 108, in run
    self._target(*self._args, **self._kwargs)
2025-12-30 15:42:05,168 [ERROR]   File "/home/william/LLMCompass_GoldData/ae/figure8/change_memory_bw.py", line 103, in test_memory_bandwidth
    auto_regression_latency_simulated = model_auto_regression.compile_and_simulate(
2025-12-30 15:42:05,168 [ERROR]   File "/home/william/miniconda3/envs/llmcompass/lib/python3.9/multiprocessing/process.py", line 315, in _bootstrap
    self.run()
2025-12-30 15:42:05,168 [ERROR]   File "/home/william/LLMCompass_GoldData/software_model/transformer.py", line 558, in compile_and_simulate
    self.Q_proj.compile_and_simulate(pcb, compile_mode)
2025-12-30 15:42:05,168 [ERROR]   File "/home/william/LLMCompass_GoldData/software_model/matmul.py", line 583, in compile_and_simulate
    cycle_count = self.simulate(
2025-12-30 15:42:05,168 [ERROR]   File "/home/william/miniconda3/envs/llmcompass/lib/python3.9/multiprocessing/process.py", line 108, in run
    self._target(*self._args, **self._kwargs)
2025-12-30 15:42:05,168 [ERROR]   File "/home/william/LLMCompass_GoldData/software_model/matmul.py", line 826, in simulate
    l2_tiles[-1, :N_l2_t, :K_l2_t] = self.L2TileSimulator(
2025-12-30 15:42:05,168 [ERROR]   File "/home/william/LLMCompass_GoldData/ae/figure8/change_memory_bw.py", line 103, in test_memory_bandwidth
    auto_regression_latency_simulated = model_auto_regression.compile_and_simulate(
2025-12-30 15:42:05,168 [ERROR]   File "/home/william/LLMCompass_GoldData/software_model/matmul.py", line 1005, in __init__
    self.compute_cycle_count = self.simulate_l2_tile_compute_cycle_count(
2025-12-30 15:42:05,168 [ERROR]   File "/home/william/LLMCompass_GoldData/software_model/transformer.py", line 558, in compile_and_simulate
    self.Q_proj.compile_and_simulate(pcb, compile_mode)
2025-12-30 15:42:05,168 [ERROR]   File "/home/william/LLMCompass_GoldData/software_model/matmul.py", line 1222, in simulate_l2_tile_compute_cycle_count
    / chiplet_module.compute_module.core.vector_unit.total_vector_flops_per_cycle
2025-12-30 15:42:05,168 [ERROR]   File "/home/william/LLMCompass_GoldData/software_model/matmul.py", line 583, in compile_and_simulate
    cycle_count = self.simulate(
2025-12-30 15:42:05,168 [ERROR] KeyboardInterrupt
2025-12-30 15:42:05,168 [ERROR]   File "/home/william/LLMCompass_GoldData/software_model/matmul.py", line 866, in simulate
    l2_tiles[-1, :N_l2_t, -1] = self.L2TileSimulator(
2025-12-30 15:42:05,168 [ERROR]   File "/home/william/LLMCompass_GoldData/software_model/matmul.py", line 1005, in __init__
    self.compute_cycle_count = self.simulate_l2_tile_compute_cycle_count(
2025-12-30 15:42:05,168 [ERROR]   File "/home/william/LLMCompass_GoldData/software_model/matmul.py", line 1058, in simulate_l2_tile_compute_cycle_count
    l1_tiles[-1, :N_l1_t, :K_l1_t] = Matmul.L1TileSimulator(
2025-12-30 15:42:05,168 [ERROR]   File "/home/william/LLMCompass_GoldData/software_model/matmul.py", line 1308, in __init__
    self.compute_cycle_count = self.simulate_l1_tile_compute_cycle_count(
2025-12-30 15:42:05,168 [ERROR]   File "/home/william/LLMCompass_GoldData/software_model/matmul.py", line 1338, in simulate_l1_tile_compute_cycle_count
    Matmul.simulate_systolic_array_cycle_count(
2025-12-30 15:42:05,168 [ERROR]   File "/home/william/LLMCompass_GoldData/software_model/matmul.py", line 1405, in simulate_systolic_array_cycle_count
    cycle_count = look_up_table.loc[
2025-12-30 15:42:05,168 [ERROR]   File "/home/william/miniconda3/envs/llmcompass/lib/python3.9/site-packages/pandas/core/indexing.py", line 1185, in __getitem__
    return self._getitem_tuple(key)
2025-12-30 15:42:05,168 [ERROR]   File "/home/william/miniconda3/envs/llmcompass/lib/python3.9/site-packages/pandas/core/indexing.py", line 1369, in _getitem_tuple
    return self._getitem_lowerdim(tup)
2025-12-30 15:42:05,168 [ERROR]   File "/home/william/miniconda3/envs/llmcompass/lib/python3.9/site-packages/pandas/core/indexing.py", line 1042, in _getitem_lowerdim
    return self._getitem_nested_tuple(tup)
2025-12-30 15:42:05,168 [ERROR]   File "/home/william/miniconda3/envs/llmcompass/lib/python3.9/site-packages/pandas/core/indexing.py", line 1154, in _getitem_nested_tuple
    obj = getattr(obj, self.name)._getitem_axis(key, axis=axis)
2025-12-30 15:42:05,168 [ERROR]   File "/home/william/miniconda3/envs/llmcompass/lib/python3.9/site-packages/pandas/core/indexing.py", line 1413, in _getitem_axis
    elif com.is_bool_indexer(key):
2025-12-30 15:42:05,168 [ERROR]   File "/home/william/miniconda3/envs/llmcompass/lib/python3.9/site-packages/pandas/core/common.py", line 125, in is_bool_indexer
    if isinstance(
2025-12-30 15:42:05,168 [ERROR]   File "/home/william/miniconda3/envs/llmcompass/lib/python3.9/site-packages/pandas/core/dtypes/generic.py", line 42, in _instancecheck
    @classmethod  # type: ignore[misc]
2025-12-30 15:42:05,168 [ERROR] KeyboardInterrupt
2025-12-30 15:42:05,169 [ERROR] Traceback (most recent call last):
2025-12-30 15:42:05,169 [ERROR]   File "/home/william/miniconda3/envs/llmcompass/lib/python3.9/multiprocessing/process.py", line 315, in _bootstrap
    self.run()
2025-12-30 15:42:04,997 [ERROR] Process Process-110:
2025-12-30 15:42:05,169 [ERROR]   File "/home/william/miniconda3/envs/llmcompass/lib/python3.9/multiprocessing/process.py", line 108, in run
    self._target(*self._args, **self._kwargs)
2025-12-30 15:42:05,169 [ERROR]   File "/home/william/LLMCompass_GoldData/ae/figure8/change_memory_bw.py", line 103, in test_memory_bandwidth
    auto_regression_latency_simulated = model_auto_regression.compile_and_simulate(
2025-12-30 15:42:05,169 [ERROR]   File "/home/william/LLMCompass_GoldData/software_model/transformer.py", line 578, in compile_and_simulate
    self.H_matmul1.compile_and_simulate(pcb, compile_mode)
2025-12-30 15:42:05,169 [ERROR]   File "/home/william/LLMCompass_GoldData/software_model/matmul.py", line 583, in compile_and_simulate
    cycle_count = self.simulate(
2025-12-30 15:42:05,169 [ERROR]   File "/home/william/LLMCompass_GoldData/software_model/matmul.py", line 915, in simulate
    previous_l2_tile = l2_tiles[previous_m, previous_n, previous_k]
2025-12-30 15:42:05,169 [ERROR] KeyboardInterrupt
2025-12-30 15:42:04,996 [ERROR] Process Process-160:
2025-12-30 15:42:05,170 [ERROR] Traceback (most recent call last):
2025-12-30 15:42:05,170 [ERROR]   File "/home/william/miniconda3/envs/llmcompass/lib/python3.9/multiprocessing/process.py", line 315, in _bootstrap
    self.run()
2025-12-30 15:42:05,170 [ERROR]   File "/home/william/miniconda3/envs/llmcompass/lib/python3.9/multiprocessing/process.py", line 108, in run
    self._target(*self._args, **self._kwargs)
2025-12-30 15:42:05,170 [ERROR]   File "/home/william/LLMCompass_GoldData/ae/figure8/change_memory_bw.py", line 103, in test_memory_bandwidth
    auto_regression_latency_simulated = model_auto_regression.compile_and_simulate(
2025-12-30 15:42:05,170 [ERROR]   File "/home/william/LLMCompass_GoldData/software_model/transformer.py", line 573, in compile_and_simulate
    self.H_matmul0.compile_and_simulate(pcb, compile_mode)
2025-12-30 15:42:05,170 [ERROR]   File "/home/william/LLMCompass_GoldData/software_model/matmul.py", line 583, in compile_and_simulate
    cycle_count = self.simulate(
2025-12-30 15:42:05,170 [ERROR]   File "/home/william/LLMCompass_GoldData/software_model/matmul.py", line 931, in simulate
    previous_tile_compute_cycle_count += (
2025-12-30 15:42:05,170 [ERROR] KeyboardInterrupt
2025-12-30 15:42:04,997 [ERROR] Process Process-127:
2025-12-30 15:42:04,997 [ERROR] Process Process-125:
2025-12-30 15:42:05,171 [ERROR] Traceback (most recent call last):
2025-12-30 15:42:05,171 [ERROR]   File "/home/william/miniconda3/envs/llmcompass/lib/python3.9/multiprocessing/process.py", line 315, in _bootstrap
    self.run()
2025-12-30 15:42:05,171 [ERROR]   File "/home/william/miniconda3/envs/llmcompass/lib/python3.9/multiprocessing/process.py", line 108, in run
    self._target(*self._args, **self._kwargs)
2025-12-30 15:42:05,171 [ERROR]   File "/home/william/LLMCompass_GoldData/ae/figure8/change_memory_bw.py", line 103, in test_memory_bandwidth
    auto_regression_latency_simulated = model_auto_regression.compile_and_simulate(
2025-12-30 15:42:05,171 [ERROR]   File "/home/william/LLMCompass_GoldData/software_model/transformer.py", line 573, in compile_and_simulate
    self.H_matmul0.compile_and_simulate(pcb, compile_mode)
2025-12-30 15:42:05,171 [ERROR]   File "/home/william/LLMCompass_GoldData/software_model/matmul.py", line 583, in compile_and_simulate
    cycle_count = self.simulate(
2025-12-30 15:42:05,171 [ERROR]   File "/home/william/LLMCompass_GoldData/software_model/matmul.py", line 914, in simulate
    l2_tile = l2_tiles[m, n, k]
2025-12-30 15:42:05,171 [ERROR] KeyboardInterrupt
2025-12-30 15:42:05,171 [ERROR] Traceback (most recent call last):
2025-12-30 15:42:05,172 [ERROR]   File "/home/william/miniconda3/envs/llmcompass/lib/python3.9/multiprocessing/process.py", line 315, in _bootstrap
    self.run()
2025-12-30 15:42:05,172 [ERROR]   File "/home/william/miniconda3/envs/llmcompass/lib/python3.9/multiprocessing/process.py", line 108, in run
    self._target(*self._args, **self._kwargs)
2025-12-30 15:42:05,172 [ERROR]   File "/home/william/LLMCompass_GoldData/ae/figure8/change_memory_bw.py", line 103, in test_memory_bandwidth
    auto_regression_latency_simulated = model_auto_regression.compile_and_simulate(
2025-12-30 15:42:05,172 [ERROR]   File "/home/william/LLMCompass_GoldData/software_model/transformer.py", line 573, in compile_and_simulate
    self.H_matmul0.compile_and_simulate(pcb, compile_mode)
2025-12-30 15:42:05,172 [ERROR]   File "/home/william/LLMCompass_GoldData/software_model/matmul.py", line 583, in compile_and_simulate
    cycle_count = self.simulate(
2025-12-30 15:42:05,172 [ERROR]   File "/home/william/LLMCompass_GoldData/software_model/matmul.py", line 905, in simulate
    for m, n, k in self.generate_tile_loops(
2025-12-30 15:42:04,998 [ERROR] Process Process-335:
2025-12-30 15:42:05,172 [ERROR]   File "/home/william/LLMCompass_GoldData/software_model/matmul.py", line 199, in generate_tile_loops
    yield m, n, k
2025-12-30 15:42:05,172 [ERROR] KeyboardInterrupt
2025-12-30 15:42:05,172 [ERROR] Traceback (most recent call last):
2025-12-30 15:42:05,172 [ERROR]   File "/home/william/miniconda3/envs/llmcompass/lib/python3.9/multiprocessing/process.py", line 315, in _bootstrap
    self.run()
2025-12-30 15:42:04,997 [ERROR] Process Process-212:
2025-12-30 15:42:05,173 [ERROR] Traceback (most recent call last):
2025-12-30 15:42:05,173 [ERROR]   File "/home/william/miniconda3/envs/llmcompass/lib/python3.9/multiprocessing/process.py", line 315, in _bootstrap
    self.run()
2025-12-30 15:42:05,173 [ERROR]   File "/home/william/miniconda3/envs/llmcompass/lib/python3.9/multiprocessing/process.py", line 108, in run
    self._target(*self._args, **self._kwargs)
2025-12-30 15:42:05,173 [ERROR]   File "/home/william/LLMCompass_GoldData/ae/figure8/change_memory_bw.py", line 103, in test_memory_bandwidth
    auto_regression_latency_simulated = model_auto_regression.compile_and_simulate(
2025-12-30 15:42:04,994 [ERROR] Process Process-356:
2025-12-30 15:42:05,173 [ERROR]   File "/home/william/LLMCompass_GoldData/software_model/transformer.py", line 558, in compile_and_simulate
    self.Q_proj.compile_and_simulate(pcb, compile_mode)
2025-12-30 15:42:05,173 [ERROR]   File "/home/william/LLMCompass_GoldData/software_model/matmul.py", line 583, in compile_and_simulate
    cycle_count = self.simulate(
2025-12-30 15:42:05,173 [ERROR]   File "/home/william/LLMCompass_GoldData/software_model/matmul.py", line 927, in simulate
    current_tile_read_cycle_count += l2_tile.M_N_io_cycle_count
2025-12-30 15:42:05,173 [ERROR] KeyboardInterrupt
2025-12-30 15:42:05,174 [ERROR] Traceback (most recent call last):
2025-12-30 15:42:04,997 [ERROR] Process Process-162:
2025-12-30 15:42:04,998 [ERROR] Traceback (most recent call last):
2025-12-30 15:42:04,998 [ERROR] Traceback (most recent call last):
2025-12-30 15:42:05,179 [ERROR]   File "/home/william/miniconda3/envs/llmcompass/lib/python3.9/multiprocessing/process.py", line 315, in _bootstrap
    self.run()
2025-12-30 15:42:05,179 [ERROR]   File "/home/william/miniconda3/envs/llmcompass/lib/python3.9/multiprocessing/process.py", line 315, in _bootstrap
    self.run()
2025-12-30 15:42:05,179 [ERROR]   File "/home/william/miniconda3/envs/llmcompass/lib/python3.9/multiprocessing/process.py", line 108, in run
    self._target(*self._args, **self._kwargs)
2025-12-30 15:42:05,179 [ERROR]   File "/home/william/LLMCompass_GoldData/ae/figure8/change_memory_bw.py", line 103, in test_memory_bandwidth
    auto_regression_latency_simulated = model_auto_regression.compile_and_simulate(
2025-12-30 15:42:05,179 [ERROR]   File "/home/william/miniconda3/envs/llmcompass/lib/python3.9/multiprocessing/process.py", line 108, in run
    self._target(*self._args, **self._kwargs)
2025-12-30 15:42:05,179 [ERROR]   File "/home/william/LLMCompass_GoldData/software_model/transformer.py", line 558, in compile_and_simulate
    self.Q_proj.compile_and_simulate(pcb, compile_mode)
2025-12-30 15:42:05,179 [ERROR]   File "/home/william/LLMCompass_GoldData/ae/figure8/change_memory_bw.py", line 103, in test_memory_bandwidth
    auto_regression_latency_simulated = model_auto_regression.compile_and_simulate(
2025-12-30 15:42:05,179 [ERROR]   File "/home/william/LLMCompass_GoldData/software_model/transformer.py", line 573, in compile_and_simulate
    self.H_matmul0.compile_and_simulate(pcb, compile_mode)
2025-12-30 15:42:05,179 [ERROR]   File "/home/william/LLMCompass_GoldData/software_model/matmul.py", line 583, in compile_and_simulate
    cycle_count = self.simulate(
2025-12-30 15:42:05,179 [ERROR]   File "/home/william/LLMCompass_GoldData/software_model/matmul.py", line 583, in compile_and_simulate
    cycle_count = self.simulate(
2025-12-30 15:42:05,179 [ERROR]   File "/home/william/LLMCompass_GoldData/software_model/matmul.py", line 914, in simulate
    l2_tile = l2_tiles[m, n, k]
2025-12-30 15:42:05,179 [ERROR]   File "/home/william/LLMCompass_GoldData/software_model/matmul.py", line 914, in simulate
    l2_tile = l2_tiles[m, n, k]
2025-12-30 15:42:05,179 [ERROR] KeyboardInterrupt
2025-12-30 15:42:05,179 [ERROR] KeyboardInterrupt
2025-12-30 15:42:04,998 [ERROR] Traceback (most recent call last):
2025-12-30 15:42:04,998 [ERROR] Traceback (most recent call last):
2025-12-30 15:42:04,998 [ERROR] Process Process-317:
2025-12-30 15:42:05,180 [ERROR]   File "/home/william/miniconda3/envs/llmcompass/lib/python3.9/multiprocessing/process.py", line 315, in _bootstrap
    self.run()
2025-12-30 15:42:05,180 [ERROR]   File "/home/william/miniconda3/envs/llmcompass/lib/python3.9/multiprocessing/process.py", line 108, in run
    self._target(*self._args, **self._kwargs)
2025-12-30 15:42:05,180 [ERROR]   File "/home/william/LLMCompass_GoldData/ae/figure8/change_memory_bw.py", line 103, in test_memory_bandwidth
    auto_regression_latency_simulated = model_auto_regression.compile_and_simulate(
2025-12-30 15:42:05,180 [ERROR]   File "/home/william/LLMCompass_GoldData/software_model/transformer.py", line 558, in compile_and_simulate
    self.Q_proj.compile_and_simulate(pcb, compile_mode)
2025-12-30 15:42:05,180 [ERROR]   File "/home/william/LLMCompass_GoldData/software_model/matmul.py", line 583, in compile_and_simulate
    cycle_count = self.simulate(
2025-12-30 15:42:05,180 [ERROR]   File "/home/william/miniconda3/envs/llmcompass/lib/python3.9/multiprocessing/process.py", line 315, in _bootstrap
    self.run()
2025-12-30 15:42:05,180 [ERROR]   File "/home/william/LLMCompass_GoldData/software_model/matmul.py", line 826, in simulate
    l2_tiles[-1, :N_l2_t, :K_l2_t] = self.L2TileSimulator(
2025-12-30 15:42:05,180 [ERROR]   File "/home/william/LLMCompass_GoldData/software_model/matmul.py", line 1005, in __init__
    self.compute_cycle_count = self.simulate_l2_tile_compute_cycle_count(
2025-12-30 15:42:05,180 [ERROR]   File "/home/william/miniconda3/envs/llmcompass/lib/python3.9/multiprocessing/process.py", line 108, in run
    self._target(*self._args, **self._kwargs)
2025-12-30 15:42:05,180 [ERROR]   File "/home/william/LLMCompass_GoldData/software_model/matmul.py", line 1213, in simulate_l2_tile_compute_cycle_count
    current_batch_Read_M_K[temp_m, temp_k] = 1
2025-12-30 15:42:05,180 [ERROR]   File "/home/william/LLMCompass_GoldData/ae/figure8/change_memory_bw.py", line 103, in test_memory_bandwidth
    auto_regression_latency_simulated = model_auto_regression.compile_and_simulate(
2025-12-30 15:42:05,180 [ERROR] KeyboardInterrupt
2025-12-30 15:42:05,180 [ERROR]   File "/home/william/LLMCompass_GoldData/software_model/transformer.py", line 573, in compile_and_simulate
    self.H_matmul0.compile_and_simulate(pcb, compile_mode)
2025-12-30 15:42:05,180 [ERROR]   File "/home/william/LLMCompass_GoldData/software_model/matmul.py", line 583, in compile_and_simulate
    cycle_count = self.simulate(
2025-12-30 15:42:05,180 [ERROR]   File "/home/william/LLMCompass_GoldData/software_model/matmul.py", line 826, in simulate
    l2_tiles[-1, :N_l2_t, :K_l2_t] = self.L2TileSimulator(
2025-12-30 15:42:05,180 [ERROR]   File "/home/william/LLMCompass_GoldData/software_model/matmul.py", line 1005, in __init__
    self.compute_cycle_count = self.simulate_l2_tile_compute_cycle_count(
2025-12-30 15:42:04,998 [ERROR] Traceback (most recent call last):
2025-12-30 15:42:05,180 [ERROR]   File "/home/william/LLMCompass_GoldData/software_model/matmul.py", line 1182, in simulate_l2_tile_compute_cycle_count
    active_l1_tile_list.append((m, n, k, l1_tiles[m, n, k]))
2025-12-30 15:42:05,142 [ERROR] Traceback (most recent call last):
2025-12-30 15:42:05,180 [ERROR] KeyboardInterrupt
2025-12-30 15:42:05,180 [ERROR]   File "/home/william/miniconda3/envs/llmcompass/lib/python3.9/multiprocessing/process.py", line 315, in _bootstrap
    self.run()
2025-12-30 15:42:05,180 [ERROR]   File "/home/william/miniconda3/envs/llmcompass/lib/python3.9/multiprocessing/process.py", line 108, in run
    self._target(*self._args, **self._kwargs)
2025-12-30 15:42:05,180 [ERROR]   File "/home/william/miniconda3/envs/llmcompass/lib/python3.9/multiprocessing/process.py", line 315, in _bootstrap
    self.run()
2025-12-30 15:42:05,180 [ERROR]   File "/home/william/LLMCompass_GoldData/ae/figure8/change_memory_bw.py", line 103, in test_memory_bandwidth
    auto_regression_latency_simulated = model_auto_regression.compile_and_simulate(
2025-12-30 15:42:05,180 [ERROR] Traceback (most recent call last):
2025-12-30 15:42:05,180 [ERROR]   File "/home/william/miniconda3/envs/llmcompass/lib/python3.9/multiprocessing/process.py", line 108, in run
    self._target(*self._args, **self._kwargs)
2025-12-30 15:42:05,180 [ERROR]   File "/home/william/LLMCompass_GoldData/software_model/transformer.py", line 578, in compile_and_simulate
    self.H_matmul1.compile_and_simulate(pcb, compile_mode)
2025-12-30 15:42:05,180 [ERROR]   File "/home/william/LLMCompass_GoldData/software_model/matmul.py", line 583, in compile_and_simulate
    cycle_count = self.simulate(
2025-12-30 15:42:05,180 [ERROR]   File "/home/william/LLMCompass_GoldData/ae/figure8/change_memory_bw.py", line 103, in test_memory_bandwidth
    auto_regression_latency_simulated = model_auto_regression.compile_and_simulate(
2025-12-30 15:42:05,180 [ERROR]   File "/home/william/LLMCompass_GoldData/software_model/matmul.py", line 826, in simulate
    l2_tiles[-1, :N_l2_t, :K_l2_t] = self.L2TileSimulator(
2025-12-30 15:42:05,180 [ERROR]   File "/home/william/miniconda3/envs/llmcompass/lib/python3.9/multiprocessing/process.py", line 315, in _bootstrap
    self.run()
2025-12-30 15:42:05,180 [ERROR]   File "/home/william/LLMCompass_GoldData/software_model/transformer.py", line 573, in compile_and_simulate
    self.H_matmul0.compile_and_simulate(pcb, compile_mode)
2025-12-30 15:42:05,180 [ERROR]   File "/home/william/LLMCompass_GoldData/software_model/matmul.py", line 1005, in __init__
    self.compute_cycle_count = self.simulate_l2_tile_compute_cycle_count(
2025-12-30 15:42:05,180 [ERROR]   File "/home/william/miniconda3/envs/llmcompass/lib/python3.9/multiprocessing/process.py", line 108, in run
    self._target(*self._args, **self._kwargs)
2025-12-30 15:42:05,180 [ERROR]   File "/home/william/LLMCompass_GoldData/software_model/matmul.py", line 583, in compile_and_simulate
    cycle_count = self.simulate(
2025-12-30 15:42:05,180 [ERROR]   File "/home/william/LLMCompass_GoldData/software_model/matmul.py", line 1279, in simulate_l2_tile_compute_cycle_count
    previous_batch_Read_M_N = copy.deepcopy(current_batch_Read_M_N)
2025-12-30 15:42:05,180 [ERROR]   File "/home/william/LLMCompass_GoldData/ae/figure8/change_memory_bw.py", line 103, in test_memory_bandwidth
    auto_regression_latency_simulated = model_auto_regression.compile_and_simulate(
2025-12-30 15:42:05,180 [ERROR]   File "/home/william/miniconda3/envs/llmcompass/lib/python3.9/copy.py", line 153, in deepcopy
    y = copier(memo)
2025-12-30 15:42:05,180 [ERROR]   File "/home/william/LLMCompass_GoldData/software_model/matmul.py", line 826, in simulate
    l2_tiles[-1, :N_l2_t, :K_l2_t] = self.L2TileSimulator(
2025-12-30 15:42:05,180 [ERROR]   File "/home/william/LLMCompass_GoldData/software_model/transformer.py", line 573, in compile_and_simulate
    self.H_matmul0.compile_and_simulate(pcb, compile_mode)
2025-12-30 15:42:05,180 [ERROR]   File "/home/william/LLMCompass_GoldData/software_model/matmul.py", line 1005, in __init__
    self.compute_cycle_count = self.simulate_l2_tile_compute_cycle_count(
2025-12-30 15:42:05,180 [ERROR] KeyboardInterrupt
2025-12-30 15:42:05,180 [ERROR]   File "/home/william/LLMCompass_GoldData/software_model/matmul.py", line 583, in compile_and_simulate
    cycle_count = self.simulate(
2025-12-30 15:42:05,180 [ERROR]   File "/home/william/LLMCompass_GoldData/software_model/matmul.py", line 1218, in simulate_l2_tile_compute_cycle_count
    if temp_k > 0:
2025-12-30 15:42:05,180 [ERROR]   File "/home/william/LLMCompass_GoldData/software_model/matmul.py", line 943, in simulate
    max(
2025-12-30 15:42:05,180 [ERROR] KeyboardInterrupt
2025-12-30 15:42:05,180 [ERROR] KeyboardInterrupt
2025-12-30 15:42:04,998 [ERROR] Traceback (most recent call last):
2025-12-30 15:42:05,181 [ERROR]   File "/home/william/miniconda3/envs/llmcompass/lib/python3.9/multiprocessing/process.py", line 315, in _bootstrap
    self.run()
2025-12-30 15:42:05,181 [ERROR]   File "/home/william/miniconda3/envs/llmcompass/lib/python3.9/multiprocessing/process.py", line 108, in run
    self._target(*self._args, **self._kwargs)
2025-12-30 15:42:05,181 [ERROR]   File "/home/william/LLMCompass_GoldData/ae/figure8/change_memory_bw.py", line 103, in test_memory_bandwidth
    auto_regression_latency_simulated = model_auto_regression.compile_and_simulate(
2025-12-30 15:42:05,181 [ERROR]   File "/home/william/LLMCompass_GoldData/software_model/transformer.py", line 578, in compile_and_simulate
    self.H_matmul1.compile_and_simulate(pcb, compile_mode)
2025-12-30 15:42:05,181 [ERROR]   File "/home/william/LLMCompass_GoldData/software_model/matmul.py", line 583, in compile_and_simulate
    cycle_count = self.simulate(
2025-12-30 15:42:05,181 [ERROR]   File "/home/william/LLMCompass_GoldData/software_model/matmul.py", line 905, in simulate
    for m, n, k in self.generate_tile_loops(
2025-12-30 15:42:05,181 [ERROR]   File "/home/william/LLMCompass_GoldData/software_model/matmul.py", line 198, in generate_tile_loops
    for m in range(loop_M):
2025-12-30 15:42:05,181 [ERROR] KeyboardInterrupt
2025-12-30 15:42:04,998 [ERROR] Traceback (most recent call last):
2025-12-30 15:42:05,182 [ERROR]   File "/home/william/miniconda3/envs/llmcompass/lib/python3.9/multiprocessing/process.py", line 315, in _bootstrap
    self.run()
2025-12-30 15:42:05,182 [ERROR]   File "/home/william/miniconda3/envs/llmcompass/lib/python3.9/multiprocessing/process.py", line 108, in run
    self._target(*self._args, **self._kwargs)
2025-12-30 15:42:05,182 [ERROR]   File "/home/william/LLMCompass_GoldData/ae/figure8/change_memory_bw.py", line 103, in test_memory_bandwidth
    auto_regression_latency_simulated = model_auto_regression.compile_and_simulate(
2025-12-30 15:42:05,182 [ERROR]   File "/home/william/LLMCompass_GoldData/software_model/transformer.py", line 583, in compile_and_simulate
    self.H_matmul2.compile_and_simulate(pcb, compile_mode)
2025-12-30 15:42:05,182 [ERROR]   File "/home/william/LLMCompass_GoldData/software_model/matmul.py", line 583, in compile_and_simulate
    cycle_count = self.simulate(
2025-12-30 15:42:05,182 [ERROR]   File "/home/william/LLMCompass_GoldData/software_model/matmul.py", line 914, in simulate
    l2_tile = l2_tiles[m, n, k]
2025-12-30 15:42:05,182 [ERROR] KeyboardInterrupt
2025-12-30 15:42:05,182 [ERROR] Traceback (most recent call last):
2025-12-30 15:42:05,183 [ERROR]   File "/home/william/miniconda3/envs/llmcompass/lib/python3.9/multiprocessing/process.py", line 315, in _bootstrap
    self.run()
2025-12-30 15:42:05,183 [ERROR]   File "/home/william/miniconda3/envs/llmcompass/lib/python3.9/multiprocessing/process.py", line 108, in run
    self._target(*self._args, **self._kwargs)
2025-12-30 15:42:05,183 [ERROR]   File "/home/william/LLMCompass_GoldData/ae/figure8/change_memory_bw.py", line 103, in test_memory_bandwidth
    auto_regression_latency_simulated = model_auto_regression.compile_and_simulate(
2025-12-30 15:42:05,183 [ERROR]   File "/home/william/LLMCompass_GoldData/software_model/transformer.py", line 578, in compile_and_simulate
    self.H_matmul1.compile_and_simulate(pcb, compile_mode)
2025-12-30 15:42:05,183 [ERROR]   File "/home/william/LLMCompass_GoldData/software_model/matmul.py", line 583, in compile_and_simulate
    cycle_count = self.simulate(
2025-12-30 15:42:05,183 [ERROR]   File "/home/william/LLMCompass_GoldData/software_model/matmul.py", line 957, in simulate
    previous_k = k
2025-12-30 15:42:05,183 [ERROR] KeyboardInterrupt
2025-12-30 15:42:04,998 [ERROR] Traceback (most recent call last):
2025-12-30 15:42:05,185 [ERROR]   File "/home/william/miniconda3/envs/llmcompass/lib/python3.9/multiprocessing/process.py", line 315, in _bootstrap
    self.run()
2025-12-30 15:42:05,185 [ERROR]   File "/home/william/miniconda3/envs/llmcompass/lib/python3.9/multiprocessing/process.py", line 108, in run
    self._target(*self._args, **self._kwargs)
2025-12-30 15:42:05,185 [ERROR]   File "/home/william/LLMCompass_GoldData/ae/figure8/change_memory_bw.py", line 103, in test_memory_bandwidth
    auto_regression_latency_simulated = model_auto_regression.compile_and_simulate(
2025-12-30 15:42:05,185 [ERROR]   File "/home/william/LLMCompass_GoldData/software_model/transformer.py", line 573, in compile_and_simulate
    self.H_matmul0.compile_and_simulate(pcb, compile_mode)
2025-12-30 15:42:05,185 [ERROR]   File "/home/william/LLMCompass_GoldData/software_model/matmul.py", line 583, in compile_and_simulate
    cycle_count = self.simulate(
2025-12-30 15:42:05,185 [ERROR]   File "/home/william/LLMCompass_GoldData/software_model/matmul.py", line 918, in simulate
    if m == previous_m and k == previous_k:
2025-12-30 15:42:05,185 [ERROR] KeyboardInterrupt
2025-12-30 15:42:04,998 [ERROR] Traceback (most recent call last):
2025-12-30 15:42:04,997 [ERROR] Process Process-18:
2025-12-30 15:42:04,998 [ERROR] Traceback (most recent call last):
2025-12-30 15:42:05,186 [ERROR]   File "/home/william/miniconda3/envs/llmcompass/lib/python3.9/multiprocessing/process.py", line 315, in _bootstrap
    self.run()
2025-12-30 15:42:05,186 [ERROR]   File "/home/william/miniconda3/envs/llmcompass/lib/python3.9/multiprocessing/process.py", line 108, in run
    self._target(*self._args, **self._kwargs)
2025-12-30 15:42:05,186 [ERROR]   File "/home/william/miniconda3/envs/llmcompass/lib/python3.9/multiprocessing/process.py", line 315, in _bootstrap
    self.run()
2025-12-30 15:42:05,186 [ERROR]   File "/home/william/LLMCompass_GoldData/ae/figure8/change_memory_bw.py", line 103, in test_memory_bandwidth
    auto_regression_latency_simulated = model_auto_regression.compile_and_simulate(
2025-12-30 15:42:05,186 [ERROR]   File "/home/william/LLMCompass_GoldData/software_model/transformer.py", line 573, in compile_and_simulate
    self.H_matmul0.compile_and_simulate(pcb, compile_mode)
2025-12-30 15:42:05,186 [ERROR]   File "/home/william/LLMCompass_GoldData/software_model/matmul.py", line 583, in compile_and_simulate
    cycle_count = self.simulate(
2025-12-30 15:42:05,186 [ERROR]   File "/home/william/miniconda3/envs/llmcompass/lib/python3.9/multiprocessing/process.py", line 108, in run
    self._target(*self._args, **self._kwargs)
2025-12-30 15:42:05,186 [ERROR]   File "/home/william/LLMCompass_GoldData/software_model/matmul.py", line 905, in simulate
    for m, n, k in self.generate_tile_loops(
2025-12-30 15:42:05,186 [ERROR]   File "/home/william/LLMCompass_GoldData/ae/figure8/change_memory_bw.py", line 103, in test_memory_bandwidth
    auto_regression_latency_simulated = model_auto_regression.compile_and_simulate(
2025-12-30 15:42:05,186 [ERROR]   File "/home/william/LLMCompass_GoldData/software_model/matmul.py", line 198, in generate_tile_loops
    for m in range(loop_M):
2025-12-30 15:42:05,186 [ERROR]   File "/home/william/LLMCompass_GoldData/software_model/transformer.py", line 573, in compile_and_simulate
    self.H_matmul0.compile_and_simulate(pcb, compile_mode)
2025-12-30 15:42:05,186 [ERROR] KeyboardInterrupt
2025-12-30 15:42:05,186 [ERROR]   File "/home/william/LLMCompass_GoldData/software_model/matmul.py", line 583, in compile_and_simulate
    cycle_count = self.simulate(
2025-12-30 15:42:05,186 [ERROR]   File "/home/william/LLMCompass_GoldData/software_model/matmul.py", line 919, in simulate
    current_tile_read_cycle_count = l2_tile.K_N_io_cycle_count
2025-12-30 15:42:05,186 [ERROR] KeyboardInterrupt
2025-12-30 15:42:04,998 [ERROR] Traceback (most recent call last):
2025-12-30 15:42:05,186 [ERROR] Traceback (most recent call last):
2025-12-30 15:42:05,186 [ERROR]   File "/home/william/miniconda3/envs/llmcompass/lib/python3.9/multiprocessing/process.py", line 315, in _bootstrap
    self.run()
2025-12-30 15:42:05,187 [ERROR]   File "/home/william/miniconda3/envs/llmcompass/lib/python3.9/multiprocessing/process.py", line 108, in run
    self._target(*self._args, **self._kwargs)
2025-12-30 15:42:05,187 [ERROR]   File "/home/william/LLMCompass_GoldData/ae/figure8/change_memory_bw.py", line 103, in test_memory_bandwidth
    auto_regression_latency_simulated = model_auto_regression.compile_and_simulate(
2025-12-30 15:42:05,187 [ERROR]   File "/home/william/LLMCompass_GoldData/software_model/transformer.py", line 558, in compile_and_simulate
    self.Q_proj.compile_and_simulate(pcb, compile_mode)
2025-12-30 15:42:05,187 [ERROR]   File "/home/william/LLMCompass_GoldData/software_model/matmul.py", line 583, in compile_and_simulate
    cycle_count = self.simulate(
2025-12-30 15:42:05,187 [ERROR]   File "/home/william/LLMCompass_GoldData/software_model/matmul.py", line 914, in simulate
    l2_tile = l2_tiles[m, n, k]
2025-12-30 15:42:05,187 [ERROR] KeyboardInterrupt
2025-12-30 15:42:05,188 [ERROR] Traceback (most recent call last):
2025-12-30 15:42:05,188 [ERROR]   File "/home/william/miniconda3/envs/llmcompass/lib/python3.9/multiprocessing/process.py", line 315, in _bootstrap
    self.run()
2025-12-30 15:42:05,188 [ERROR]   File "/home/william/miniconda3/envs/llmcompass/lib/python3.9/multiprocessing/process.py", line 108, in run
    self._target(*self._args, **self._kwargs)
2025-12-30 15:42:05,188 [ERROR]   File "/home/william/LLMCompass_GoldData/ae/figure8/change_memory_bw.py", line 103, in test_memory_bandwidth
    auto_regression_latency_simulated = model_auto_regression.compile_and_simulate(
2025-12-30 15:42:05,188 [ERROR]   File "/home/william/LLMCompass_GoldData/software_model/transformer.py", line 558, in compile_and_simulate
    self.Q_proj.compile_and_simulate(pcb, compile_mode)
2025-12-30 15:42:05,188 [ERROR]   File "/home/william/LLMCompass_GoldData/software_model/matmul.py", line 583, in compile_and_simulate
    cycle_count = self.simulate(
2025-12-30 15:42:05,188 [ERROR]   File "/home/william/LLMCompass_GoldData/software_model/matmul.py", line 836, in simulate
    l2_tiles[:M_l2_t, -1, :K_l2_t] = self.L2TileSimulator(
2025-12-30 15:42:05,188 [ERROR]   File "/home/william/LLMCompass_GoldData/software_model/matmul.py", line 1005, in __init__
    self.compute_cycle_count = self.simulate_l2_tile_compute_cycle_count(
2025-12-30 15:42:05,188 [ERROR]   File "/home/william/LLMCompass_GoldData/software_model/matmul.py", line 1190, in simulate_l2_tile_compute_cycle_count
    len(active_l1_tile_list) < chiplet_module.compute_module.core_count
2025-12-30 15:42:05,188 [ERROR] KeyboardInterrupt
2025-12-30 15:42:04,998 [ERROR] Traceback (most recent call last):
2025-12-30 15:42:05,189 [ERROR]   File "/home/william/miniconda3/envs/llmcompass/lib/python3.9/multiprocessing/process.py", line 315, in _bootstrap
    self.run()
2025-12-30 15:42:05,189 [ERROR]   File "/home/william/miniconda3/envs/llmcompass/lib/python3.9/multiprocessing/process.py", line 108, in run
    self._target(*self._args, **self._kwargs)
2025-12-30 15:42:05,189 [ERROR]   File "/home/william/LLMCompass_GoldData/ae/figure8/change_memory_bw.py", line 103, in test_memory_bandwidth
    auto_regression_latency_simulated = model_auto_regression.compile_and_simulate(
2025-12-30 15:42:05,189 [ERROR]   File "/home/william/LLMCompass_GoldData/software_model/transformer.py", line 558, in compile_and_simulate
    self.Q_proj.compile_and_simulate(pcb, compile_mode)
2025-12-30 15:42:05,189 [ERROR]   File "/home/william/LLMCompass_GoldData/software_model/matmul.py", line 583, in compile_and_simulate
    cycle_count = self.simulate(
2025-12-30 15:42:05,189 [ERROR]   File "/home/william/LLMCompass_GoldData/software_model/matmul.py", line 836, in simulate
    l2_tiles[:M_l2_t, -1, :K_l2_t] = self.L2TileSimulator(
2025-12-30 15:42:05,189 [ERROR]   File "/home/william/LLMCompass_GoldData/software_model/matmul.py", line 1005, in __init__
    self.compute_cycle_count = self.simulate_l2_tile_compute_cycle_count(
2025-12-30 15:42:05,189 [ERROR]   File "/home/william/LLMCompass_GoldData/software_model/matmul.py", line 1184, in simulate_l2_tile_compute_cycle_count
    m == ceil(M / l1_tile_M) - 1
2025-12-30 15:42:05,189 [ERROR] KeyboardInterrupt
2025-12-30 15:42:04,998 [ERROR] Traceback (most recent call last):
2025-12-30 15:42:04,998 [ERROR] Traceback (most recent call last):
2025-12-30 15:42:04,998 [ERROR] Process Process-324:
2025-12-30 15:42:05,190 [ERROR]   File "/home/william/miniconda3/envs/llmcompass/lib/python3.9/multiprocessing/process.py", line 315, in _bootstrap
    self.run()
2025-12-30 15:42:05,190 [ERROR]   File "/home/william/miniconda3/envs/llmcompass/lib/python3.9/multiprocessing/process.py", line 315, in _bootstrap
    self.run()
2025-12-30 15:42:05,190 [ERROR]   File "/home/william/miniconda3/envs/llmcompass/lib/python3.9/multiprocessing/process.py", line 108, in run
    self._target(*self._args, **self._kwargs)
2025-12-30 15:42:05,190 [ERROR]   File "/home/william/LLMCompass_GoldData/ae/figure8/change_memory_bw.py", line 103, in test_memory_bandwidth
    auto_regression_latency_simulated = model_auto_regression.compile_and_simulate(
2025-12-30 15:42:05,190 [ERROR]   File "/home/william/miniconda3/envs/llmcompass/lib/python3.9/multiprocessing/process.py", line 108, in run
    self._target(*self._args, **self._kwargs)
2025-12-30 15:42:05,190 [ERROR]   File "/home/william/LLMCompass_GoldData/software_model/transformer.py", line 573, in compile_and_simulate
    self.H_matmul0.compile_and_simulate(pcb, compile_mode)
2025-12-30 15:42:05,190 [ERROR]   File "/home/william/LLMCompass_GoldData/ae/figure8/change_memory_bw.py", line 103, in test_memory_bandwidth
    auto_regression_latency_simulated = model_auto_regression.compile_and_simulate(
2025-12-30 15:42:05,190 [ERROR]   File "/home/william/LLMCompass_GoldData/software_model/matmul.py", line 583, in compile_and_simulate
    cycle_count = self.simulate(
2025-12-30 15:42:05,190 [ERROR]   File "/home/william/LLMCompass_GoldData/software_model/transformer.py", line 573, in compile_and_simulate
    self.H_matmul0.compile_and_simulate(pcb, compile_mode)
2025-12-30 15:42:05,190 [ERROR]   File "/home/william/LLMCompass_GoldData/software_model/matmul.py", line 938, in simulate
    previous_tile_write_cycle_count = previous_l2_tile.M_N_io_cycle_count
2025-12-30 15:42:05,190 [ERROR]   File "/home/william/LLMCompass_GoldData/software_model/matmul.py", line 583, in compile_and_simulate
    cycle_count = self.simulate(
2025-12-30 15:42:05,190 [ERROR] KeyboardInterrupt
2025-12-30 15:42:05,190 [ERROR]   File "/home/william/LLMCompass_GoldData/software_model/matmul.py", line 943, in simulate
    max(
2025-12-30 15:42:05,191 [ERROR] KeyboardInterrupt
2025-12-30 15:42:05,190 [ERROR] Traceback (most recent call last):
2025-12-30 15:42:05,191 [ERROR]   File "/home/william/miniconda3/envs/llmcompass/lib/python3.9/multiprocessing/process.py", line 315, in _bootstrap
    self.run()
2025-12-30 15:42:05,191 [ERROR]   File "/home/william/miniconda3/envs/llmcompass/lib/python3.9/multiprocessing/process.py", line 108, in run
    self._target(*self._args, **self._kwargs)
2025-12-30 15:42:05,191 [ERROR] Traceback (most recent call last):
2025-12-30 15:42:05,191 [ERROR]   File "/home/william/LLMCompass_GoldData/ae/figure8/change_memory_bw.py", line 103, in test_memory_bandwidth
    auto_regression_latency_simulated = model_auto_regression.compile_and_simulate(
2025-12-30 15:42:05,191 [ERROR]   File "/home/william/LLMCompass_GoldData/software_model/transformer.py", line 573, in compile_and_simulate
    self.H_matmul0.compile_and_simulate(pcb, compile_mode)
2025-12-30 15:42:05,191 [ERROR]   File "/home/william/LLMCompass_GoldData/software_model/matmul.py", line 583, in compile_and_simulate
    cycle_count = self.simulate(
2025-12-30 15:42:05,191 [ERROR]   File "/home/william/miniconda3/envs/llmcompass/lib/python3.9/multiprocessing/process.py", line 315, in _bootstrap
    self.run()
2025-12-30 15:42:05,191 [ERROR]   File "/home/william/LLMCompass_GoldData/software_model/matmul.py", line 943, in simulate
    max(
2025-12-30 15:42:05,191 [ERROR]   File "/home/william/miniconda3/envs/llmcompass/lib/python3.9/multiprocessing/process.py", line 108, in run
    self._target(*self._args, **self._kwargs)
2025-12-30 15:42:05,191 [ERROR] KeyboardInterrupt
2025-12-30 15:42:05,191 [ERROR]   File "/home/william/LLMCompass_GoldData/ae/figure8/change_memory_bw.py", line 103, in test_memory_bandwidth
    auto_regression_latency_simulated = model_auto_regression.compile_and_simulate(
2025-12-30 15:42:05,191 [ERROR]   File "/home/william/LLMCompass_GoldData/software_model/transformer.py", line 573, in compile_and_simulate
    self.H_matmul0.compile_and_simulate(pcb, compile_mode)
2025-12-30 15:42:05,191 [ERROR]   File "/home/william/LLMCompass_GoldData/software_model/matmul.py", line 583, in compile_and_simulate
    cycle_count = self.simulate(
2025-12-30 15:42:05,191 [ERROR]   File "/home/william/LLMCompass_GoldData/software_model/matmul.py", line 942, in simulate
    total_cycle_count += (
2025-12-30 15:42:05,191 [ERROR] KeyboardInterrupt
2025-12-30 15:42:04,999 [ERROR] Traceback (most recent call last):
2025-12-30 15:42:04,999 [ERROR] Traceback (most recent call last):
2025-12-30 15:42:05,192 [ERROR]   File "/home/william/miniconda3/envs/llmcompass/lib/python3.9/multiprocessing/process.py", line 315, in _bootstrap
    self.run()
2025-12-30 15:42:05,192 [ERROR]   File "/home/william/miniconda3/envs/llmcompass/lib/python3.9/multiprocessing/process.py", line 108, in run
    self._target(*self._args, **self._kwargs)
2025-12-30 15:42:05,192 [ERROR]   File "/home/william/LLMCompass_GoldData/ae/figure8/change_memory_bw.py", line 103, in test_memory_bandwidth
    auto_regression_latency_simulated = model_auto_regression.compile_and_simulate(
2025-12-30 15:42:05,192 [ERROR]   File "/home/william/LLMCompass_GoldData/software_model/transformer.py", line 573, in compile_and_simulate
    self.H_matmul0.compile_and_simulate(pcb, compile_mode)
2025-12-30 15:42:05,192 [ERROR]   File "/home/william/LLMCompass_GoldData/software_model/matmul.py", line 583, in compile_and_simulate
    cycle_count = self.simulate(
2025-12-30 15:42:05,192 [ERROR]   File "/home/william/LLMCompass_GoldData/software_model/matmul.py", line 941, in simulate
    if mapping.is_l2_double_buffering:  # pipelined
2025-12-30 15:42:05,192 [ERROR] KeyboardInterrupt
2025-12-30 15:42:05,192 [ERROR]   File "/home/william/miniconda3/envs/llmcompass/lib/python3.9/multiprocessing/process.py", line 315, in _bootstrap
    self.run()
2025-12-30 15:42:05,192 [ERROR]   File "/home/william/miniconda3/envs/llmcompass/lib/python3.9/multiprocessing/process.py", line 108, in run
    self._target(*self._args, **self._kwargs)
2025-12-30 15:42:05,192 [ERROR]   File "/home/william/LLMCompass_GoldData/ae/figure8/change_memory_bw.py", line 103, in test_memory_bandwidth
    auto_regression_latency_simulated = model_auto_regression.compile_and_simulate(
2025-12-30 15:42:05,192 [ERROR]   File "/home/william/LLMCompass_GoldData/software_model/transformer.py", line 558, in compile_and_simulate
    self.Q_proj.compile_and_simulate(pcb, compile_mode)
2025-12-30 15:42:05,192 [ERROR]   File "/home/william/LLMCompass_GoldData/software_model/matmul.py", line 583, in compile_and_simulate
    cycle_count = self.simulate(
2025-12-30 15:42:05,192 [ERROR]   File "/home/william/LLMCompass_GoldData/software_model/matmul.py", line 836, in simulate
    l2_tiles[:M_l2_t, -1, :K_l2_t] = self.L2TileSimulator(
2025-12-30 15:42:05,192 [ERROR]   File "/home/william/LLMCompass_GoldData/software_model/matmul.py", line 1005, in __init__
    self.compute_cycle_count = self.simulate_l2_tile_compute_cycle_count(
2025-12-30 15:42:05,192 [ERROR]   File "/home/william/LLMCompass_GoldData/software_model/matmul.py", line 1282, in simulate_l2_tile_compute_cycle_count
    active_l1_tile_list = []
2025-12-30 15:42:05,192 [ERROR] KeyboardInterrupt
2025-12-30 15:42:04,999 [ERROR] Traceback (most recent call last):
2025-12-30 15:42:04,998 [ERROR] Process Process-326:
2025-12-30 15:42:04,999 [ERROR] Traceback (most recent call last):
2025-12-30 15:42:05,193 [ERROR]   File "/home/william/miniconda3/envs/llmcompass/lib/python3.9/multiprocessing/process.py", line 315, in _bootstrap
    self.run()
2025-12-30 15:42:05,193 [ERROR]   File "/home/william/miniconda3/envs/llmcompass/lib/python3.9/multiprocessing/process.py", line 108, in run
    self._target(*self._args, **self._kwargs)
2025-12-30 15:42:04,998 [ERROR] Process Process-337:
2025-12-30 15:42:05,193 [ERROR]   File "/home/william/LLMCompass_GoldData/ae/figure8/change_memory_bw.py", line 103, in test_memory_bandwidth
    auto_regression_latency_simulated = model_auto_regression.compile_and_simulate(
2025-12-30 15:42:05,193 [ERROR]   File "/home/william/miniconda3/envs/llmcompass/lib/python3.9/multiprocessing/process.py", line 315, in _bootstrap
    self.run()
2025-12-30 15:42:05,193 [ERROR]   File "/home/william/LLMCompass_GoldData/software_model/transformer.py", line 578, in compile_and_simulate
    self.H_matmul1.compile_and_simulate(pcb, compile_mode)
2025-12-30 15:42:05,193 [ERROR]   File "/home/william/miniconda3/envs/llmcompass/lib/python3.9/multiprocessing/process.py", line 108, in run
    self._target(*self._args, **self._kwargs)
2025-12-30 15:42:05,193 [ERROR]   File "/home/william/LLMCompass_GoldData/software_model/matmul.py", line 583, in compile_and_simulate
    cycle_count = self.simulate(
2025-12-30 15:42:05,193 [ERROR]   File "/home/william/LLMCompass_GoldData/ae/figure8/change_memory_bw.py", line 103, in test_memory_bandwidth
    auto_regression_latency_simulated = model_auto_regression.compile_and_simulate(
2025-12-30 15:42:05,193 [ERROR]   File "/home/william/LLMCompass_GoldData/software_model/matmul.py", line 911, in simulate
    if m == 0 and n == 0 and k == 0:
2025-12-30 15:42:05,193 [ERROR]   File "/home/william/LLMCompass_GoldData/software_model/transformer.py", line 558, in compile_and_simulate
    self.Q_proj.compile_and_simulate(pcb, compile_mode)
2025-12-30 15:42:05,193 [ERROR] KeyboardInterrupt
2025-12-30 15:42:05,193 [ERROR]   File "/home/william/LLMCompass_GoldData/software_model/matmul.py", line 583, in compile_and_simulate
    cycle_count = self.simulate(
2025-12-30 15:42:05,193 [ERROR]   File "/home/william/LLMCompass_GoldData/software_model/matmul.py", line 915, in simulate
    previous_l2_tile = l2_tiles[previous_m, previous_n, previous_k]
2025-12-30 15:42:05,193 [ERROR] KeyboardInterrupt
2025-12-30 15:42:04,998 [ERROR] Process Process-282:
2025-12-30 15:42:05,193 [ERROR] Traceback (most recent call last):
2025-12-30 15:42:05,193 [ERROR]   File "/home/william/miniconda3/envs/llmcompass/lib/python3.9/multiprocessing/process.py", line 315, in _bootstrap
    self.run()
2025-12-30 15:42:05,193 [ERROR]   File "/home/william/miniconda3/envs/llmcompass/lib/python3.9/multiprocessing/process.py", line 108, in run
    self._target(*self._args, **self._kwargs)
2025-12-30 15:42:05,193 [ERROR]   File "/home/william/LLMCompass_GoldData/ae/figure8/change_memory_bw.py", line 103, in test_memory_bandwidth
    auto_regression_latency_simulated = model_auto_regression.compile_and_simulate(
2025-12-30 15:42:05,193 [ERROR]   File "/home/william/LLMCompass_GoldData/software_model/transformer.py", line 558, in compile_and_simulate
    self.Q_proj.compile_and_simulate(pcb, compile_mode)
2025-12-30 15:42:05,193 [ERROR]   File "/home/william/LLMCompass_GoldData/software_model/matmul.py", line 583, in compile_and_simulate
    cycle_count = self.simulate(
2025-12-30 15:42:05,193 [ERROR]   File "/home/william/LLMCompass_GoldData/software_model/matmul.py", line 918, in simulate
    if m == previous_m and k == previous_k:
2025-12-30 15:42:05,193 [ERROR] KeyboardInterrupt
2025-12-30 15:42:05,193 [ERROR] Traceback (most recent call last):
2025-12-30 15:42:05,194 [ERROR]   File "/home/william/miniconda3/envs/llmcompass/lib/python3.9/multiprocessing/process.py", line 315, in _bootstrap
    self.run()
2025-12-30 15:42:05,194 [ERROR]   File "/home/william/miniconda3/envs/llmcompass/lib/python3.9/multiprocessing/process.py", line 108, in run
    self._target(*self._args, **self._kwargs)
2025-12-30 15:42:04,998 [ERROR] Process Process-292:
2025-12-30 15:42:04,998 [ERROR] Process Process-365:
2025-12-30 15:42:05,194 [ERROR]   File "/home/william/LLMCompass_GoldData/ae/figure8/change_memory_bw.py", line 103, in test_memory_bandwidth
    auto_regression_latency_simulated = model_auto_regression.compile_and_simulate(
2025-12-30 15:42:04,998 [ERROR] Process Process-354:
2025-12-30 15:42:05,194 [ERROR]   File "/home/william/LLMCompass_GoldData/software_model/transformer.py", line 573, in compile_and_simulate
    self.H_matmul0.compile_and_simulate(pcb, compile_mode)
2025-12-30 15:42:05,194 [ERROR]   File "/home/william/LLMCompass_GoldData/software_model/matmul.py", line 583, in compile_and_simulate
    cycle_count = self.simulate(
2025-12-30 15:42:05,194 [ERROR]   File "/home/william/LLMCompass_GoldData/software_model/matmul.py", line 826, in simulate
    l2_tiles[-1, :N_l2_t, :K_l2_t] = self.L2TileSimulator(
2025-12-30 15:42:05,194 [ERROR]   File "/home/william/LLMCompass_GoldData/software_model/matmul.py", line 1005, in __init__
    self.compute_cycle_count = self.simulate_l2_tile_compute_cycle_count(
2025-12-30 15:42:05,194 [ERROR]   File "/home/william/LLMCompass_GoldData/software_model/matmul.py", line 1219, in simulate_l2_tile_compute_cycle_count
    temp_l1_tile_compute_cycle_count += ceil(
2025-12-30 15:42:05,194 [ERROR] KeyboardInterrupt
2025-12-30 15:42:05,194 [ERROR] Traceback (most recent call last):
2025-12-30 15:42:05,194 [ERROR]   File "/home/william/miniconda3/envs/llmcompass/lib/python3.9/multiprocessing/process.py", line 315, in _bootstrap
    self.run()
2025-12-30 15:42:05,194 [ERROR]   File "/home/william/miniconda3/envs/llmcompass/lib/python3.9/multiprocessing/process.py", line 108, in run
    self._target(*self._args, **self._kwargs)
2025-12-30 15:42:05,194 [ERROR]   File "/home/william/LLMCompass_GoldData/ae/figure8/change_memory_bw.py", line 103, in test_memory_bandwidth
    auto_regression_latency_simulated = model_auto_regression.compile_and_simulate(
2025-12-30 15:42:05,194 [ERROR]   File "/home/william/LLMCompass_GoldData/software_model/transformer.py", line 558, in compile_and_simulate
    self.Q_proj.compile_and_simulate(pcb, compile_mode)
2025-12-30 15:42:05,194 [ERROR]   File "/home/william/LLMCompass_GoldData/software_model/matmul.py", line 583, in compile_and_simulate
    cycle_count = self.simulate(
2025-12-30 15:42:05,194 [ERROR]   File "/home/william/LLMCompass_GoldData/software_model/matmul.py", line 926, in simulate
    if k > 0 and not (m == previous_m and n == previous_n):
2025-12-30 15:42:05,194 [ERROR] Traceback (most recent call last):
2025-12-30 15:42:05,194 [ERROR] KeyboardInterrupt
2025-12-30 15:42:05,194 [ERROR] Traceback (most recent call last):
2025-12-30 15:42:05,194 [ERROR] Traceback (most recent call last):
2025-12-30 15:42:05,194 [ERROR]   File "/home/william/miniconda3/envs/llmcompass/lib/python3.9/multiprocessing/process.py", line 315, in _bootstrap
    self.run()
2025-12-30 15:42:05,194 [ERROR]   File "/home/william/miniconda3/envs/llmcompass/lib/python3.9/multiprocessing/process.py", line 315, in _bootstrap
    self.run()
2025-12-30 15:42:05,194 [ERROR]   File "/home/william/miniconda3/envs/llmcompass/lib/python3.9/multiprocessing/process.py", line 108, in run
    self._target(*self._args, **self._kwargs)
2025-12-30 15:42:05,194 [ERROR]   File "/home/william/miniconda3/envs/llmcompass/lib/python3.9/multiprocessing/process.py", line 108, in run
    self._target(*self._args, **self._kwargs)
2025-12-30 15:42:05,194 [ERROR]   File "/home/william/miniconda3/envs/llmcompass/lib/python3.9/multiprocessing/process.py", line 315, in _bootstrap
    self.run()
2025-12-30 15:42:05,194 [ERROR]   File "/home/william/LLMCompass_GoldData/ae/figure8/change_memory_bw.py", line 103, in test_memory_bandwidth
    auto_regression_latency_simulated = model_auto_regression.compile_and_simulate(
2025-12-30 15:42:05,194 [ERROR]   File "/home/william/LLMCompass_GoldData/ae/figure8/change_memory_bw.py", line 103, in test_memory_bandwidth
    auto_regression_latency_simulated = model_auto_regression.compile_and_simulate(
2025-12-30 15:42:05,194 [ERROR]   File "/home/william/LLMCompass_GoldData/software_model/transformer.py", line 558, in compile_and_simulate
    self.Q_proj.compile_and_simulate(pcb, compile_mode)
2025-12-30 15:42:05,194 [ERROR]   File "/home/william/miniconda3/envs/llmcompass/lib/python3.9/multiprocessing/process.py", line 108, in run
    self._target(*self._args, **self._kwargs)
2025-12-30 15:42:05,194 [ERROR]   File "/home/william/LLMCompass_GoldData/software_model/matmul.py", line 583, in compile_and_simulate
    cycle_count = self.simulate(
2025-12-30 15:42:05,194 [ERROR]   File "/home/william/LLMCompass_GoldData/software_model/transformer.py", line 573, in compile_and_simulate
    self.H_matmul0.compile_and_simulate(pcb, compile_mode)
2025-12-30 15:42:05,195 [ERROR]   File "/home/william/LLMCompass_GoldData/software_model/matmul.py", line 826, in simulate
    l2_tiles[-1, :N_l2_t, :K_l2_t] = self.L2TileSimulator(
2025-12-30 15:42:05,195 [ERROR]   File "/home/william/LLMCompass_GoldData/software_model/matmul.py", line 583, in compile_and_simulate
    cycle_count = self.simulate(
2025-12-30 15:42:05,195 [ERROR]   File "/home/william/LLMCompass_GoldData/ae/figure8/change_memory_bw.py", line 103, in test_memory_bandwidth
    auto_regression_latency_simulated = model_auto_regression.compile_and_simulate(
2025-12-30 15:42:05,195 [ERROR]   File "/home/william/LLMCompass_GoldData/software_model/matmul.py", line 1005, in __init__
    self.compute_cycle_count = self.simulate_l2_tile_compute_cycle_count(
2025-12-30 15:42:05,195 [ERROR]   File "/home/william/LLMCompass_GoldData/software_model/matmul.py", line 957, in simulate
    previous_k = k
2025-12-30 15:42:05,195 [ERROR]   File "/home/william/LLMCompass_GoldData/software_model/matmul.py", line 1214, in simulate_l2_tile_compute_cycle_count
    current_batch_Read_K_N[temp_k, temp_n] = 1
2025-12-30 15:42:05,195 [ERROR]   File "/home/william/LLMCompass_GoldData/software_model/transformer.py", line 573, in compile_and_simulate
    self.H_matmul0.compile_and_simulate(pcb, compile_mode)
2025-12-30 15:42:05,195 [ERROR] KeyboardInterrupt
2025-12-30 15:42:05,195 [ERROR] KeyboardInterrupt
2025-12-30 15:42:05,000 [ERROR] Traceback (most recent call last):
2025-12-30 15:42:05,195 [ERROR]   File "/home/william/LLMCompass_GoldData/software_model/matmul.py", line 583, in compile_and_simulate
    cycle_count = self.simulate(
2025-12-30 15:42:05,195 [ERROR]   File "/home/william/LLMCompass_GoldData/software_model/matmul.py", line 914, in simulate
    l2_tile = l2_tiles[m, n, k]
2025-12-30 15:42:05,195 [ERROR] KeyboardInterrupt
2025-12-30 15:42:05,195 [ERROR]   File "/home/william/miniconda3/envs/llmcompass/lib/python3.9/multiprocessing/process.py", line 315, in _bootstrap
    self.run()
2025-12-30 15:42:05,195 [ERROR]   File "/home/william/miniconda3/envs/llmcompass/lib/python3.9/multiprocessing/process.py", line 108, in run
    self._target(*self._args, **self._kwargs)
2025-12-30 15:42:05,195 [ERROR]   File "/home/william/LLMCompass_GoldData/ae/figure8/change_memory_bw.py", line 103, in test_memory_bandwidth
    auto_regression_latency_simulated = model_auto_regression.compile_and_simulate(
2025-12-30 15:42:05,195 [ERROR]   File "/home/william/LLMCompass_GoldData/software_model/transformer.py", line 558, in compile_and_simulate
    self.Q_proj.compile_and_simulate(pcb, compile_mode)
2025-12-30 15:42:05,195 [ERROR]   File "/home/william/LLMCompass_GoldData/software_model/matmul.py", line 583, in compile_and_simulate
    cycle_count = self.simulate(
2025-12-30 15:42:05,195 [ERROR]   File "/home/william/LLMCompass_GoldData/software_model/matmul.py", line 915, in simulate
    previous_l2_tile = l2_tiles[previous_m, previous_n, previous_k]
2025-12-30 15:42:05,195 [ERROR] KeyboardInterrupt
2025-12-30 15:42:05,000 [ERROR]   File "/home/william/LLMCompass_GoldData/ae/figure8/change_memory_bw.py", line 103, in test_memory_bandwidth
    auto_regression_latency_simulated = model_auto_regression.compile_and_simulate(
2025-12-30 15:42:05,010 [ERROR]   File "/home/william/LLMCompass_GoldData/ae/figure8/change_memory_bw.py", line 103, in test_memory_bandwidth
    auto_regression_latency_simulated = model_auto_regression.compile_and_simulate(
2025-12-30 15:42:05,010 [ERROR] KeyboardInterrupt
2025-12-30 15:42:05,010 [ERROR] Traceback (most recent call last):
2025-12-30 15:42:05,010 [ERROR] Traceback (most recent call last):
2025-12-30 15:42:05,010 [ERROR] Traceback (most recent call last):
2025-12-30 15:42:05,196 [ERROR]   File "/home/william/LLMCompass_GoldData/software_model/transformer.py", line 573, in compile_and_simulate
    self.H_matmul0.compile_and_simulate(pcb, compile_mode)
2025-12-30 15:42:05,196 [ERROR]   File "/home/william/LLMCompass_GoldData/software_model/matmul.py", line 583, in compile_and_simulate
    cycle_count = self.simulate(
2025-12-30 15:42:05,196 [ERROR]   File "/home/william/LLMCompass_GoldData/software_model/transformer.py", line 573, in compile_and_simulate
    self.H_matmul0.compile_and_simulate(pcb, compile_mode)
2025-12-30 15:42:05,196 [ERROR]   File "/home/william/LLMCompass_GoldData/software_model/matmul.py", line 826, in simulate
    l2_tiles[-1, :N_l2_t, :K_l2_t] = self.L2TileSimulator(
2025-12-30 15:42:05,196 [ERROR]   File "/home/william/LLMCompass_GoldData/software_model/matmul.py", line 583, in compile_and_simulate
    cycle_count = self.simulate(
2025-12-30 15:42:05,196 [ERROR]   File "/home/william/LLMCompass_GoldData/software_model/matmul.py", line 1005, in __init__
    self.compute_cycle_count = self.simulate_l2_tile_compute_cycle_count(
2025-12-30 15:42:05,196 [ERROR]   File "/home/william/LLMCompass_GoldData/software_model/matmul.py", line 826, in simulate
    l2_tiles[-1, :N_l2_t, :K_l2_t] = self.L2TileSimulator(
2025-12-30 15:42:05,196 [ERROR]   File "/home/william/LLMCompass_GoldData/software_model/matmul.py", line 1058, in simulate_l2_tile_compute_cycle_count
    l1_tiles[-1, :N_l1_t, :K_l1_t] = Matmul.L1TileSimulator(
2025-12-30 15:42:05,196 [ERROR]   File "/home/william/LLMCompass_GoldData/software_model/matmul.py", line 1005, in __init__
    self.compute_cycle_count = self.simulate_l2_tile_compute_cycle_count(
2025-12-30 15:42:05,196 [ERROR]   File "/home/william/LLMCompass_GoldData/software_model/matmul.py", line 1308, in __init__
    self.compute_cycle_count = self.simulate_l1_tile_compute_cycle_count(
2025-12-30 15:42:05,196 [ERROR]   File "/home/william/miniconda3/envs/llmcompass/lib/python3.9/multiprocessing/process.py", line 315, in _bootstrap
    self.run()
2025-12-30 15:42:05,196 [ERROR]   File "/home/william/miniconda3/envs/llmcompass/lib/python3.9/multiprocessing/process.py", line 315, in _bootstrap
    self.run()
2025-12-30 15:42:05,196 [ERROR]   File "/home/william/miniconda3/envs/llmcompass/lib/python3.9/site-packages/pandas/core/dtypes/cast.py", line 578, in maybe_promote
    orig_is_nat = np.isnat(fill_value)
2025-12-30 15:42:05,196 [ERROR]   File "/home/william/LLMCompass_GoldData/software_model/matmul.py", line 1288, in simulate_l2_tile_compute_cycle_count
    / chiplet_module.compute_module.l2_bandwidth_per_cycle
2025-12-30 15:42:05,196 [ERROR]   File "/home/william/LLMCompass_GoldData/software_model/matmul.py", line 1338, in simulate_l1_tile_compute_cycle_count
    Matmul.simulate_systolic_array_cycle_count(
2025-12-30 15:42:05,196 [ERROR]   File "/home/william/LLMCompass_GoldData/software_model/matmul.py", line 1405, in simulate_systolic_array_cycle_count
    cycle_count = look_up_table.loc[
2025-12-30 15:42:05,196 [ERROR]   File "/home/william/miniconda3/envs/llmcompass/lib/python3.9/multiprocessing/process.py", line 108, in run
    self._target(*self._args, **self._kwargs)
2025-12-30 15:42:05,196 [ERROR] KeyboardInterrupt
2025-12-30 15:42:05,196 [ERROR] TypeError: ufunc 'isnat' is only defined for np.datetime64 and np.timedelta64.
2025-12-30 15:42:05,196 [ERROR]   File "/home/william/miniconda3/envs/llmcompass/lib/python3.9/site-packages/pandas/core/indexing.py", line 1185, in __getitem__
    return self._getitem_tuple(key)
2025-12-30 15:42:05,196 [ERROR]   File "/home/william/LLMCompass_GoldData/ae/figure8/change_memory_bw.py", line 103, in test_memory_bandwidth
    auto_regression_latency_simulated = model_auto_regression.compile_and_simulate(
2025-12-30 15:42:05,196 [ERROR]   File "/home/william/miniconda3/envs/llmcompass/lib/python3.9/site-packages/pandas/core/indexing.py", line 1369, in _getitem_tuple
    return self._getitem_lowerdim(tup)
2025-12-30 15:42:05,196 [ERROR]   File "/home/william/LLMCompass_GoldData/software_model/transformer.py", line 573, in compile_and_simulate
    self.H_matmul0.compile_and_simulate(pcb, compile_mode)
2025-12-30 15:42:05,196 [ERROR]   File "/home/william/miniconda3/envs/llmcompass/lib/python3.9/site-packages/pandas/core/indexing.py", line 1042, in _getitem_lowerdim
    return self._getitem_nested_tuple(tup)
2025-12-30 15:42:05,196 [ERROR]   File "/home/william/miniconda3/envs/llmcompass/lib/python3.9/site-packages/pandas/core/indexing.py", line 1154, in _getitem_nested_tuple
    obj = getattr(obj, self.name)._getitem_axis(key, axis=axis)
2025-12-30 15:42:05,196 [ERROR]   File "/home/william/LLMCompass_GoldData/software_model/matmul.py", line 583, in compile_and_simulate
    cycle_count = self.simulate(
2025-12-30 15:42:05,196 [ERROR]   File "/home/william/miniconda3/envs/llmcompass/lib/python3.9/site-packages/pandas/core/indexing.py", line 1400, in _getitem_axis
    if is_iterator(key):
2025-12-30 15:42:05,196 [ERROR]   File "/home/william/LLMCompass_GoldData/software_model/matmul.py", line 927, in simulate
    current_tile_read_cycle_count += l2_tile.M_N_io_cycle_count
2025-12-30 15:42:05,196 [ERROR]   File "/home/william/miniconda3/envs/llmcompass/lib/python3.9/multiprocessing/process.py", line 108, in run
    self._target(*self._args, **self._kwargs)
2025-12-30 15:42:05,196 [ERROR] KeyboardInterrupt
2025-12-30 15:42:05,196 [ERROR] KeyboardInterrupt
2025-12-30 15:42:05,196 [ERROR] 
During handling of the above exception, another exception occurred:
2025-12-30 15:42:05,196 [ERROR]   File "/home/william/LLMCompass_GoldData/ae/figure8/change_memory_bw.py", line 103, in test_memory_bandwidth
    auto_regression_latency_simulated = model_auto_regression.compile_and_simulate(
2025-12-30 15:42:05,196 [ERROR] Traceback (most recent call last):
2025-12-30 15:42:05,196 [ERROR]   File "/home/william/LLMCompass_GoldData/software_model/transformer.py", line 573, in compile_and_simulate
    self.H_matmul0.compile_and_simulate(pcb, compile_mode)
2025-12-30 15:42:05,196 [ERROR]   File "/home/william/LLMCompass_GoldData/software_model/matmul.py", line 583, in compile_and_simulate
    cycle_count = self.simulate(
2025-12-30 15:42:05,196 [ERROR]   File "/home/william/LLMCompass_GoldData/software_model/matmul.py", line 930, in simulate
    if k > 0:
2025-12-30 15:42:05,196 [ERROR]   File "/home/william/miniconda3/envs/llmcompass/lib/python3.9/multiprocessing/process.py", line 315, in _bootstrap
    self.run()
2025-12-30 15:42:05,196 [ERROR] KeyboardInterrupt
2025-12-30 15:42:05,196 [ERROR]   File "/home/william/miniconda3/envs/llmcompass/lib/python3.9/multiprocessing/process.py", line 108, in run
    self._target(*self._args, **self._kwargs)
2025-12-30 15:42:05,196 [ERROR]   File "/home/william/LLMCompass_GoldData/ae/figure8/change_memory_bw.py", line 103, in test_memory_bandwidth
    auto_regression_latency_simulated = model_auto_regression.compile_and_simulate(
2025-12-30 15:42:05,196 [ERROR]   File "/home/william/LLMCompass_GoldData/software_model/transformer.py", line 558, in compile_and_simulate
    self.Q_proj.compile_and_simulate(pcb, compile_mode)
2025-12-30 15:42:05,196 [ERROR]   File "/home/william/LLMCompass_GoldData/software_model/matmul.py", line 583, in compile_and_simulate
    cycle_count = self.simulate(
2025-12-30 15:42:05,196 [ERROR]   File "/home/william/LLMCompass_GoldData/software_model/matmul.py", line 763, in simulate
    self.look_up_table.drop_duplicates(
2025-12-30 15:42:05,196 [ERROR]   File "/home/william/miniconda3/envs/llmcompass/lib/python3.9/site-packages/pandas/core/frame.py", line 6840, in drop_duplicates
    result = self[-self.duplicated(subset, keep=keep)]
2025-12-30 15:42:05,196 [ERROR]   File "/home/william/miniconda3/envs/llmcompass/lib/python3.9/site-packages/pandas/core/frame.py", line 4104, in __getitem__
    return self._getitem_bool_array(key)
2025-12-30 15:42:05,196 [ERROR]   File "/home/william/miniconda3/envs/llmcompass/lib/python3.9/site-packages/pandas/core/frame.py", line 4166, in _getitem_bool_array
    return self._take_with_is_copy(indexer, axis=0)
2025-12-30 15:42:05,196 [ERROR]   File "/home/william/miniconda3/envs/llmcompass/lib/python3.9/site-packages/pandas/core/generic.py", line 4175, in _take_with_is_copy
    result = self.take(indices=indices, axis=axis)
2025-12-30 15:42:05,010 [ERROR] Process Process-47:
2025-12-30 15:42:05,197 [ERROR]   File "/home/william/miniconda3/envs/llmcompass/lib/python3.9/site-packages/pandas/core/generic.py", line 4155, in take
    new_data = self._mgr.take(
2025-12-30 15:42:05,197 [ERROR]   File "/home/william/miniconda3/envs/llmcompass/lib/python3.9/site-packages/pandas/core/internals/managers.py", line 913, in take
    return self.reindex_indexer(
2025-12-30 15:42:05,197 [ERROR]   File "/home/william/miniconda3/envs/llmcompass/lib/python3.9/site-packages/pandas/core/internals/managers.py", line 706, in reindex_indexer
    new_blocks = [
2025-12-30 15:42:05,197 [ERROR]   File "/home/william/miniconda3/envs/llmcompass/lib/python3.9/site-packages/pandas/core/internals/managers.py", line 707, in <listcomp>
    blk.take_nd(
2025-12-30 15:42:05,010 [ERROR] Process Process-42:
2025-12-30 15:42:05,197 [ERROR]   File "/home/william/miniconda3/envs/llmcompass/lib/python3.9/site-packages/pandas/core/internals/blocks.py", line 1373, in take_nd
    new_values = algos.take_nd(
2025-12-30 15:42:05,197 [ERROR]   File "/home/william/miniconda3/envs/llmcompass/lib/python3.9/site-packages/pandas/core/array_algos/take.py", line 117, in take_nd
    return _take_nd_ndarray(arr, indexer, axis, fill_value, allow_fill)
2025-12-30 15:42:05,197 [ERROR]   File "/home/william/miniconda3/envs/llmcompass/lib/python3.9/site-packages/pandas/core/array_algos/take.py", line 133, in _take_nd_ndarray
    dtype, fill_value, mask_info = _take_preprocess_indexer_and_fill_value(
2025-12-30 15:42:05,197 [ERROR]   File "/home/william/miniconda3/envs/llmcompass/lib/python3.9/site-packages/pandas/core/array_algos/take.py", line 579, in _take_preprocess_indexer_and_fill_value
    dtype, fill_value = maybe_promote(arr.dtype, fill_value)
2025-12-30 15:42:05,197 [ERROR]   File "/home/william/miniconda3/envs/llmcompass/lib/python3.9/site-packages/pandas/core/dtypes/cast.py", line 578, in maybe_promote
    orig_is_nat = np.isnat(fill_value)
2025-12-30 15:42:05,197 [ERROR] KeyboardInterrupt
2025-12-30 15:42:05,197 [ERROR] Traceback (most recent call last):
2025-12-30 15:42:05,197 [ERROR]   File "/home/william/miniconda3/envs/llmcompass/lib/python3.9/multiprocessing/process.py", line 315, in _bootstrap
    self.run()
2025-12-30 15:42:05,197 [ERROR]   File "/home/william/miniconda3/envs/llmcompass/lib/python3.9/multiprocessing/process.py", line 108, in run
    self._target(*self._args, **self._kwargs)
2025-12-30 15:42:05,197 [ERROR]   File "/home/william/LLMCompass_GoldData/ae/figure8/change_memory_bw.py", line 103, in test_memory_bandwidth
    auto_regression_latency_simulated = model_auto_regression.compile_and_simulate(
2025-12-30 15:42:05,197 [ERROR]   File "/home/william/LLMCompass_GoldData/software_model/transformer.py", line 558, in compile_and_simulate
    self.Q_proj.compile_and_simulate(pcb, compile_mode)
2025-12-30 15:42:05,197 [ERROR]   File "/home/william/LLMCompass_GoldData/software_model/matmul.py", line 583, in compile_and_simulate
    cycle_count = self.simulate(
2025-12-30 15:42:05,197 [ERROR]   File "/home/william/LLMCompass_GoldData/software_model/matmul.py", line 836, in simulate
    l2_tiles[:M_l2_t, -1, :K_l2_t] = self.L2TileSimulator(
2025-12-30 15:42:05,197 [ERROR]   File "/home/william/LLMCompass_GoldData/software_model/matmul.py", line 1005, in __init__
    self.compute_cycle_count = self.simulate_l2_tile_compute_cycle_count(
2025-12-30 15:42:05,197 [ERROR]   File "/home/william/LLMCompass_GoldData/software_model/matmul.py", line 1220, in simulate_l2_tile_compute_cycle_count
    temp_l1_tile.M
2025-12-30 15:42:05,197 [ERROR] KeyboardInterrupt
2025-12-30 15:42:05,197 [ERROR] Traceback (most recent call last):
2025-12-30 15:42:05,197 [ERROR]   File "/home/william/miniconda3/envs/llmcompass/lib/python3.9/multiprocessing/process.py", line 315, in _bootstrap
    self.run()
2025-12-30 15:42:05,198 [ERROR]   File "/home/william/miniconda3/envs/llmcompass/lib/python3.9/multiprocessing/process.py", line 108, in run
    self._target(*self._args, **self._kwargs)
2025-12-30 15:42:05,198 [ERROR]   File "/home/william/LLMCompass_GoldData/ae/figure8/change_memory_bw.py", line 103, in test_memory_bandwidth
    auto_regression_latency_simulated = model_auto_regression.compile_and_simulate(
2025-12-30 15:42:05,198 [ERROR]   File "/home/william/LLMCompass_GoldData/software_model/transformer.py", line 573, in compile_and_simulate
    self.H_matmul0.compile_and_simulate(pcb, compile_mode)
2025-12-30 15:42:05,198 [ERROR]   File "/home/william/LLMCompass_GoldData/software_model/matmul.py", line 583, in compile_and_simulate
    cycle_count = self.simulate(
2025-12-30 15:42:05,198 [ERROR]   File "/home/william/LLMCompass_GoldData/software_model/matmul.py", line 826, in simulate
    l2_tiles[-1, :N_l2_t, :K_l2_t] = self.L2TileSimulator(
2025-12-30 15:42:05,198 [ERROR]   File "/home/william/LLMCompass_GoldData/software_model/matmul.py", line 999, in __init__
    self.K_N_io_cycle_count = self.simulate_l2_tile_io_cycle_count(
2025-12-30 15:42:05,198 [ERROR]   File "/home/william/LLMCompass_GoldData/software_model/matmul.py", line 1017, in simulate_l2_tile_io_cycle_count
    chiplet_module.io_module.bandwidth
2025-12-30 15:42:05,198 [ERROR] KeyboardInterrupt
2025-12-30 15:42:05,010 [ERROR] Process Process-262:
2025-12-30 15:42:05,011 [ERROR] Process Process-245:
2025-12-30 15:42:05,199 [ERROR] Traceback (most recent call last):
2025-12-30 15:42:05,199 [ERROR]   File "/home/william/miniconda3/envs/llmcompass/lib/python3.9/multiprocessing/process.py", line 315, in _bootstrap
    self.run()
2025-12-30 15:42:05,199 [ERROR]   File "/home/william/miniconda3/envs/llmcompass/lib/python3.9/multiprocessing/process.py", line 108, in run
    self._target(*self._args, **self._kwargs)
2025-12-30 15:42:05,199 [ERROR]   File "/home/william/LLMCompass_GoldData/ae/figure8/change_memory_bw.py", line 103, in test_memory_bandwidth
    auto_regression_latency_simulated = model_auto_regression.compile_and_simulate(
2025-12-30 15:42:05,199 [ERROR]   File "/home/william/LLMCompass_GoldData/software_model/transformer.py", line 558, in compile_and_simulate
    self.Q_proj.compile_and_simulate(pcb, compile_mode)
2025-12-30 15:42:05,199 [ERROR]   File "/home/william/LLMCompass_GoldData/software_model/matmul.py", line 583, in compile_and_simulate
    cycle_count = self.simulate(
2025-12-30 15:42:05,199 [ERROR]   File "/home/william/LLMCompass_GoldData/software_model/matmul.py", line 846, in simulate
    l2_tiles[:M_l2_t, :N_l2_t, -1] = self.L2TileSimulator(
2025-12-30 15:42:05,199 [ERROR]   File "/home/william/LLMCompass_GoldData/software_model/matmul.py", line 1005, in __init__
    self.compute_cycle_count = self.simulate_l2_tile_compute_cycle_count(
2025-12-30 15:42:05,199 [ERROR]   File "/home/william/LLMCompass_GoldData/software_model/matmul.py", line 1182, in simulate_l2_tile_compute_cycle_count
    active_l1_tile_list.append((m, n, k, l1_tiles[m, n, k]))
2025-12-30 15:42:05,199 [ERROR] KeyboardInterrupt
2025-12-30 15:42:05,199 [ERROR] Traceback (most recent call last):
2025-12-30 15:42:05,199 [ERROR]   File "/home/william/miniconda3/envs/llmcompass/lib/python3.9/multiprocessing/process.py", line 315, in _bootstrap
    self.run()
2025-12-30 15:42:05,199 [ERROR]   File "/home/william/miniconda3/envs/llmcompass/lib/python3.9/multiprocessing/process.py", line 108, in run
    self._target(*self._args, **self._kwargs)
2025-12-30 15:42:05,199 [ERROR]   File "/home/william/LLMCompass_GoldData/ae/figure8/change_memory_bw.py", line 103, in test_memory_bandwidth
    auto_regression_latency_simulated = model_auto_regression.compile_and_simulate(
2025-12-30 15:42:05,199 [ERROR]   File "/home/william/LLMCompass_GoldData/software_model/transformer.py", line 573, in compile_and_simulate
    self.H_matmul0.compile_and_simulate(pcb, compile_mode)
2025-12-30 15:42:05,199 [ERROR]   File "/home/william/LLMCompass_GoldData/software_model/matmul.py", line 583, in compile_and_simulate
    cycle_count = self.simulate(
2025-12-30 15:42:05,199 [ERROR]   File "/home/william/LLMCompass_GoldData/software_model/matmul.py", line 911, in simulate
    if m == 0 and n == 0 and k == 0:
2025-12-30 15:42:05,199 [ERROR] KeyboardInterrupt
2025-12-30 15:42:04,996 [ERROR] Process Process-86:
2025-12-30 15:42:04,995 [ERROR] Process Process-235:
2025-12-30 15:42:05,011 [ERROR] Exception ignored in:
2025-12-30 15:42:05,011 [ERROR] Process Process-16:
2025-12-30 15:42:05,201 [ERROR] <function _releaseLock at 0x7220b04398b0>
2025-12-30 15:42:05,201 [ERROR] Traceback (most recent call last):
2025-12-30 15:42:05,201 [ERROR]   File "/home/william/miniconda3/envs/llmcompass/lib/python3.9/logging/__init__.py", line 227, in _releaseLock
2025-12-30 15:42:05,011 [ERROR] Process Process-304:
2025-12-30 15:42:05,011 [ERROR] Process Process-36:
2025-12-30 15:42:04,996 [ERROR] Process Process-225:
2025-12-30 15:42:05,202 [ERROR] def _releaseLock():
2025-12-30 15:42:05,202 [ERROR] KeyboardInterrupt
2025-12-30 15:42:05,202 [ERROR] :
2025-12-30 15:42:05,202 [ERROR] Traceback (most recent call last):
2025-12-30 15:42:05,202 [ERROR]   File "/home/william/miniconda3/envs/llmcompass/lib/python3.9/multiprocessing/process.py", line 315, in _bootstrap
    self.run()
2025-12-30 15:42:05,202 [ERROR]   File "/home/william/miniconda3/envs/llmcompass/lib/python3.9/multiprocessing/process.py", line 108, in run
    self._target(*self._args, **self._kwargs)
2025-12-30 15:42:05,202 [ERROR]   File "/home/william/LLMCompass_GoldData/ae/figure8/change_memory_bw.py", line 103, in test_memory_bandwidth
    auto_regression_latency_simulated = model_auto_regression.compile_and_simulate(
2025-12-30 15:42:05,202 [ERROR]   File "/home/william/LLMCompass_GoldData/software_model/transformer.py", line 583, in compile_and_simulate
    self.H_matmul2.compile_and_simulate(pcb, compile_mode)
2025-12-30 15:42:05,202 [ERROR]   File "/home/william/LLMCompass_GoldData/software_model/matmul.py", line 583, in compile_and_simulate
    cycle_count = self.simulate(
2025-12-30 15:42:05,202 [ERROR]   File "/home/william/LLMCompass_GoldData/software_model/matmul.py", line 905, in simulate
    for m, n, k in self.generate_tile_loops(
2025-12-30 15:42:05,202 [ERROR]   File "/home/william/LLMCompass_GoldData/software_model/matmul.py", line 199, in generate_tile_loops
    yield m, n, k
2025-12-30 15:42:05,202 [ERROR] KeyboardInterrupt
2025-12-30 15:42:05,011 [ERROR] Process Process-61:
2025-12-30 15:42:05,011 [ERROR] Process Process-157:
2025-12-30 15:42:05,013 [ERROR] Process Process-191:
2025-12-30 15:42:05,013 [ERROR] Process Process-38:
2025-12-30 15:42:05,204 [ERROR] Traceback (most recent call last):
2025-12-30 15:42:05,204 [ERROR]   File "/home/william/miniconda3/envs/llmcompass/lib/python3.9/multiprocessing/process.py", line 315, in _bootstrap
    self.run()
2025-12-30 15:42:05,204 [ERROR]   File "/home/william/miniconda3/envs/llmcompass/lib/python3.9/multiprocessing/process.py", line 108, in run
    self._target(*self._args, **self._kwargs)
2025-12-30 15:42:05,204 [ERROR]   File "/home/william/LLMCompass_GoldData/ae/figure8/change_memory_bw.py", line 103, in test_memory_bandwidth
    auto_regression_latency_simulated = model_auto_regression.compile_and_simulate(
2025-12-30 15:42:05,012 [ERROR] Process Process-243:
2025-12-30 15:42:05,205 [ERROR]   File "/home/william/LLMCompass_GoldData/software_model/transformer.py", line 558, in compile_and_simulate
    self.Q_proj.compile_and_simulate(pcb, compile_mode)
2025-12-30 15:42:05,205 [ERROR]   File "/home/william/LLMCompass_GoldData/software_model/matmul.py", line 583, in compile_and_simulate
    cycle_count = self.simulate(
2025-12-30 15:42:05,205 [ERROR]   File "/home/william/LLMCompass_GoldData/software_model/matmul.py", line 826, in simulate
    l2_tiles[-1, :N_l2_t, :K_l2_t] = self.L2TileSimulator(
2025-12-30 15:42:05,205 [ERROR]   File "/home/william/LLMCompass_GoldData/software_model/matmul.py", line 1005, in __init__
    self.compute_cycle_count = self.simulate_l2_tile_compute_cycle_count(
2025-12-30 15:42:05,205 [ERROR]   File "/home/william/LLMCompass_GoldData/software_model/matmul.py", line 1224, in simulate_l2_tile_compute_cycle_count
    current_batch_compute_cycle_count = max(
2025-12-30 15:42:05,205 [ERROR] KeyboardInterrupt
2025-12-30 15:42:04,998 [ERROR] Process Process-34:
2025-12-30 15:42:05,205 [ERROR] Traceback (most recent call last):
2025-12-30 15:42:05,205 [ERROR]   File "/home/william/miniconda3/envs/llmcompass/lib/python3.9/multiprocessing/process.py", line 315, in _bootstrap
    self.run()
2025-12-30 15:42:05,205 [ERROR]   File "/home/william/miniconda3/envs/llmcompass/lib/python3.9/multiprocessing/process.py", line 108, in run
    self._target(*self._args, **self._kwargs)
2025-12-30 15:42:05,205 [ERROR]   File "/home/william/LLMCompass_GoldData/ae/figure8/change_memory_bw.py", line 103, in test_memory_bandwidth
    auto_regression_latency_simulated = model_auto_regression.compile_and_simulate(
2025-12-30 15:42:05,205 [ERROR]   File "/home/william/LLMCompass_GoldData/software_model/transformer.py", line 583, in compile_and_simulate
    self.H_matmul2.compile_and_simulate(pcb, compile_mode)
2025-12-30 15:42:05,205 [ERROR]   File "/home/william/LLMCompass_GoldData/software_model/matmul.py", line 583, in compile_and_simulate
    cycle_count = self.simulate(
2025-12-30 15:42:05,205 [ERROR]   File "/home/william/LLMCompass_GoldData/software_model/matmul.py", line 826, in simulate
    l2_tiles[-1, :N_l2_t, :K_l2_t] = self.L2TileSimulator(
2025-12-30 15:42:05,205 [ERROR]   File "/home/william/LLMCompass_GoldData/software_model/matmul.py", line 1005, in __init__
    self.compute_cycle_count = self.simulate_l2_tile_compute_cycle_count(
2025-12-30 15:42:05,205 [ERROR]   File "/home/william/LLMCompass_GoldData/software_model/matmul.py", line 1235, in simulate_l2_tile_compute_cycle_count
    current_batch_K_N_read_count = np.sum(
2025-12-30 15:42:05,205 [ERROR]   File "/home/william/miniconda3/envs/llmcompass/lib/python3.9/site-packages/numpy/_core/fromnumeric.py", line 2389, in sum
    return _wrapreduction(
2025-12-30 15:42:05,205 [ERROR]   File "/home/william/miniconda3/envs/llmcompass/lib/python3.9/site-packages/numpy/_core/fromnumeric.py", line 86, in _wrapreduction
    return ufunc.reduce(obj, axis, dtype, out, **passkwargs)
2025-12-30 15:42:05,013 [ERROR] Process Process-186:
2025-12-30 15:42:05,205 [ERROR] KeyboardInterrupt
2025-12-30 15:42:04,994 [ERROR] Process Process-264:
2025-12-30 15:42:05,013 [ERROR] Process Process-283:
2025-12-30 15:42:05,128 [ERROR] Process Process-149:
2025-12-30 15:42:05,206 [ERROR] Traceback (most recent call last):
2025-12-30 15:42:05,206 [ERROR]   File "/home/william/miniconda3/envs/llmcompass/lib/python3.9/multiprocessing/process.py", line 315, in _bootstrap
    self.run()
2025-12-30 15:42:05,206 [ERROR]   File "/home/william/miniconda3/envs/llmcompass/lib/python3.9/multiprocessing/process.py", line 108, in run
    self._target(*self._args, **self._kwargs)
2025-12-30 15:42:05,206 [ERROR]   File "/home/william/LLMCompass_GoldData/ae/figure8/change_memory_bw.py", line 103, in test_memory_bandwidth
    auto_regression_latency_simulated = model_auto_regression.compile_and_simulate(
2025-12-30 15:42:05,206 [ERROR]   File "/home/william/LLMCompass_GoldData/software_model/transformer.py", line 558, in compile_and_simulate
    self.Q_proj.compile_and_simulate(pcb, compile_mode)
2025-12-30 15:42:05,206 [ERROR]   File "/home/william/LLMCompass_GoldData/software_model/matmul.py", line 583, in compile_and_simulate
    cycle_count = self.simulate(
2025-12-30 15:42:05,206 [ERROR]   File "/home/william/LLMCompass_GoldData/software_model/matmul.py", line 846, in simulate
    l2_tiles[:M_l2_t, :N_l2_t, -1] = self.L2TileSimulator(
2025-12-30 15:42:05,206 [ERROR]   File "/home/william/LLMCompass_GoldData/software_model/matmul.py", line 1005, in __init__
    self.compute_cycle_count = self.simulate_l2_tile_compute_cycle_count(
2025-12-30 15:42:05,206 [ERROR]   File "/home/william/LLMCompass_GoldData/software_model/matmul.py", line 1176, in simulate_l2_tile_compute_cycle_count
    for m, n, k in Matmul.generate_tile_loops(
2025-12-30 15:42:05,206 [ERROR]   File "/home/william/LLMCompass_GoldData/software_model/matmul.py", line 198, in generate_tile_loops
    for m in range(loop_M):
2025-12-30 15:42:05,206 [ERROR] KeyboardInterrupt
2025-12-30 15:42:05,206 [ERROR] Traceback (most recent call last):
2025-12-30 15:42:05,013 [ERROR] Process Process-250:
2025-12-30 15:42:05,207 [ERROR]   File "/home/william/miniconda3/envs/llmcompass/lib/python3.9/multiprocessing/process.py", line 315, in _bootstrap
    self.run()
2025-12-30 15:42:05,207 [ERROR]   File "/home/william/miniconda3/envs/llmcompass/lib/python3.9/multiprocessing/process.py", line 108, in run
    self._target(*self._args, **self._kwargs)
2025-12-30 15:42:05,207 [ERROR]   File "/home/william/LLMCompass_GoldData/ae/figure8/change_memory_bw.py", line 103, in test_memory_bandwidth
    auto_regression_latency_simulated = model_auto_regression.compile_and_simulate(
2025-12-30 15:42:05,207 [ERROR]   File "/home/william/LLMCompass_GoldData/software_model/transformer.py", line 583, in compile_and_simulate
    self.H_matmul2.compile_and_simulate(pcb, compile_mode)
2025-12-30 15:42:05,207 [ERROR]   File "/home/william/LLMCompass_GoldData/software_model/matmul.py", line 583, in compile_and_simulate
    cycle_count = self.simulate(
2025-12-30 15:42:05,207 [ERROR]   File "/home/william/LLMCompass_GoldData/software_model/matmul.py", line 926, in simulate
    if k > 0 and not (m == previous_m and n == previous_n):
2025-12-30 15:42:05,207 [ERROR] KeyboardInterrupt
2025-12-30 15:42:05,207 [ERROR] Traceback (most recent call last):
2025-12-30 15:42:05,207 [ERROR]   File "/home/william/miniconda3/envs/llmcompass/lib/python3.9/multiprocessing/process.py", line 315, in _bootstrap
    self.run()
2025-12-30 15:42:05,207 [ERROR]   File "/home/william/miniconda3/envs/llmcompass/lib/python3.9/multiprocessing/process.py", line 108, in run
    self._target(*self._args, **self._kwargs)
2025-12-30 15:42:05,207 [ERROR]   File "/home/william/LLMCompass_GoldData/ae/figure8/change_memory_bw.py", line 103, in test_memory_bandwidth
    auto_regression_latency_simulated = model_auto_regression.compile_and_simulate(
2025-12-30 15:42:05,013 [ERROR] Process Process-174:
2025-12-30 15:42:05,207 [ERROR]   File "/home/william/LLMCompass_GoldData/software_model/transformer.py", line 573, in compile_and_simulate
    self.H_matmul0.compile_and_simulate(pcb, compile_mode)
2025-12-30 15:42:05,208 [ERROR]   File "/home/william/LLMCompass_GoldData/software_model/matmul.py", line 583, in compile_and_simulate
    cycle_count = self.simulate(
2025-12-30 15:42:05,208 [ERROR]   File "/home/william/LLMCompass_GoldData/software_model/matmul.py", line 932, in simulate
    previous_l2_tile.K_reduction_cycle_count
2025-12-30 15:42:05,208 [ERROR] KeyboardInterrupt
2025-12-30 15:42:05,015 [ERROR] Traceback (most recent call last):
2025-12-30 15:42:05,209 [ERROR]   File "/home/william/miniconda3/envs/llmcompass/lib/python3.9/multiprocessing/process.py", line 315, in _bootstrap
    self.run()
2025-12-30 15:42:05,209 [ERROR]   File "/home/william/miniconda3/envs/llmcompass/lib/python3.9/multiprocessing/process.py", line 108, in run
    self._target(*self._args, **self._kwargs)
2025-12-30 15:42:05,209 [ERROR]   File "/home/william/LLMCompass_GoldData/ae/figure8/change_memory_bw.py", line 103, in test_memory_bandwidth
    auto_regression_latency_simulated = model_auto_regression.compile_and_simulate(
2025-12-30 15:42:05,209 [ERROR]   File "/home/william/LLMCompass_GoldData/software_model/transformer.py", line 578, in compile_and_simulate
    self.H_matmul1.compile_and_simulate(pcb, compile_mode)
2025-12-30 15:42:05,209 [ERROR]   File "/home/william/LLMCompass_GoldData/software_model/matmul.py", line 583, in compile_and_simulate
    cycle_count = self.simulate(
2025-12-30 15:42:05,209 [ERROR]   File "/home/william/LLMCompass_GoldData/software_model/matmul.py", line 943, in simulate
    max(
2025-12-30 15:42:05,209 [ERROR] KeyboardInterrupt
2025-12-30 15:42:05,014 [ERROR] Process Process-132:
2025-12-30 15:42:05,015 [ERROR] Process Process-72:
2025-12-30 15:42:05,011 [ERROR] Process Process-134:
2025-12-30 15:42:05,014 [ERROR] Process Process-226:
2025-12-30 15:42:05,016 [ERROR] Traceback (most recent call last):
2025-12-30 15:42:05,211 [ERROR]   File "/home/william/miniconda3/envs/llmcompass/lib/python3.9/multiprocessing/process.py", line 315, in _bootstrap
    self.run()
2025-12-30 15:42:05,211 [ERROR]   File "/home/william/miniconda3/envs/llmcompass/lib/python3.9/multiprocessing/process.py", line 108, in run
    self._target(*self._args, **self._kwargs)
2025-12-30 15:42:05,211 [ERROR]   File "/home/william/LLMCompass_GoldData/ae/figure8/change_memory_bw.py", line 103, in test_memory_bandwidth
    auto_regression_latency_simulated = model_auto_regression.compile_and_simulate(
2025-12-30 15:42:05,211 [ERROR]   File "/home/william/LLMCompass_GoldData/software_model/transformer.py", line 583, in compile_and_simulate
    self.H_matmul2.compile_and_simulate(pcb, compile_mode)
2025-12-30 15:42:05,211 [ERROR]   File "/home/william/LLMCompass_GoldData/software_model/matmul.py", line 583, in compile_and_simulate
    cycle_count = self.simulate(
2025-12-30 15:42:05,211 [ERROR]   File "/home/william/LLMCompass_GoldData/software_model/matmul.py", line 826, in simulate
    l2_tiles[-1, :N_l2_t, :K_l2_t] = self.L2TileSimulator(
2025-12-30 15:42:05,211 [ERROR]   File "/home/william/LLMCompass_GoldData/software_model/matmul.py", line 1005, in __init__
    self.compute_cycle_count = self.simulate_l2_tile_compute_cycle_count(
2025-12-30 15:42:05,211 [ERROR]   File "/home/william/LLMCompass_GoldData/software_model/matmul.py", line 1058, in simulate_l2_tile_compute_cycle_count
    l1_tiles[-1, :N_l1_t, :K_l1_t] = Matmul.L1TileSimulator(
2025-12-30 15:42:05,211 [ERROR]   File "/home/william/LLMCompass_GoldData/software_model/matmul.py", line 1308, in __init__
    self.compute_cycle_count = self.simulate_l1_tile_compute_cycle_count(
2025-12-30 15:42:05,211 [ERROR]   File "/home/william/LLMCompass_GoldData/software_model/matmul.py", line 1338, in simulate_l1_tile_compute_cycle_count
    Matmul.simulate_systolic_array_cycle_count(
2025-12-30 15:42:05,014 [ERROR] Process Process-178:
2025-12-30 15:42:05,211 [ERROR]   File "/home/william/LLMCompass_GoldData/software_model/matmul.py", line 1405, in simulate_systolic_array_cycle_count
    cycle_count = look_up_table.loc[
2025-12-30 15:42:05,016 [ERROR] Traceback (most recent call last):
2025-12-30 15:42:05,211 [ERROR]   File "/home/william/miniconda3/envs/llmcompass/lib/python3.9/site-packages/pandas/core/indexing.py", line 1185, in __getitem__
    return self._getitem_tuple(key)
2025-12-30 15:42:05,016 [ERROR] Process Process-177:
2025-12-30 15:42:05,211 [ERROR]   File "/home/william/miniconda3/envs/llmcompass/lib/python3.9/site-packages/pandas/core/indexing.py", line 1369, in _getitem_tuple
    return self._getitem_lowerdim(tup)
2025-12-30 15:42:05,211 [ERROR]   File "/home/william/miniconda3/envs/llmcompass/lib/python3.9/site-packages/pandas/core/indexing.py", line 1042, in _getitem_lowerdim
    return self._getitem_nested_tuple(tup)
2025-12-30 15:42:05,017 [ERROR] Process Process-197:
2025-12-30 15:42:05,211 [ERROR]   File "/home/william/miniconda3/envs/llmcompass/lib/python3.9/site-packages/pandas/core/indexing.py", line 1154, in _getitem_nested_tuple
    obj = getattr(obj, self.name)._getitem_axis(key, axis=axis)
2025-12-30 15:42:05,211 [ERROR]   File "/home/william/miniconda3/envs/llmcompass/lib/python3.9/site-packages/pandas/core/indexing.py", line 1405, in _getitem_axis
    labels = self.obj._get_axis(axis)
2025-12-30 15:42:05,211 [ERROR]   File "/home/william/miniconda3/envs/llmcompass/lib/python3.9/site-packages/pandas/core/generic.py", line 591, in _get_axis
    axis_number = self._get_axis_number(axis)
2025-12-30 15:42:05,211 [ERROR] KeyboardInterrupt
2025-12-30 15:42:05,211 [ERROR]   File "/home/william/miniconda3/envs/llmcompass/lib/python3.9/multiprocessing/process.py", line 315, in _bootstrap
    self.run()
2025-12-30 15:42:05,211 [ERROR]   File "/home/william/miniconda3/envs/llmcompass/lib/python3.9/multiprocessing/process.py", line 108, in run
    self._target(*self._args, **self._kwargs)
2025-12-30 15:42:05,211 [ERROR]   File "/home/william/LLMCompass_GoldData/ae/figure8/change_memory_bw.py", line 103, in test_memory_bandwidth
    auto_regression_latency_simulated = model_auto_regression.compile_and_simulate(
2025-12-30 15:42:05,211 [ERROR]   File "/home/william/LLMCompass_GoldData/software_model/transformer.py", line 573, in compile_and_simulate
    self.H_matmul0.compile_and_simulate(pcb, compile_mode)
2025-12-30 15:42:05,211 [ERROR]   File "/home/william/LLMCompass_GoldData/software_model/matmul.py", line 583, in compile_and_simulate
    cycle_count = self.simulate(
2025-12-30 15:42:05,211 [ERROR]   File "/home/william/LLMCompass_GoldData/software_model/matmul.py", line 866, in simulate
    l2_tiles[-1, :N_l2_t, -1] = self.L2TileSimulator(
2025-12-30 15:42:05,211 [ERROR]   File "/home/william/LLMCompass_GoldData/software_model/matmul.py", line 1005, in __init__
    self.compute_cycle_count = self.simulate_l2_tile_compute_cycle_count(
2025-12-30 15:42:05,211 [ERROR]   File "/home/william/LLMCompass_GoldData/software_model/matmul.py", line 1058, in simulate_l2_tile_compute_cycle_count
    l1_tiles[-1, :N_l1_t, :K_l1_t] = Matmul.L1TileSimulator(
2025-12-30 15:42:05,211 [ERROR]   File "/home/william/LLMCompass_GoldData/software_model/matmul.py", line 1308, in __init__
    self.compute_cycle_count = self.simulate_l1_tile_compute_cycle_count(
2025-12-30 15:42:05,211 [ERROR]   File "/home/william/LLMCompass_GoldData/software_model/matmul.py", line 1338, in simulate_l1_tile_compute_cycle_count
    Matmul.simulate_systolic_array_cycle_count(
2025-12-30 15:42:05,211 [ERROR]   File "/home/william/LLMCompass_GoldData/software_model/matmul.py", line 1405, in simulate_systolic_array_cycle_count
    cycle_count = look_up_table.loc[
2025-12-30 15:42:05,211 [ERROR]   File "/home/william/miniconda3/envs/llmcompass/lib/python3.9/site-packages/pandas/core/indexing.py", line 1185, in __getitem__
    return self._getitem_tuple(key)
2025-12-30 15:42:05,212 [ERROR]   File "/home/william/miniconda3/envs/llmcompass/lib/python3.9/site-packages/pandas/core/indexing.py", line 1369, in _getitem_tuple
    return self._getitem_lowerdim(tup)
2025-12-30 15:42:05,212 [ERROR]   File "/home/william/miniconda3/envs/llmcompass/lib/python3.9/site-packages/pandas/core/indexing.py", line 1042, in _getitem_lowerdim
    return self._getitem_nested_tuple(tup)
2025-12-30 15:42:05,212 [ERROR]   File "/home/william/miniconda3/envs/llmcompass/lib/python3.9/site-packages/pandas/core/indexing.py", line 1154, in _getitem_nested_tuple
    obj = getattr(obj, self.name)._getitem_axis(key, axis=axis)
2025-12-30 15:42:05,212 [ERROR]   File "/home/william/miniconda3/envs/llmcompass/lib/python3.9/site-packages/pandas/core/indexing.py", line 1432, in _getitem_axis
    return self._get_label(key, axis=axis)
2025-12-30 15:42:05,212 [ERROR]   File "/home/william/miniconda3/envs/llmcompass/lib/python3.9/site-packages/pandas/core/indexing.py", line 1382, in _get_label
    return self.obj.xs(label, axis=axis)
2025-12-30 15:42:05,212 [ERROR]   File "/home/william/miniconda3/envs/llmcompass/lib/python3.9/site-packages/pandas/core/generic.py", line 4315, in xs
    loc, new_index = index._get_loc_level(key, level=0)
2025-12-30 15:42:05,212 [ERROR]   File "/home/william/miniconda3/envs/llmcompass/lib/python3.9/site-packages/pandas/core/indexes/multi.py", line 3239, in _get_loc_level
    return (self._engine.get_loc(key), None)
2025-12-30 15:42:05,212 [ERROR]   File "pandas/_libs/index.pyx", line 792, in pandas._libs.index.BaseMultiIndexCodesEngine.get_loc
2025-12-30 15:42:05,212 [ERROR]   File "/home/william/miniconda3/envs/llmcompass/lib/python3.9/site-packages/pandas/core/indexes/multi.py", line 162, in _codes_to_ints
    return np.bitwise_or.reduce(codes)
2025-12-30 15:42:05,212 [ERROR] KeyboardInterrupt
2025-12-30 15:42:05,212 [ERROR] Traceback (most recent call last):
2025-12-30 15:42:05,212 [ERROR]   File "/home/william/miniconda3/envs/llmcompass/lib/python3.9/multiprocessing/process.py", line 315, in _bootstrap
    self.run()
2025-12-30 15:42:05,212 [ERROR]   File "/home/william/miniconda3/envs/llmcompass/lib/python3.9/multiprocessing/process.py", line 108, in run
    self._target(*self._args, **self._kwargs)
2025-12-30 15:42:05,212 [ERROR]   File "/home/william/LLMCompass_GoldData/ae/figure8/change_memory_bw.py", line 103, in test_memory_bandwidth
    auto_regression_latency_simulated = model_auto_regression.compile_and_simulate(
2025-12-30 15:42:05,212 [ERROR]   File "/home/william/LLMCompass_GoldData/software_model/transformer.py", line 573, in compile_and_simulate
    self.H_matmul0.compile_and_simulate(pcb, compile_mode)
2025-12-30 15:42:05,212 [ERROR]   File "/home/william/LLMCompass_GoldData/software_model/matmul.py", line 583, in compile_and_simulate
    cycle_count = self.simulate(
2025-12-30 15:42:05,212 [ERROR]   File "/home/william/LLMCompass_GoldData/software_model/matmul.py", line 905, in simulate
    for m, n, k in self.generate_tile_loops(
2025-12-30 15:42:05,212 [ERROR]   File "/home/william/LLMCompass_GoldData/software_model/matmul.py", line 198, in generate_tile_loops
    for m in range(loop_M):
2025-12-30 15:42:05,212 [ERROR] KeyboardInterrupt
2025-12-30 15:42:05,213 [ERROR] Traceback (most recent call last):
2025-12-30 15:42:05,213 [ERROR] Traceback (most recent call last):
2025-12-30 15:42:05,213 [ERROR]   File "/home/william/miniconda3/envs/llmcompass/lib/python3.9/multiprocessing/process.py", line 315, in _bootstrap
    self.run()
2025-12-30 15:42:05,213 [ERROR]   File "/home/william/miniconda3/envs/llmcompass/lib/python3.9/multiprocessing/process.py", line 108, in run
    self._target(*self._args, **self._kwargs)
2025-12-30 15:42:05,213 [ERROR]   File "/home/william/miniconda3/envs/llmcompass/lib/python3.9/multiprocessing/process.py", line 315, in _bootstrap
    self.run()
2025-12-30 15:42:05,213 [ERROR]   File "/home/william/LLMCompass_GoldData/ae/figure8/change_memory_bw.py", line 103, in test_memory_bandwidth
    auto_regression_latency_simulated = model_auto_regression.compile_and_simulate(
2025-12-30 15:42:05,213 [ERROR]   File "/home/william/LLMCompass_GoldData/software_model/transformer.py", line 578, in compile_and_simulate
    self.H_matmul1.compile_and_simulate(pcb, compile_mode)
2025-12-30 15:42:05,213 [ERROR]   File "/home/william/miniconda3/envs/llmcompass/lib/python3.9/multiprocessing/process.py", line 108, in run
    self._target(*self._args, **self._kwargs)
2025-12-30 15:42:05,213 [ERROR]   File "/home/william/LLMCompass_GoldData/software_model/matmul.py", line 583, in compile_and_simulate
    cycle_count = self.simulate(
2025-12-30 15:42:05,213 [ERROR]   File "/home/william/LLMCompass_GoldData/ae/figure8/change_memory_bw.py", line 103, in test_memory_bandwidth
    auto_regression_latency_simulated = model_auto_regression.compile_and_simulate(
2025-12-30 15:42:05,213 [ERROR]   File "/home/william/LLMCompass_GoldData/software_model/matmul.py", line 914, in simulate
    l2_tile = l2_tiles[m, n, k]
2025-12-30 15:42:05,213 [ERROR]   File "/home/william/LLMCompass_GoldData/software_model/transformer.py", line 573, in compile_and_simulate
    self.H_matmul0.compile_and_simulate(pcb, compile_mode)
2025-12-30 15:42:05,213 [ERROR] KeyboardInterrupt
2025-12-30 15:42:05,213 [ERROR]   File "/home/william/LLMCompass_GoldData/software_model/matmul.py", line 583, in compile_and_simulate
    cycle_count = self.simulate(
2025-12-30 15:42:05,213 [ERROR]   File "/home/william/LLMCompass_GoldData/software_model/matmul.py", line 826, in simulate
    l2_tiles[-1, :N_l2_t, :K_l2_t] = self.L2TileSimulator(
2025-12-30 15:42:05,214 [ERROR]   File "/home/william/LLMCompass_GoldData/software_model/matmul.py", line 1005, in __init__
    self.compute_cycle_count = self.simulate_l2_tile_compute_cycle_count(
2025-12-30 15:42:05,214 [ERROR]   File "/home/william/LLMCompass_GoldData/software_model/matmul.py", line 1286, in simulate_l2_tile_compute_cycle_count
    np.sum(previous_batch_Write_M_N * M_N_tile_size)
2025-12-30 15:42:05,214 [ERROR]   File "/home/william/miniconda3/envs/llmcompass/lib/python3.9/site-packages/numpy/_core/fromnumeric.py", line 2389, in sum
    return _wrapreduction(
2025-12-30 15:42:05,214 [ERROR]   File "/home/william/miniconda3/envs/llmcompass/lib/python3.9/site-packages/numpy/_core/fromnumeric.py", line 69, in _wrapreduction
    def _wrapreduction(obj, ufunc, method, axis, dtype, out, **kwargs):
2025-12-30 15:42:05,214 [ERROR] KeyboardInterrupt
2025-12-30 15:42:05,016 [ERROR] Process Process-248:
2025-12-30 15:42:04,998 [ERROR] Process Process-213:
2025-12-30 15:42:05,059 [ERROR]   File "/home/william/LLMCompass_GoldData/ae/figure8/change_memory_bw.py", line 103, in test_memory_bandwidth
    auto_regression_latency_simulated = model_auto_regression.compile_and_simulate(
2025-12-30 15:42:05,081 [ERROR]   File "/home/william/miniconda3/envs/llmcompass/lib/python3.9/multiprocessing/process.py", line 108, in run
    self._target(*self._args, **self._kwargs)
2025-12-30 15:42:05,096 [ERROR]   File "/home/william/miniconda3/envs/llmcompass/lib/python3.9/multiprocessing/process.py", line 315, in _bootstrap
    self.run()
2025-12-30 15:42:05,215 [ERROR]   File "/home/william/LLMCompass_GoldData/software_model/transformer.py", line 573, in compile_and_simulate
    self.H_matmul0.compile_and_simulate(pcb, compile_mode)
2025-12-30 15:42:05,215 [ERROR]   File "/home/william/miniconda3/envs/llmcompass/lib/python3.9/multiprocessing/process.py", line 108, in run
    self._target(*self._args, **self._kwargs)
2025-12-30 15:42:05,215 [ERROR]   File "/home/william/LLMCompass_GoldData/software_model/matmul.py", line 583, in compile_and_simulate
    cycle_count = self.simulate(
2025-12-30 15:42:05,215 [ERROR]   File "/home/william/LLMCompass_GoldData/ae/figure8/change_memory_bw.py", line 103, in test_memory_bandwidth
    auto_regression_latency_simulated = model_auto_regression.compile_and_simulate(
2025-12-30 15:42:05,215 [ERROR]   File "/home/william/LLMCompass_GoldData/software_model/matmul.py", line 905, in simulate
    for m, n, k in self.generate_tile_loops(
2025-12-30 15:42:05,215 [ERROR]   File "/home/william/LLMCompass_GoldData/ae/figure8/change_memory_bw.py", line 103, in test_memory_bandwidth
    auto_regression_latency_simulated = model_auto_regression.compile_and_simulate(
2025-12-30 15:42:05,215 [ERROR]   File "/home/william/LLMCompass_GoldData/software_model/transformer.py", line 573, in compile_and_simulate
    self.H_matmul0.compile_and_simulate(pcb, compile_mode)
2025-12-30 15:42:05,215 [ERROR]   File "/home/william/LLMCompass_GoldData/software_model/matmul.py", line 199, in generate_tile_loops
    yield m, n, k
2025-12-30 15:42:05,215 [ERROR]   File "/home/william/LLMCompass_GoldData/software_model/transformer.py", line 558, in compile_and_simulate
    self.Q_proj.compile_and_simulate(pcb, compile_mode)
2025-12-30 15:42:05,215 [ERROR]   File "/home/william/LLMCompass_GoldData/software_model/matmul.py", line 583, in compile_and_simulate
    cycle_count = self.simulate(
2025-12-30 15:42:05,215 [ERROR]   File "/home/william/LLMCompass_GoldData/software_model/matmul.py", line 826, in simulate
    l2_tiles[-1, :N_l2_t, :K_l2_t] = self.L2TileSimulator(
2025-12-30 15:42:05,215 [ERROR]   File "/home/william/LLMCompass_GoldData/software_model/matmul.py", line 1005, in __init__
    self.compute_cycle_count = self.simulate_l2_tile_compute_cycle_count(
2025-12-30 15:42:05,215 [ERROR] KeyboardInterrupt
2025-12-30 15:42:05,215 [ERROR]   File "/home/william/LLMCompass_GoldData/software_model/matmul.py", line 1058, in simulate_l2_tile_compute_cycle_count
    l1_tiles[-1, :N_l1_t, :K_l1_t] = Matmul.L1TileSimulator(
2025-12-30 15:42:05,215 [ERROR]   File "/home/william/LLMCompass_GoldData/software_model/matmul.py", line 583, in compile_and_simulate
    cycle_count = self.simulate(
2025-12-30 15:42:05,215 [ERROR]   File "/home/william/LLMCompass_GoldData/software_model/matmul.py", line 1308, in __init__
    self.compute_cycle_count = self.simulate_l1_tile_compute_cycle_count(
2025-12-30 15:42:05,215 [ERROR]   File "/home/william/LLMCompass_GoldData/software_model/matmul.py", line 826, in simulate
    l2_tiles[-1, :N_l2_t, :K_l2_t] = self.L2TileSimulator(
2025-12-30 15:42:05,215 [ERROR]   File "/home/william/LLMCompass_GoldData/software_model/matmul.py", line 1338, in simulate_l1_tile_compute_cycle_count
    Matmul.simulate_systolic_array_cycle_count(
2025-12-30 15:42:05,215 [ERROR]   File "/home/william/LLMCompass_GoldData/software_model/matmul.py", line 1405, in simulate_systolic_array_cycle_count
    cycle_count = look_up_table.loc[
2025-12-30 15:42:05,215 [ERROR]   File "/home/william/LLMCompass_GoldData/software_model/matmul.py", line 1005, in __init__
    self.compute_cycle_count = self.simulate_l2_tile_compute_cycle_count(
2025-12-30 15:42:05,215 [ERROR]   File "/home/william/miniconda3/envs/llmcompass/lib/python3.9/site-packages/pandas/core/indexing.py", line 1185, in __getitem__
    return self._getitem_tuple(key)
2025-12-30 15:42:05,215 [ERROR]   File "/home/william/LLMCompass_GoldData/software_model/matmul.py", line 1246, in simulate_l2_tile_compute_cycle_count
    previous_batch_M_N_write_count = np.sum(
2025-12-30 15:42:05,215 [ERROR]   File "/home/william/miniconda3/envs/llmcompass/lib/python3.9/site-packages/pandas/core/indexing.py", line 1369, in _getitem_tuple
    return self._getitem_lowerdim(tup)
2025-12-30 15:42:05,215 [ERROR]   File "/home/william/miniconda3/envs/llmcompass/lib/python3.9/site-packages/pandas/core/indexing.py", line 1042, in _getitem_lowerdim
    return self._getitem_nested_tuple(tup)
2025-12-30 15:42:05,216 [ERROR]   File "/home/william/miniconda3/envs/llmcompass/lib/python3.9/site-packages/numpy/_core/fromnumeric.py", line 2389, in sum
    return _wrapreduction(
2025-12-30 15:42:05,216 [ERROR]   File "/home/william/miniconda3/envs/llmcompass/lib/python3.9/site-packages/pandas/core/indexing.py", line 1154, in _getitem_nested_tuple
    obj = getattr(obj, self.name)._getitem_axis(key, axis=axis)
2025-12-30 15:42:05,216 [ERROR]   File "/home/william/miniconda3/envs/llmcompass/lib/python3.9/site-packages/numpy/_core/fromnumeric.py", line 86, in _wrapreduction
    return ufunc.reduce(obj, axis, dtype, out, **passkwargs)
2025-12-30 15:42:05,216 [ERROR]   File "/home/william/miniconda3/envs/llmcompass/lib/python3.9/site-packages/pandas/core/indexing.py", line 1431, in _getitem_axis
    self._validate_key(key, axis)
2025-12-30 15:42:05,216 [ERROR]   File "/home/william/miniconda3/envs/llmcompass/lib/python3.9/site-packages/pandas/core/indexing.py", line 1233, in _validate_key
    ax = self.obj._get_axis(axis)
2025-12-30 15:42:05,216 [ERROR]   File "/home/william/miniconda3/envs/llmcompass/lib/python3.9/site-packages/pandas/core/generic.py", line 591, in _get_axis
    axis_number = self._get_axis_number(axis)
2025-12-30 15:42:05,216 [ERROR] KeyboardInterrupt
2025-12-30 15:42:05,216 [ERROR] KeyboardInterrupt
2025-12-30 15:42:05,216 [ERROR] Traceback (most recent call last):
2025-12-30 15:42:05,216 [ERROR]   File "/home/william/miniconda3/envs/llmcompass/lib/python3.9/multiprocessing/process.py", line 315, in _bootstrap
    self.run()
2025-12-30 15:42:05,216 [ERROR]   File "/home/william/miniconda3/envs/llmcompass/lib/python3.9/multiprocessing/process.py", line 108, in run
    self._target(*self._args, **self._kwargs)
2025-12-30 15:42:05,216 [ERROR]   File "/home/william/LLMCompass_GoldData/ae/figure8/change_memory_bw.py", line 103, in test_memory_bandwidth
    auto_regression_latency_simulated = model_auto_regression.compile_and_simulate(
2025-12-30 15:42:05,217 [ERROR]   File "/home/william/LLMCompass_GoldData/software_model/transformer.py", line 573, in compile_and_simulate
    self.H_matmul0.compile_and_simulate(pcb, compile_mode)
2025-12-30 15:42:05,217 [ERROR]   File "/home/william/LLMCompass_GoldData/software_model/matmul.py", line 583, in compile_and_simulate
    cycle_count = self.simulate(
2025-12-30 15:42:05,217 [ERROR]   File "/home/william/LLMCompass_GoldData/software_model/matmul.py", line 914, in simulate
    l2_tile = l2_tiles[m, n, k]
2025-12-30 15:42:05,217 [ERROR] KeyboardInterrupt
2025-12-30 15:42:05,116 [ERROR] Traceback (most recent call last):
2025-12-30 15:42:05,217 [ERROR]   File "/home/william/miniconda3/envs/llmcompass/lib/python3.9/multiprocessing/process.py", line 315, in _bootstrap
    self.run()
2025-12-30 15:42:05,217 [ERROR]   File "/home/william/miniconda3/envs/llmcompass/lib/python3.9/multiprocessing/process.py", line 108, in run
    self._target(*self._args, **self._kwargs)
2025-12-30 15:42:05,217 [ERROR]   File "/home/william/LLMCompass_GoldData/ae/figure8/change_memory_bw.py", line 103, in test_memory_bandwidth
    auto_regression_latency_simulated = model_auto_regression.compile_and_simulate(
2025-12-30 15:42:05,217 [ERROR]   File "/home/william/LLMCompass_GoldData/software_model/transformer.py", line 573, in compile_and_simulate
    self.H_matmul0.compile_and_simulate(pcb, compile_mode)
2025-12-30 15:42:05,217 [ERROR]   File "/home/william/LLMCompass_GoldData/software_model/matmul.py", line 583, in compile_and_simulate
    cycle_count = self.simulate(
2025-12-30 15:42:05,217 [ERROR]   File "/home/william/LLMCompass_GoldData/software_model/matmul.py", line 866, in simulate
    l2_tiles[-1, :N_l2_t, -1] = self.L2TileSimulator(
2025-12-30 15:42:05,217 [ERROR]   File "/home/william/LLMCompass_GoldData/software_model/matmul.py", line 1005, in __init__
    self.compute_cycle_count = self.simulate_l2_tile_compute_cycle_count(
2025-12-30 15:42:05,217 [ERROR]   File "/home/william/LLMCompass_GoldData/software_model/matmul.py", line 1058, in simulate_l2_tile_compute_cycle_count
    l1_tiles[-1, :N_l1_t, :K_l1_t] = Matmul.L1TileSimulator(
2025-12-30 15:42:05,217 [ERROR]   File "/home/william/LLMCompass_GoldData/software_model/matmul.py", line 1308, in __init__
    self.compute_cycle_count = self.simulate_l1_tile_compute_cycle_count(
2025-12-30 15:42:05,217 [ERROR]   File "/home/william/LLMCompass_GoldData/software_model/matmul.py", line 1338, in simulate_l1_tile_compute_cycle_count
    Matmul.simulate_systolic_array_cycle_count(
2025-12-30 15:42:05,217 [ERROR]   File "/home/william/LLMCompass_GoldData/software_model/matmul.py", line 1405, in simulate_systolic_array_cycle_count
    cycle_count = look_up_table.loc[
2025-12-30 15:42:05,217 [ERROR]   File "/home/william/miniconda3/envs/llmcompass/lib/python3.9/site-packages/pandas/core/indexing.py", line 1185, in __getitem__
    return self._getitem_tuple(key)
2025-12-30 15:42:05,217 [ERROR]   File "/home/william/miniconda3/envs/llmcompass/lib/python3.9/site-packages/pandas/core/indexing.py", line 1369, in _getitem_tuple
    return self._getitem_lowerdim(tup)
2025-12-30 15:42:05,217 [ERROR]   File "/home/william/miniconda3/envs/llmcompass/lib/python3.9/site-packages/pandas/core/indexing.py", line 1041, in _getitem_lowerdim
    if self._is_nested_tuple_indexer(tup):
2025-12-30 15:42:05,217 [ERROR] KeyboardInterrupt
2025-12-30 15:42:05,218 [ERROR] Traceback (most recent call last):
2025-12-30 15:42:05,218 [ERROR]   File "/home/william/miniconda3/envs/llmcompass/lib/python3.9/multiprocessing/process.py", line 315, in _bootstrap
    self.run()
2025-12-30 15:42:05,218 [ERROR]   File "/home/william/miniconda3/envs/llmcompass/lib/python3.9/multiprocessing/process.py", line 108, in run
    self._target(*self._args, **self._kwargs)
2025-12-30 15:42:05,218 [ERROR]   File "/home/william/LLMCompass_GoldData/ae/figure8/change_memory_bw.py", line 103, in test_memory_bandwidth
    auto_regression_latency_simulated = model_auto_regression.compile_and_simulate(
2025-12-30 15:42:05,218 [ERROR]   File "/home/william/LLMCompass_GoldData/software_model/transformer.py", line 578, in compile_and_simulate
    self.H_matmul1.compile_and_simulate(pcb, compile_mode)
2025-12-30 15:42:05,218 [ERROR]   File "/home/william/LLMCompass_GoldData/software_model/matmul.py", line 583, in compile_and_simulate
    cycle_count = self.simulate(
2025-12-30 15:42:05,218 [ERROR]   File "/home/william/LLMCompass_GoldData/software_model/matmul.py", line 905, in simulate
    for m, n, k in self.generate_tile_loops(
2025-12-30 15:42:05,218 [ERROR]   File "/home/william/LLMCompass_GoldData/software_model/matmul.py", line 198, in generate_tile_loops
    for m in range(loop_M):
2025-12-30 15:42:05,218 [ERROR] KeyboardInterrupt
2025-12-30 15:42:05,116 [ERROR] Traceback (most recent call last):
2025-12-30 15:42:05,117 [ERROR]   File "/home/william/LLMCompass_GoldData/software_model/matmul.py", line 583, in compile_and_simulate
    cycle_count = self.simulate(
2025-12-30 15:42:05,218 [ERROR]   File "/home/william/LLMCompass_GoldData/software_model/matmul.py", line 905, in simulate
    for m, n, k in self.generate_tile_loops(
2025-12-30 15:42:05,218 [ERROR] KeyboardInterrupt
2025-12-30 15:42:05,219 [ERROR] Traceback (most recent call last):
2025-12-30 15:42:05,219 [ERROR]   File "/home/william/miniconda3/envs/llmcompass/lib/python3.9/multiprocessing/process.py", line 315, in _bootstrap
    self.run()
2025-12-30 15:42:05,219 [ERROR]   File "/home/william/miniconda3/envs/llmcompass/lib/python3.9/multiprocessing/process.py", line 108, in run
    self._target(*self._args, **self._kwargs)
2025-12-30 15:42:05,219 [ERROR]   File "/home/william/LLMCompass_GoldData/ae/figure8/change_memory_bw.py", line 103, in test_memory_bandwidth
    auto_regression_latency_simulated = model_auto_regression.compile_and_simulate(
2025-12-30 15:42:05,219 [ERROR]   File "/home/william/LLMCompass_GoldData/software_model/transformer.py", line 558, in compile_and_simulate
    self.Q_proj.compile_and_simulate(pcb, compile_mode)
2025-12-30 15:42:05,219 [ERROR]   File "/home/william/LLMCompass_GoldData/software_model/matmul.py", line 583, in compile_and_simulate
    cycle_count = self.simulate(
2025-12-30 15:42:05,219 [ERROR]   File "/home/william/LLMCompass_GoldData/software_model/matmul.py", line 836, in simulate
    l2_tiles[:M_l2_t, -1, :K_l2_t] = self.L2TileSimulator(
2025-12-30 15:42:05,219 [ERROR]   File "/home/william/LLMCompass_GoldData/software_model/matmul.py", line 1005, in __init__
    self.compute_cycle_count = self.simulate_l2_tile_compute_cycle_count(
2025-12-30 15:42:05,219 [ERROR]   File "/home/william/LLMCompass_GoldData/software_model/matmul.py", line 1213, in simulate_l2_tile_compute_cycle_count
    current_batch_Read_M_K[temp_m, temp_k] = 1
2025-12-30 15:42:05,219 [ERROR] KeyboardInterrupt
2025-12-30 15:42:05,220 [ERROR]   File "/home/william/miniconda3/envs/llmcompass/lib/python3.9/multiprocessing/process.py", line 315, in _bootstrap
    self.run()
2025-12-30 15:42:05,220 [ERROR]   File "/home/william/miniconda3/envs/llmcompass/lib/python3.9/multiprocessing/process.py", line 108, in run
    self._target(*self._args, **self._kwargs)
2025-12-30 15:42:05,220 [ERROR]   File "/home/william/LLMCompass_GoldData/ae/figure8/change_memory_bw.py", line 103, in test_memory_bandwidth
    auto_regression_latency_simulated = model_auto_regression.compile_and_simulate(
2025-12-30 15:42:05,220 [ERROR]   File "/home/william/LLMCompass_GoldData/software_model/transformer.py", line 558, in compile_and_simulate
    self.Q_proj.compile_and_simulate(pcb, compile_mode)
2025-12-30 15:42:05,220 [ERROR]   File "/home/william/LLMCompass_GoldData/software_model/matmul.py", line 583, in compile_and_simulate
    cycle_count = self.simulate(
2025-12-30 15:42:05,220 [ERROR]   File "/home/william/LLMCompass_GoldData/software_model/matmul.py", line 826, in simulate
    l2_tiles[-1, :N_l2_t, :K_l2_t] = self.L2TileSimulator(
2025-12-30 15:42:05,220 [ERROR]   File "/home/william/LLMCompass_GoldData/software_model/matmul.py", line 1005, in __init__
    self.compute_cycle_count = self.simulate_l2_tile_compute_cycle_count(
2025-12-30 15:42:05,220 [ERROR]   File "/home/william/LLMCompass_GoldData/software_model/matmul.py", line 1185, in simulate_l2_tile_compute_cycle_count
    and n == ceil(N / l1_tile_N) - 1
2025-12-30 15:42:05,220 [ERROR] KeyboardInterrupt
2025-12-30 15:42:05,220 [ERROR] Traceback (most recent call last):
2025-12-30 15:42:05,172 [ERROR]   File "/home/william/miniconda3/envs/llmcompass/lib/python3.9/multiprocessing/process.py", line 108, in run
    self._target(*self._args, **self._kwargs)
2025-12-30 15:42:05,178 [ERROR]   File "/home/william/miniconda3/envs/llmcompass/lib/python3.9/multiprocessing/process.py", line 315, in _bootstrap
    self.run()
2025-12-30 15:42:05,220 [ERROR]   File "/home/william/miniconda3/envs/llmcompass/lib/python3.9/multiprocessing/process.py", line 315, in _bootstrap
    self.run()
2025-12-30 15:42:05,220 [ERROR] Traceback (most recent call last):
2025-12-30 15:42:05,221 [ERROR] Traceback (most recent call last):
2025-12-30 15:42:05,221 [ERROR]   File "/home/william/miniconda3/envs/llmcompass/lib/python3.9/multiprocessing/process.py", line 315, in _bootstrap
    self.run()
2025-12-30 15:42:05,221 [ERROR]   File "/home/william/miniconda3/envs/llmcompass/lib/python3.9/multiprocessing/process.py", line 108, in run
    self._target(*self._args, **self._kwargs)
2025-12-30 15:42:05,221 [ERROR]   File "/home/william/LLMCompass_GoldData/ae/figure8/change_memory_bw.py", line 103, in test_memory_bandwidth
    auto_regression_latency_simulated = model_auto_regression.compile_and_simulate(
2025-12-30 15:42:05,221 [ERROR]   File "/home/william/miniconda3/envs/llmcompass/lib/python3.9/multiprocessing/process.py", line 315, in _bootstrap
    self.run()
2025-12-30 15:42:05,221 [ERROR]   File "/home/william/LLMCompass_GoldData/ae/figure8/change_memory_bw.py", line 103, in test_memory_bandwidth
    auto_regression_latency_simulated = model_auto_regression.compile_and_simulate(
2025-12-30 15:42:05,221 [ERROR]   File "/home/william/LLMCompass_GoldData/software_model/transformer.py", line 558, in compile_and_simulate
    self.Q_proj.compile_and_simulate(pcb, compile_mode)
2025-12-30 15:42:05,221 [ERROR]   File "/home/william/miniconda3/envs/llmcompass/lib/python3.9/multiprocessing/process.py", line 108, in run
    self._target(*self._args, **self._kwargs)
2025-12-30 15:42:05,221 [ERROR]   File "/home/william/LLMCompass_GoldData/software_model/matmul.py", line 583, in compile_and_simulate
    cycle_count = self.simulate(
2025-12-30 15:42:05,221 [ERROR]   File "/home/william/miniconda3/envs/llmcompass/lib/python3.9/multiprocessing/process.py", line 108, in run
    self._target(*self._args, **self._kwargs)
2025-12-30 15:42:05,221 [ERROR]   File "/home/william/LLMCompass_GoldData/software_model/transformer.py", line 583, in compile_and_simulate
    self.H_matmul2.compile_and_simulate(pcb, compile_mode)
2025-12-30 15:42:05,221 [ERROR]   File "/home/william/LLMCompass_GoldData/ae/figure8/change_memory_bw.py", line 103, in test_memory_bandwidth
    auto_regression_latency_simulated = model_auto_regression.compile_and_simulate(
2025-12-30 15:42:05,221 [ERROR]   File "/home/william/LLMCompass_GoldData/software_model/matmul.py", line 836, in simulate
    l2_tiles[:M_l2_t, -1, :K_l2_t] = self.L2TileSimulator(
2025-12-30 15:42:05,221 [ERROR]   File "/home/william/LLMCompass_GoldData/software_model/matmul.py", line 583, in compile_and_simulate
    cycle_count = self.simulate(
2025-12-30 15:42:05,221 [ERROR]   File "/home/william/LLMCompass_GoldData/software_model/transformer.py", line 558, in compile_and_simulate
    self.Q_proj.compile_and_simulate(pcb, compile_mode)
2025-12-30 15:42:05,221 [ERROR]   File "/home/william/LLMCompass_GoldData/software_model/matmul.py", line 1005, in __init__
    self.compute_cycle_count = self.simulate_l2_tile_compute_cycle_count(
2025-12-30 15:42:05,221 [ERROR]   File "/home/william/LLMCompass_GoldData/ae/figure8/change_memory_bw.py", line 103, in test_memory_bandwidth
    auto_regression_latency_simulated = model_auto_regression.compile_and_simulate(
2025-12-30 15:42:05,221 [ERROR]   File "/home/william/LLMCompass_GoldData/software_model/matmul.py", line 941, in simulate
    if mapping.is_l2_double_buffering:  # pipelined
2025-12-30 15:42:05,221 [ERROR]   File "/home/william/LLMCompass_GoldData/software_model/matmul.py", line 583, in compile_and_simulate
    cycle_count = self.simulate(
2025-12-30 15:42:05,221 [ERROR]   File "/home/william/LLMCompass_GoldData/software_model/matmul.py", line 1232, in simulate_l2_tile_compute_cycle_count
    (current_batch_Read_M_K * (~previous_batch_Read_M_K))
2025-12-30 15:42:05,221 [ERROR]   File "/home/william/LLMCompass_GoldData/software_model/transformer.py", line 558, in compile_and_simulate
    self.Q_proj.compile_and_simulate(pcb, compile_mode)
2025-12-30 15:42:05,221 [ERROR]   File "/home/william/LLMCompass_GoldData/software_model/matmul.py", line 826, in simulate
    l2_tiles[-1, :N_l2_t, :K_l2_t] = self.L2TileSimulator(
2025-12-30 15:42:05,221 [ERROR] KeyboardInterrupt
2025-12-30 15:42:05,221 [ERROR]   File "/home/william/LLMCompass_GoldData/software_model/matmul.py", line 583, in compile_and_simulate
    cycle_count = self.simulate(
2025-12-30 15:42:05,221 [ERROR]   File "/home/william/LLMCompass_GoldData/software_model/matmul.py", line 1005, in __init__
    self.compute_cycle_count = self.simulate_l2_tile_compute_cycle_count(
2025-12-30 15:42:05,221 [ERROR] KeyboardInterrupt
2025-12-30 15:42:05,221 [ERROR]   File "/home/william/LLMCompass_GoldData/software_model/matmul.py", line 826, in simulate
    l2_tiles[-1, :N_l2_t, :K_l2_t] = self.L2TileSimulator(
2025-12-30 15:42:05,221 [ERROR]   File "/home/william/LLMCompass_GoldData/software_model/matmul.py", line 1058, in simulate_l2_tile_compute_cycle_count
    l1_tiles[-1, :N_l1_t, :K_l1_t] = Matmul.L1TileSimulator(
2025-12-30 15:42:05,221 [ERROR]   File "/home/william/LLMCompass_GoldData/software_model/matmul.py", line 1005, in __init__
    self.compute_cycle_count = self.simulate_l2_tile_compute_cycle_count(
2025-12-30 15:42:05,221 [ERROR]   File "/home/william/LLMCompass_GoldData/software_model/matmul.py", line 1308, in __init__
    self.compute_cycle_count = self.simulate_l1_tile_compute_cycle_count(
2025-12-30 15:42:05,221 [ERROR] Traceback (most recent call last):
2025-12-30 15:42:05,221 [ERROR]   File "/home/william/LLMCompass_GoldData/software_model/matmul.py", line 1338, in simulate_l1_tile_compute_cycle_count
    Matmul.simulate_systolic_array_cycle_count(
2025-12-30 15:42:05,221 [ERROR]   File "/home/william/LLMCompass_GoldData/software_model/matmul.py", line 1231, in simulate_l2_tile_compute_cycle_count
    current_batch_M_K_read_count = np.sum(
2025-12-30 15:42:05,221 [ERROR]   File "/home/william/LLMCompass_GoldData/software_model/matmul.py", line 1405, in simulate_systolic_array_cycle_count
    cycle_count = look_up_table.loc[
2025-12-30 15:42:05,221 [ERROR]   File "/home/william/miniconda3/envs/llmcompass/lib/python3.9/site-packages/numpy/_core/fromnumeric.py", line 2389, in sum
    return _wrapreduction(
2025-12-30 15:42:05,221 [ERROR]   File "/home/william/miniconda3/envs/llmcompass/lib/python3.9/site-packages/pandas/core/indexing.py", line 1185, in __getitem__
    return self._getitem_tuple(key)
2025-12-30 15:42:05,221 [ERROR]   File "/home/william/miniconda3/envs/llmcompass/lib/python3.9/site-packages/numpy/_core/fromnumeric.py", line 86, in _wrapreduction
    return ufunc.reduce(obj, axis, dtype, out, **passkwargs)
2025-12-30 15:42:05,221 [ERROR]   File "/home/william/miniconda3/envs/llmcompass/lib/python3.9/multiprocessing/process.py", line 315, in _bootstrap
    self.run()
2025-12-30 15:42:05,221 [ERROR]   File "/home/william/miniconda3/envs/llmcompass/lib/python3.9/site-packages/pandas/core/indexing.py", line 1369, in _getitem_tuple
    return self._getitem_lowerdim(tup)
2025-12-30 15:42:05,221 [ERROR]   File "/home/william/miniconda3/envs/llmcompass/lib/python3.9/site-packages/pandas/core/indexing.py", line 1042, in _getitem_lowerdim
    return self._getitem_nested_tuple(tup)
2025-12-30 15:42:05,221 [ERROR] KeyboardInterrupt
2025-12-30 15:42:05,221 [ERROR]   File "/home/william/miniconda3/envs/llmcompass/lib/python3.9/multiprocessing/process.py", line 108, in run
    self._target(*self._args, **self._kwargs)
2025-12-30 15:42:05,221 [ERROR]   File "/home/william/miniconda3/envs/llmcompass/lib/python3.9/site-packages/pandas/core/indexing.py", line 1154, in _getitem_nested_tuple
    obj = getattr(obj, self.name)._getitem_axis(key, axis=axis)
2025-12-30 15:42:05,221 [ERROR]   File "/home/william/LLMCompass_GoldData/ae/figure8/change_memory_bw.py", line 103, in test_memory_bandwidth
    auto_regression_latency_simulated = model_auto_regression.compile_and_simulate(
2025-12-30 15:42:05,221 [ERROR]   File "/home/william/miniconda3/envs/llmcompass/lib/python3.9/site-packages/pandas/core/indexing.py", line 1405, in _getitem_axis
    labels = self.obj._get_axis(axis)
2025-12-30 15:42:05,221 [ERROR]   File "/home/william/LLMCompass_GoldData/software_model/transformer.py", line 583, in compile_and_simulate
    self.H_matmul2.compile_and_simulate(pcb, compile_mode)
2025-12-30 15:42:05,221 [ERROR]   File "/home/william/miniconda3/envs/llmcompass/lib/python3.9/site-packages/pandas/core/generic.py", line 593, in _get_axis
    return self.index if axis_number == 0 else self.columns
2025-12-30 15:42:05,221 [ERROR]   File "/home/william/LLMCompass_GoldData/software_model/matmul.py", line 583, in compile_and_simulate
    cycle_count = self.simulate(
2025-12-30 15:42:05,221 [ERROR]   File "/home/william/LLMCompass_GoldData/software_model/matmul.py", line 826, in simulate
    l2_tiles[-1, :N_l2_t, :K_l2_t] = self.L2TileSimulator(
2025-12-30 15:42:05,221 [ERROR] KeyboardInterrupt
2025-12-30 15:42:05,221 [ERROR]   File "/home/william/LLMCompass_GoldData/software_model/matmul.py", line 1005, in __init__
    self.compute_cycle_count = self.simulate_l2_tile_compute_cycle_count(
2025-12-30 15:42:05,221 [ERROR]   File "/home/william/LLMCompass_GoldData/software_model/matmul.py", line 1058, in simulate_l2_tile_compute_cycle_count
    l1_tiles[-1, :N_l1_t, :K_l1_t] = Matmul.L1TileSimulator(
2025-12-30 15:42:05,221 [ERROR]   File "/home/william/LLMCompass_GoldData/software_model/matmul.py", line 1308, in __init__
    self.compute_cycle_count = self.simulate_l1_tile_compute_cycle_count(
2025-12-30 15:42:05,221 [ERROR]   File "/home/william/LLMCompass_GoldData/software_model/matmul.py", line 1338, in simulate_l1_tile_compute_cycle_count
    Matmul.simulate_systolic_array_cycle_count(
2025-12-30 15:42:05,221 [ERROR]   File "/home/william/LLMCompass_GoldData/software_model/matmul.py", line 1405, in simulate_systolic_array_cycle_count
    cycle_count = look_up_table.loc[
2025-12-30 15:42:05,221 [ERROR]   File "/home/william/miniconda3/envs/llmcompass/lib/python3.9/site-packages/pandas/core/indexing.py", line 1185, in __getitem__
    return self._getitem_tuple(key)
2025-12-30 15:42:05,221 [ERROR]   File "/home/william/miniconda3/envs/llmcompass/lib/python3.9/site-packages/pandas/core/indexing.py", line 1369, in _getitem_tuple
    return self._getitem_lowerdim(tup)
2025-12-30 15:42:05,221 [ERROR]   File "/home/william/miniconda3/envs/llmcompass/lib/python3.9/site-packages/pandas/core/indexing.py", line 1042, in _getitem_lowerdim
    return self._getitem_nested_tuple(tup)
2025-12-30 15:42:05,221 [ERROR]   File "/home/william/miniconda3/envs/llmcompass/lib/python3.9/site-packages/pandas/core/indexing.py", line 1155, in _getitem_nested_tuple
    axis -= 1
2025-12-30 15:42:05,221 [ERROR] KeyboardInterrupt
2025-12-30 15:42:05,222 [ERROR] Traceback (most recent call last):
2025-12-30 15:42:05,222 [ERROR]   File "/home/william/miniconda3/envs/llmcompass/lib/python3.9/multiprocessing/process.py", line 315, in _bootstrap
    self.run()
2025-12-30 15:42:05,222 [ERROR]   File "/home/william/miniconda3/envs/llmcompass/lib/python3.9/multiprocessing/process.py", line 108, in run
    self._target(*self._args, **self._kwargs)
2025-12-30 15:42:05,222 [ERROR]   File "/home/william/LLMCompass_GoldData/ae/figure8/change_memory_bw.py", line 103, in test_memory_bandwidth
    auto_regression_latency_simulated = model_auto_regression.compile_and_simulate(
2025-12-30 15:42:05,222 [ERROR]   File "/home/william/LLMCompass_GoldData/software_model/transformer.py", line 578, in compile_and_simulate
    self.H_matmul1.compile_and_simulate(pcb, compile_mode)
2025-12-30 15:42:05,222 [ERROR]   File "/home/william/LLMCompass_GoldData/software_model/matmul.py", line 583, in compile_and_simulate
    cycle_count = self.simulate(
2025-12-30 15:42:05,222 [ERROR]   File "/home/william/LLMCompass_GoldData/software_model/matmul.py", line 914, in simulate
    l2_tile = l2_tiles[m, n, k]
2025-12-30 15:42:05,222 [ERROR] KeyboardInterrupt
2025-12-30 15:42:05,225 [ERROR] Traceback (most recent call last):
2025-12-30 15:42:05,225 [ERROR]   File "/home/william/miniconda3/envs/llmcompass/lib/python3.9/multiprocessing/process.py", line 315, in _bootstrap
    self.run()
2025-12-30 15:42:05,225 [ERROR]   File "/home/william/miniconda3/envs/llmcompass/lib/python3.9/multiprocessing/process.py", line 108, in run
    self._target(*self._args, **self._kwargs)
2025-12-30 15:42:05,225 [ERROR]   File "/home/william/LLMCompass_GoldData/ae/figure8/change_memory_bw.py", line 103, in test_memory_bandwidth
    auto_regression_latency_simulated = model_auto_regression.compile_and_simulate(
2025-12-30 15:42:05,225 [ERROR]   File "/home/william/LLMCompass_GoldData/software_model/transformer.py", line 573, in compile_and_simulate
    self.H_matmul0.compile_and_simulate(pcb, compile_mode)
2025-12-30 15:42:05,225 [ERROR]   File "/home/william/LLMCompass_GoldData/software_model/matmul.py", line 583, in compile_and_simulate
    cycle_count = self.simulate(
2025-12-30 15:42:05,225 [ERROR]   File "/home/william/LLMCompass_GoldData/software_model/matmul.py", line 846, in simulate
    l2_tiles[:M_l2_t, :N_l2_t, -1] = self.L2TileSimulator(
2025-12-30 15:42:05,225 [ERROR]   File "/home/william/LLMCompass_GoldData/software_model/matmul.py", line 1005, in __init__
    self.compute_cycle_count = self.simulate_l2_tile_compute_cycle_count(
2025-12-30 15:42:05,225 [ERROR]   File "/home/william/LLMCompass_GoldData/software_model/matmul.py", line 1232, in simulate_l2_tile_compute_cycle_count
    (current_batch_Read_M_K * (~previous_batch_Read_M_K))
2025-12-30 15:42:05,225 [ERROR] KeyboardInterrupt
2025-12-30 15:42:05,228 [ERROR] Traceback (most recent call last):
2025-12-30 15:42:05,228 [ERROR]   File "/home/william/miniconda3/envs/llmcompass/lib/python3.9/multiprocessing/process.py", line 315, in _bootstrap
    self.run()
2025-12-30 15:42:05,228 [ERROR]   File "/home/william/miniconda3/envs/llmcompass/lib/python3.9/multiprocessing/process.py", line 108, in run
    self._target(*self._args, **self._kwargs)
2025-12-30 15:42:05,228 [ERROR]   File "/home/william/LLMCompass_GoldData/ae/figure8/change_memory_bw.py", line 103, in test_memory_bandwidth
    auto_regression_latency_simulated = model_auto_regression.compile_and_simulate(
2025-12-30 15:42:05,228 [ERROR]   File "/home/william/LLMCompass_GoldData/software_model/transformer.py", line 558, in compile_and_simulate
    self.Q_proj.compile_and_simulate(pcb, compile_mode)
2025-12-30 15:42:05,228 [ERROR]   File "/home/william/LLMCompass_GoldData/software_model/matmul.py", line 583, in compile_and_simulate
    cycle_count = self.simulate(
2025-12-30 15:42:05,228 [ERROR]   File "/home/william/LLMCompass_GoldData/software_model/matmul.py", line 826, in simulate
    l2_tiles[-1, :N_l2_t, :K_l2_t] = self.L2TileSimulator(
2025-12-30 15:42:05,228 [ERROR]   File "/home/william/LLMCompass_GoldData/software_model/matmul.py", line 1005, in __init__
    self.compute_cycle_count = self.simulate_l2_tile_compute_cycle_count(
2025-12-30 15:42:05,228 [ERROR]   File "/home/william/LLMCompass_GoldData/software_model/matmul.py", line 1219, in simulate_l2_tile_compute_cycle_count
    temp_l1_tile_compute_cycle_count += ceil(
2025-12-30 15:42:05,228 [ERROR] KeyboardInterrupt
2025-12-30 15:42:05,228 [ERROR] Traceback (most recent call last):
2025-12-30 15:42:05,228 [ERROR] Traceback (most recent call last):
2025-12-30 15:42:05,228 [ERROR]   File "/home/william/miniconda3/envs/llmcompass/lib/python3.9/multiprocessing/process.py", line 315, in _bootstrap
    self.run()
2025-12-30 15:42:05,228 [ERROR]   File "/home/william/miniconda3/envs/llmcompass/lib/python3.9/multiprocessing/process.py", line 315, in _bootstrap
    self.run()
2025-12-30 15:42:05,228 [ERROR]   File "/home/william/miniconda3/envs/llmcompass/lib/python3.9/multiprocessing/process.py", line 108, in run
    self._target(*self._args, **self._kwargs)
2025-12-30 15:42:05,229 [ERROR] Traceback (most recent call last):
2025-12-30 15:42:05,229 [ERROR]   File "/home/william/miniconda3/envs/llmcompass/lib/python3.9/multiprocessing/process.py", line 315, in _bootstrap
    self.run()
2025-12-30 15:42:05,229 [ERROR]   File "/home/william/miniconda3/envs/llmcompass/lib/python3.9/multiprocessing/process.py", line 108, in run
    self._target(*self._args, **self._kwargs)
2025-12-30 15:42:05,229 [ERROR]   File "/home/william/LLMCompass_GoldData/ae/figure8/change_memory_bw.py", line 103, in test_memory_bandwidth
    auto_regression_latency_simulated = model_auto_regression.compile_and_simulate(
2025-12-30 15:42:05,229 [ERROR]   File "/home/william/LLMCompass_GoldData/software_model/transformer.py", line 558, in compile_and_simulate
    self.Q_proj.compile_and_simulate(pcb, compile_mode)
2025-12-30 15:42:05,229 [ERROR] Traceback (most recent call last):
2025-12-30 15:42:05,229 [ERROR]   File "/home/william/LLMCompass_GoldData/software_model/matmul.py", line 583, in compile_and_simulate
    cycle_count = self.simulate(
2025-12-30 15:42:05,229 [ERROR]   File "/home/william/LLMCompass_GoldData/software_model/matmul.py", line 836, in simulate
    l2_tiles[:M_l2_t, -1, :K_l2_t] = self.L2TileSimulator(
2025-12-30 15:42:05,229 [ERROR]   File "/home/william/LLMCompass_GoldData/software_model/matmul.py", line 1005, in __init__
    self.compute_cycle_count = self.simulate_l2_tile_compute_cycle_count(
2025-12-30 15:42:05,229 [ERROR]   File "/home/william/LLMCompass_GoldData/software_model/matmul.py", line 1190, in simulate_l2_tile_compute_cycle_count
    len(active_l1_tile_list) < chiplet_module.compute_module.core_count
2025-12-30 15:42:05,229 [ERROR]   File "/home/william/miniconda3/envs/llmcompass/lib/python3.9/multiprocessing/process.py", line 315, in _bootstrap
    self.run()
2025-12-30 15:42:05,229 [ERROR]   File "/home/william/miniconda3/envs/llmcompass/lib/python3.9/multiprocessing/process.py", line 108, in run
    self._target(*self._args, **self._kwargs)
2025-12-30 15:42:05,229 [ERROR] KeyboardInterrupt
2025-12-30 15:42:05,229 [ERROR]   File "/home/william/LLMCompass_GoldData/ae/figure8/change_memory_bw.py", line 103, in test_memory_bandwidth
    auto_regression_latency_simulated = model_auto_regression.compile_and_simulate(
2025-12-30 15:42:05,230 [ERROR]   File "/home/william/LLMCompass_GoldData/software_model/transformer.py", line 573, in compile_and_simulate
    self.H_matmul0.compile_and_simulate(pcb, compile_mode)
2025-12-30 15:42:05,230 [ERROR]   File "/home/william/LLMCompass_GoldData/software_model/matmul.py", line 583, in compile_and_simulate
    cycle_count = self.simulate(
2025-12-30 15:42:05,230 [ERROR]   File "/home/william/LLMCompass_GoldData/software_model/matmul.py", line 826, in simulate
    l2_tiles[-1, :N_l2_t, :K_l2_t] = self.L2TileSimulator(
2025-12-30 15:42:05,230 [ERROR]   File "/home/william/LLMCompass_GoldData/software_model/matmul.py", line 1005, in __init__
    self.compute_cycle_count = self.simulate_l2_tile_compute_cycle_count(
2025-12-30 15:42:05,230 [ERROR]   File "/home/william/LLMCompass_GoldData/software_model/matmul.py", line 1182, in simulate_l2_tile_compute_cycle_count
    active_l1_tile_list.append((m, n, k, l1_tiles[m, n, k]))
2025-12-30 15:42:05,230 [ERROR] KeyboardInterrupt
2025-12-30 15:42:05,228 [ERROR]   File "/home/william/miniconda3/envs/llmcompass/lib/python3.9/multiprocessing/process.py", line 108, in run
    self._target(*self._args, **self._kwargs)
2025-12-30 15:42:05,231 [ERROR]   File "/home/william/LLMCompass_GoldData/ae/figure8/change_memory_bw.py", line 103, in test_memory_bandwidth
    auto_regression_latency_simulated = model_auto_regression.compile_and_simulate(
2025-12-30 15:42:05,231 [ERROR]   File "/home/william/LLMCompass_GoldData/software_model/transformer.py", line 578, in compile_and_simulate
    self.H_matmul1.compile_and_simulate(pcb, compile_mode)
2025-12-30 15:42:05,231 [ERROR]   File "/home/william/LLMCompass_GoldData/software_model/matmul.py", line 583, in compile_and_simulate
    cycle_count = self.simulate(
2025-12-30 15:42:05,231 [ERROR]   File "/home/william/LLMCompass_GoldData/software_model/matmul.py", line 826, in simulate
    l2_tiles[-1, :N_l2_t, :K_l2_t] = self.L2TileSimulator(
2025-12-30 15:42:05,231 [ERROR]   File "/home/william/LLMCompass_GoldData/software_model/matmul.py", line 1005, in __init__
    self.compute_cycle_count = self.simulate_l2_tile_compute_cycle_count(
2025-12-30 15:42:05,231 [ERROR]   File "/home/william/LLMCompass_GoldData/software_model/matmul.py", line 1058, in simulate_l2_tile_compute_cycle_count
    l1_tiles[-1, :N_l1_t, :K_l1_t] = Matmul.L1TileSimulator(
2025-12-30 15:42:05,231 [ERROR]   File "/home/william/LLMCompass_GoldData/software_model/matmul.py", line 1308, in __init__
    self.compute_cycle_count = self.simulate_l1_tile_compute_cycle_count(
2025-12-30 15:42:05,231 [ERROR]   File "/home/william/LLMCompass_GoldData/software_model/matmul.py", line 1338, in simulate_l1_tile_compute_cycle_count
    Matmul.simulate_systolic_array_cycle_count(
2025-12-30 15:42:05,231 [ERROR]   File "/home/william/LLMCompass_GoldData/software_model/matmul.py", line 1391, in simulate_systolic_array_cycle_count
    if K * N / array_width / max(array_height, array_width) >= 64:
2025-12-30 15:42:05,231 [ERROR] KeyboardInterrupt
2025-12-30 15:42:05,233 [ERROR] Traceback (most recent call last):
2025-12-30 15:42:05,233 [ERROR] Traceback (most recent call last):
2025-12-30 15:42:05,233 [ERROR]   File "/home/william/miniconda3/envs/llmcompass/lib/python3.9/multiprocessing/process.py", line 315, in _bootstrap
    self.run()
2025-12-30 15:42:05,233 [ERROR]   File "/home/william/miniconda3/envs/llmcompass/lib/python3.9/multiprocessing/process.py", line 315, in _bootstrap
    self.run()
2025-12-30 15:42:05,233 [ERROR]   File "/home/william/miniconda3/envs/llmcompass/lib/python3.9/multiprocessing/process.py", line 108, in run
    self._target(*self._args, **self._kwargs)
2025-12-30 15:42:05,233 [ERROR]   File "/home/william/miniconda3/envs/llmcompass/lib/python3.9/multiprocessing/process.py", line 108, in run
    self._target(*self._args, **self._kwargs)
2025-12-30 15:42:05,233 [ERROR]   File "/home/william/LLMCompass_GoldData/ae/figure8/change_memory_bw.py", line 103, in test_memory_bandwidth
    auto_regression_latency_simulated = model_auto_regression.compile_and_simulate(
2025-12-30 15:42:05,233 [ERROR]   File "/home/william/LLMCompass_GoldData/software_model/transformer.py", line 573, in compile_and_simulate
    self.H_matmul0.compile_and_simulate(pcb, compile_mode)
2025-12-30 15:42:05,233 [ERROR]   File "/home/william/LLMCompass_GoldData/software_model/matmul.py", line 583, in compile_and_simulate
    cycle_count = self.simulate(
2025-12-30 15:42:05,233 [ERROR]   File "/home/william/LLMCompass_GoldData/software_model/matmul.py", line 915, in simulate
    previous_l2_tile = l2_tiles[previous_m, previous_n, previous_k]
2025-12-30 15:42:05,233 [ERROR] KeyboardInterrupt
2025-12-30 15:42:05,230 [ERROR]   File "/home/william/LLMCompass_GoldData/ae/figure8/change_memory_bw.py", line 103, in test_memory_bandwidth
    auto_regression_latency_simulated = model_auto_regression.compile_and_simulate(
2025-12-30 15:42:05,220 [ERROR]   File "/home/william/miniconda3/envs/llmcompass/lib/python3.9/multiprocessing/process.py", line 108, in run
    self._target(*self._args, **self._kwargs)
2025-12-30 15:42:05,233 [ERROR]   File "/home/william/LLMCompass_GoldData/ae/figure8/change_memory_bw.py", line 103, in test_memory_bandwidth
    auto_regression_latency_simulated = model_auto_regression.compile_and_simulate(
2025-12-30 15:42:05,233 [ERROR]   File "/home/william/LLMCompass_GoldData/software_model/transformer.py", line 578, in compile_and_simulate
    self.H_matmul1.compile_and_simulate(pcb, compile_mode)
2025-12-30 15:42:05,233 [ERROR]   File "/home/william/LLMCompass_GoldData/software_model/matmul.py", line 583, in compile_and_simulate
    cycle_count = self.simulate(
2025-12-30 15:42:05,233 [ERROR]   File "/home/william/LLMCompass_GoldData/software_model/transformer.py", line 573, in compile_and_simulate
    self.H_matmul0.compile_and_simulate(pcb, compile_mode)
2025-12-30 15:42:05,233 [ERROR]   File "/home/william/LLMCompass_GoldData/software_model/matmul.py", line 826, in simulate
    l2_tiles[-1, :N_l2_t, :K_l2_t] = self.L2TileSimulator(
2025-12-30 15:42:05,233 [ERROR]   File "/home/william/LLMCompass_GoldData/software_model/matmul.py", line 583, in compile_and_simulate
    cycle_count = self.simulate(
2025-12-30 15:42:05,233 [ERROR]   File "/home/william/LLMCompass_GoldData/software_model/matmul.py", line 1005, in __init__
    self.compute_cycle_count = self.simulate_l2_tile_compute_cycle_count(
2025-12-30 15:42:05,233 [ERROR]   File "/home/william/LLMCompass_GoldData/software_model/matmul.py", line 905, in simulate
    for m, n, k in self.generate_tile_loops(
2025-12-30 15:42:05,233 [ERROR]   File "/home/william/LLMCompass_GoldData/software_model/matmul.py", line 1058, in simulate_l2_tile_compute_cycle_count
    l1_tiles[-1, :N_l1_t, :K_l1_t] = Matmul.L1TileSimulator(
2025-12-30 15:42:05,233 [ERROR]   File "/home/william/LLMCompass_GoldData/software_model/matmul.py", line 1308, in __init__
    self.compute_cycle_count = self.simulate_l1_tile_compute_cycle_count(
2025-12-30 15:42:05,233 [ERROR]   File "/home/william/LLMCompass_GoldData/software_model/matmul.py", line 199, in generate_tile_loops
    yield m, n, k
2025-12-30 15:42:05,233 [ERROR]   File "/home/william/LLMCompass_GoldData/software_model/matmul.py", line 1338, in simulate_l1_tile_compute_cycle_count
    Matmul.simulate_systolic_array_cycle_count(
2025-12-30 15:42:05,233 [ERROR]   File "/home/william/LLMCompass_GoldData/software_model/matmul.py", line 1405, in simulate_systolic_array_cycle_count
    cycle_count = look_up_table.loc[
2025-12-30 15:42:05,233 [ERROR]   File "/home/william/miniconda3/envs/llmcompass/lib/python3.9/site-packages/pandas/core/indexing.py", line 1185, in __getitem__
    return self._getitem_tuple(key)
2025-12-30 15:42:05,233 [ERROR]   File "/home/william/miniconda3/envs/llmcompass/lib/python3.9/site-packages/pandas/core/indexing.py", line 1369, in _getitem_tuple
    return self._getitem_lowerdim(tup)
2025-12-30 15:42:05,233 [ERROR]   File "/home/william/miniconda3/envs/llmcompass/lib/python3.9/site-packages/pandas/core/indexing.py", line 1042, in _getitem_lowerdim
    return self._getitem_nested_tuple(tup)
2025-12-30 15:42:05,233 [ERROR] KeyboardInterrupt
2025-12-30 15:42:05,233 [ERROR]   File "/home/william/miniconda3/envs/llmcompass/lib/python3.9/site-packages/pandas/core/indexing.py", line 1154, in _getitem_nested_tuple
    obj = getattr(obj, self.name)._getitem_axis(key, axis=axis)
2025-12-30 15:42:05,233 [ERROR]   File "/home/william/miniconda3/envs/llmcompass/lib/python3.9/site-packages/pandas/core/indexing.py", line 1432, in _getitem_axis
    return self._get_label(key, axis=axis)
2025-12-30 15:42:05,233 [ERROR]   File "/home/william/miniconda3/envs/llmcompass/lib/python3.9/site-packages/pandas/core/indexing.py", line 1382, in _get_label
    return self.obj.xs(label, axis=axis)
2025-12-30 15:42:05,234 [ERROR]   File "/home/william/miniconda3/envs/llmcompass/lib/python3.9/site-packages/pandas/core/generic.py", line 4315, in xs
    loc, new_index = index._get_loc_level(key, level=0)
2025-12-30 15:42:05,234 [ERROR]   File "/home/william/miniconda3/envs/llmcompass/lib/python3.9/site-packages/pandas/core/indexes/multi.py", line 3239, in _get_loc_level
    return (self._engine.get_loc(key), None)
2025-12-30 15:42:05,234 [ERROR]   File "pandas/_libs/index.pyx", line 786, in pandas._libs.index.BaseMultiIndexCodesEngine.get_loc
2025-12-30 15:42:05,234 [ERROR]   File "/home/william/miniconda3/envs/llmcompass/lib/python3.9/site-packages/pandas/core/indexes/base.py", line 3784, in get_loc
    def get_loc(self, key):
2025-12-30 15:42:05,234 [ERROR] KeyboardInterrupt
2025-12-30 15:42:05,234 [ERROR] Traceback (most recent call last):
2025-12-30 15:42:05,234 [ERROR]   File "/home/william/miniconda3/envs/llmcompass/lib/python3.9/multiprocessing/process.py", line 315, in _bootstrap
    self.run()
2025-12-30 15:42:05,234 [ERROR]   File "/home/william/miniconda3/envs/llmcompass/lib/python3.9/multiprocessing/process.py", line 108, in run
    self._target(*self._args, **self._kwargs)
2025-12-30 15:42:05,234 [ERROR]   File "/home/william/LLMCompass_GoldData/ae/figure8/change_memory_bw.py", line 103, in test_memory_bandwidth
    auto_regression_latency_simulated = model_auto_regression.compile_and_simulate(
2025-12-30 15:42:05,234 [ERROR]   File "/home/william/LLMCompass_GoldData/software_model/transformer.py", line 573, in compile_and_simulate
    self.H_matmul0.compile_and_simulate(pcb, compile_mode)
2025-12-30 15:42:05,234 [ERROR]   File "/home/william/LLMCompass_GoldData/software_model/matmul.py", line 583, in compile_and_simulate
    cycle_count = self.simulate(
2025-12-30 15:42:05,234 [ERROR]   File "/home/william/LLMCompass_GoldData/software_model/matmul.py", line 926, in simulate
    if k > 0 and not (m == previous_m and n == previous_n):
2025-12-30 15:42:05,234 [ERROR] KeyboardInterrupt
2025-12-30 15:42:05,234 [ERROR] Traceback (most recent call last):
2025-12-30 15:42:05,235 [ERROR]   File "/home/william/miniconda3/envs/llmcompass/lib/python3.9/multiprocessing/process.py", line 315, in _bootstrap
    self.run()
2025-12-30 15:42:05,235 [ERROR]   File "/home/william/miniconda3/envs/llmcompass/lib/python3.9/multiprocessing/process.py", line 108, in run
    self._target(*self._args, **self._kwargs)
2025-12-30 15:42:05,235 [ERROR]   File "/home/william/LLMCompass_GoldData/ae/figure8/change_memory_bw.py", line 103, in test_memory_bandwidth
    auto_regression_latency_simulated = model_auto_regression.compile_and_simulate(
2025-12-30 15:42:05,235 [ERROR]   File "/home/william/LLMCompass_GoldData/software_model/transformer.py", line 573, in compile_and_simulate
    self.H_matmul0.compile_and_simulate(pcb, compile_mode)
2025-12-30 15:42:05,235 [ERROR]   File "/home/william/LLMCompass_GoldData/software_model/matmul.py", line 583, in compile_and_simulate
    cycle_count = self.simulate(
2025-12-30 15:42:05,235 [ERROR]   File "/home/william/LLMCompass_GoldData/software_model/matmul.py", line 826, in simulate
    l2_tiles[-1, :N_l2_t, :K_l2_t] = self.L2TileSimulator(
2025-12-30 15:42:05,235 [ERROR]   File "/home/william/LLMCompass_GoldData/software_model/matmul.py", line 1005, in __init__
    self.compute_cycle_count = self.simulate_l2_tile_compute_cycle_count(
2025-12-30 15:42:05,235 [ERROR]   File "/home/william/LLMCompass_GoldData/software_model/matmul.py", line 1246, in simulate_l2_tile_compute_cycle_count
    previous_batch_M_N_write_count = np.sum(
2025-12-30 15:42:05,235 [ERROR]   File "/home/william/miniconda3/envs/llmcompass/lib/python3.9/site-packages/numpy/_core/fromnumeric.py", line 2389, in sum
    return _wrapreduction(
2025-12-30 15:42:05,235 [ERROR]   File "/home/william/miniconda3/envs/llmcompass/lib/python3.9/site-packages/numpy/_core/fromnumeric.py", line 86, in _wrapreduction
    return ufunc.reduce(obj, axis, dtype, out, **passkwargs)
2025-12-30 15:42:05,235 [ERROR] KeyboardInterrupt
2025-12-30 15:42:05,234 [ERROR]   File "/home/william/LLMCompass_GoldData/ae/figure8/change_memory_bw.py", line 103, in test_memory_bandwidth
    auto_regression_latency_simulated = model_auto_regression.compile_and_simulate(
2025-12-30 15:42:05,235 [ERROR]   File "/home/william/LLMCompass_GoldData/software_model/transformer.py", line 573, in compile_and_simulate
    self.H_matmul0.compile_and_simulate(pcb, compile_mode)
2025-12-30 15:42:05,235 [ERROR]   File "/home/william/LLMCompass_GoldData/software_model/matmul.py", line 583, in compile_and_simulate
    cycle_count = self.simulate(
2025-12-30 15:42:05,235 [ERROR]   File "/home/william/LLMCompass_GoldData/software_model/matmul.py", line 915, in simulate
    previous_l2_tile = l2_tiles[previous_m, previous_n, previous_k]
2025-12-30 15:42:05,235 [ERROR] KeyboardInterrupt
2025-12-30 15:42:05,234 [ERROR]   File "/home/william/miniconda3/envs/llmcompass/lib/python3.9/multiprocessing/process.py", line 315, in _bootstrap
    self.run()
2025-12-30 15:42:05,236 [ERROR]   File "/home/william/miniconda3/envs/llmcompass/lib/python3.9/multiprocessing/process.py", line 108, in run
    self._target(*self._args, **self._kwargs)
2025-12-30 15:42:05,236 [ERROR]   File "/home/william/LLMCompass_GoldData/ae/figure8/change_memory_bw.py", line 103, in test_memory_bandwidth
    auto_regression_latency_simulated = model_auto_regression.compile_and_simulate(
2025-12-30 15:42:05,236 [ERROR]   File "/home/william/LLMCompass_GoldData/software_model/transformer.py", line 578, in compile_and_simulate
    self.H_matmul1.compile_and_simulate(pcb, compile_mode)
2025-12-30 15:42:05,237 [ERROR]   File "/home/william/LLMCompass_GoldData/software_model/matmul.py", line 583, in compile_and_simulate
    cycle_count = self.simulate(
2025-12-30 15:42:05,237 [ERROR]   File "/home/william/LLMCompass_GoldData/software_model/matmul.py", line 826, in simulate
    l2_tiles[-1, :N_l2_t, :K_l2_t] = self.L2TileSimulator(
2025-12-30 15:42:05,237 [ERROR]   File "/home/william/LLMCompass_GoldData/software_model/matmul.py", line 1005, in __init__
    self.compute_cycle_count = self.simulate_l2_tile_compute_cycle_count(
2025-12-30 15:42:05,237 [ERROR]   File "/home/william/LLMCompass_GoldData/software_model/matmul.py", line 1190, in simulate_l2_tile_compute_cycle_count
    len(active_l1_tile_list) < chiplet_module.compute_module.core_count
2025-12-30 15:42:05,235 [ERROR] Traceback (most recent call last):
2025-12-30 15:42:05,237 [ERROR] KeyboardInterrupt
2025-12-30 15:42:05,237 [ERROR]   File "/home/william/miniconda3/envs/llmcompass/lib/python3.9/multiprocessing/process.py", line 315, in _bootstrap
    self.run()
2025-12-30 15:42:05,237 [ERROR]   File "/home/william/miniconda3/envs/llmcompass/lib/python3.9/multiprocessing/process.py", line 108, in run
    self._target(*self._args, **self._kwargs)
2025-12-30 15:42:05,237 [ERROR]   File "/home/william/LLMCompass_GoldData/ae/figure8/change_memory_bw.py", line 103, in test_memory_bandwidth
    auto_regression_latency_simulated = model_auto_regression.compile_and_simulate(
2025-12-30 15:42:05,237 [ERROR]   File "/home/william/LLMCompass_GoldData/software_model/transformer.py", line 558, in compile_and_simulate
    self.Q_proj.compile_and_simulate(pcb, compile_mode)
2025-12-30 15:42:05,237 [ERROR]   File "/home/william/LLMCompass_GoldData/software_model/matmul.py", line 583, in compile_and_simulate
    cycle_count = self.simulate(
2025-12-30 15:42:05,237 [ERROR]   File "/home/william/LLMCompass_GoldData/software_model/matmul.py", line 836, in simulate
    l2_tiles[:M_l2_t, -1, :K_l2_t] = self.L2TileSimulator(
2025-12-30 15:42:05,237 [ERROR]   File "/home/william/LLMCompass_GoldData/software_model/matmul.py", line 1005, in __init__
    self.compute_cycle_count = self.simulate_l2_tile_compute_cycle_count(
2025-12-30 15:42:05,237 [ERROR]   File "/home/william/LLMCompass_GoldData/software_model/matmul.py", line 1190, in simulate_l2_tile_compute_cycle_count
    len(active_l1_tile_list) < chiplet_module.compute_module.core_count
2025-12-30 15:42:05,237 [ERROR] KeyboardInterrupt
2025-12-30 15:42:05,237 [ERROR] Traceback (most recent call last):
2025-12-30 15:42:05,237 [ERROR]   File "/home/william/miniconda3/envs/llmcompass/lib/python3.9/multiprocessing/process.py", line 315, in _bootstrap
    self.run()
2025-12-30 15:42:05,238 [ERROR]   File "/home/william/miniconda3/envs/llmcompass/lib/python3.9/multiprocessing/process.py", line 108, in run
    self._target(*self._args, **self._kwargs)
2025-12-30 15:42:05,238 [ERROR]   File "/home/william/LLMCompass_GoldData/ae/figure8/change_memory_bw.py", line 103, in test_memory_bandwidth
    auto_regression_latency_simulated = model_auto_regression.compile_and_simulate(
2025-12-30 15:42:05,238 [ERROR]   File "/home/william/LLMCompass_GoldData/software_model/transformer.py", line 578, in compile_and_simulate
    self.H_matmul1.compile_and_simulate(pcb, compile_mode)
2025-12-30 15:42:05,238 [ERROR]   File "/home/william/LLMCompass_GoldData/software_model/matmul.py", line 583, in compile_and_simulate
    cycle_count = self.simulate(
2025-12-30 15:42:05,238 [ERROR]   File "/home/william/LLMCompass_GoldData/software_model/matmul.py", line 929, in simulate
    previous_tile_compute_cycle_count = previous_l2_tile.compute_cycle_count
2025-12-30 15:42:05,238 [ERROR] KeyboardInterrupt
2025-12-30 15:42:05,807 [ERROR] Process Process-438:
2025-12-30 15:42:05,807 [ERROR] Process Process-430:
2025-12-30 15:42:05,807 [ERROR] Process Process-424:
2025-12-30 15:42:05,807 [ERROR] Process Process-420:
2025-12-30 15:42:05,807 [ERROR] Process Process-400:
2025-12-30 15:42:05,807 [ERROR] Process Process-407:
2025-12-30 15:42:05,807 [ERROR] Process Process-396:
2025-12-30 15:42:05,807 [ERROR] Process Process-426:
2025-12-30 15:42:05,807 [ERROR] Process Process-435:
2025-12-30 15:42:05,807 [ERROR] Process Process-432:
2025-12-30 15:42:05,807 [ERROR] Process Process-433:
2025-12-30 15:42:05,807 [ERROR] Process Process-431:
2025-12-30 15:42:05,807 [ERROR] Process Process-427:
2025-12-30 15:42:05,807 [ERROR] Process Process-405:
2025-12-30 15:42:05,807 [ERROR] Process Process-416:
2025-12-30 15:42:05,807 [ERROR] Process Process-423:
2025-12-30 15:42:05,807 [ERROR] Process Process-399:
2025-12-30 15:42:05,807 [ERROR] Process Process-403:
2025-12-30 15:42:05,807 [ERROR] Process Process-408:
2025-12-30 15:42:05,807 [ERROR] Process Process-406:
2025-12-30 15:42:05,807 [ERROR] Process Process-395:
2025-12-30 15:42:05,807 [ERROR] Process Process-436:
2025-12-30 15:42:05,807 [ERROR] Process Process-402:
2025-12-30 15:42:05,807 [ERROR] Process Process-428:
2025-12-30 15:42:05,807 [ERROR] Process Process-429:
2025-12-30 15:42:05,807 [ERROR] Process Process-425:
2025-12-30 15:42:05,807 [ERROR] Process Process-418:
2025-12-30 15:42:05,807 [ERROR] Process Process-434:
2025-12-30 15:42:05,807 [ERROR] Process Process-404:
2025-12-30 15:42:05,807 [ERROR] Process Process-419:
2025-12-30 15:42:05,807 [ERROR] Process Process-413:
2025-12-30 15:42:05,807 [ERROR] Process Process-401:
2025-12-30 15:42:05,807 [ERROR] Process Process-415:
2025-12-30 15:42:05,807 [ERROR] Process Process-397:
2025-12-30 15:42:05,807 [ERROR] Process Process-417:
2025-12-30 15:42:05,807 [ERROR] Process Process-409:
2025-12-30 15:42:05,807 [ERROR] Process Process-421:
2025-12-30 15:42:05,807 [ERROR] Process Process-394:
2025-12-30 15:42:05,807 [ERROR] Process Process-393:
2025-12-30 15:42:05,808 [ERROR] Process Process-443:
2025-12-30 15:42:05,807 [ERROR] Process Process-422:
2025-12-30 15:42:05,808 [ERROR] Traceback (most recent call last):
2025-12-30 15:42:05,808 [ERROR] Traceback (most recent call last):
2025-12-30 15:42:05,808 [ERROR] Traceback (most recent call last):
2025-12-30 15:42:05,808 [ERROR] Traceback (most recent call last):
2025-12-30 15:42:05,808 [ERROR] Traceback (most recent call last):
2025-12-30 15:42:05,808 [ERROR] Traceback (most recent call last):
2025-12-30 15:42:05,808 [ERROR]   File "/home/william/miniconda3/envs/llmcompass/lib/python3.9/multiprocessing/process.py", line 315, in _bootstrap
    self.run()
2025-12-30 15:42:05,808 [ERROR]   File "/home/william/miniconda3/envs/llmcompass/lib/python3.9/multiprocessing/process.py", line 315, in _bootstrap
    self.run()
2025-12-30 15:42:05,808 [ERROR]   File "/home/william/miniconda3/envs/llmcompass/lib/python3.9/multiprocessing/process.py", line 315, in _bootstrap
    self.run()
2025-12-30 15:42:05,808 [ERROR]   File "/home/william/miniconda3/envs/llmcompass/lib/python3.9/multiprocessing/process.py", line 315, in _bootstrap
    self.run()
2025-12-30 15:42:05,808 [ERROR] Traceback (most recent call last):
2025-12-30 15:42:05,808 [ERROR] Process Process-444:
2025-12-30 15:42:05,808 [ERROR]   File "/home/william/miniconda3/envs/llmcompass/lib/python3.9/multiprocessing/process.py", line 315, in _bootstrap
    self.run()
2025-12-30 15:42:05,808 [ERROR]   File "/home/william/miniconda3/envs/llmcompass/lib/python3.9/multiprocessing/process.py", line 108, in run
    self._target(*self._args, **self._kwargs)
2025-12-30 15:42:05,808 [ERROR] Traceback (most recent call last):
2025-12-30 15:42:05,808 [ERROR]   File "/home/william/miniconda3/envs/llmcompass/lib/python3.9/multiprocessing/process.py", line 315, in _bootstrap
    self.run()
2025-12-30 15:42:05,808 [ERROR] Traceback (most recent call last):
2025-12-30 15:42:05,808 [ERROR] Traceback (most recent call last):
2025-12-30 15:42:05,808 [ERROR] Traceback (most recent call last):
2025-12-30 15:42:05,808 [ERROR]   File "/home/william/miniconda3/envs/llmcompass/lib/python3.9/multiprocessing/process.py", line 108, in run
    self._target(*self._args, **self._kwargs)
2025-12-30 15:42:05,808 [ERROR]   File "/home/william/miniconda3/envs/llmcompass/lib/python3.9/multiprocessing/process.py", line 108, in run
    self._target(*self._args, **self._kwargs)
2025-12-30 15:42:05,808 [ERROR]   File "/home/william/miniconda3/envs/llmcompass/lib/python3.9/multiprocessing/process.py", line 108, in run
    self._target(*self._args, **self._kwargs)
2025-12-30 15:42:05,808 [ERROR]   File "/home/william/miniconda3/envs/llmcompass/lib/python3.9/multiprocessing/process.py", line 108, in run
    self._target(*self._args, **self._kwargs)
2025-12-30 15:42:05,808 [ERROR]   File "/home/william/LLMCompass_GoldData/ae/figure8/change_memory_bw.py", line 103, in test_memory_bandwidth
    auto_regression_latency_simulated = model_auto_regression.compile_and_simulate(
2025-12-30 15:42:05,808 [ERROR]   File "/home/william/miniconda3/envs/llmcompass/lib/python3.9/multiprocessing/process.py", line 315, in _bootstrap
    self.run()
2025-12-30 15:42:05,808 [ERROR]   File "/home/william/miniconda3/envs/llmcompass/lib/python3.9/multiprocessing/process.py", line 108, in run
    self._target(*self._args, **self._kwargs)
2025-12-30 15:42:05,808 [ERROR]   File "/home/william/LLMCompass_GoldData/ae/figure8/change_memory_bw.py", line 103, in test_memory_bandwidth
    auto_regression_latency_simulated = model_auto_regression.compile_and_simulate(
2025-12-30 15:42:05,808 [ERROR] Traceback (most recent call last):
2025-12-30 15:42:05,808 [ERROR]   File "/home/william/LLMCompass_GoldData/ae/figure8/change_memory_bw.py", line 103, in test_memory_bandwidth
    auto_regression_latency_simulated = model_auto_regression.compile_and_simulate(
2025-12-30 15:42:05,808 [ERROR]   File "/home/william/miniconda3/envs/llmcompass/lib/python3.9/multiprocessing/process.py", line 315, in _bootstrap
    self.run()
2025-12-30 15:42:05,808 [ERROR]   File "/home/william/LLMCompass_GoldData/ae/figure8/change_memory_bw.py", line 103, in test_memory_bandwidth
    auto_regression_latency_simulated = model_auto_regression.compile_and_simulate(
2025-12-30 15:42:05,808 [ERROR]   File "/home/william/LLMCompass_GoldData/ae/figure8/change_memory_bw.py", line 103, in test_memory_bandwidth
    auto_regression_latency_simulated = model_auto_regression.compile_and_simulate(
2025-12-30 15:42:05,808 [ERROR] Traceback (most recent call last):
2025-12-30 15:42:05,808 [ERROR]   File "/home/william/LLMCompass_GoldData/software_model/transformer.py", line 558, in compile_and_simulate
    self.Q_proj.compile_and_simulate(pcb, compile_mode)
2025-12-30 15:42:05,808 [ERROR]   File "/home/william/miniconda3/envs/llmcompass/lib/python3.9/multiprocessing/process.py", line 315, in _bootstrap
    self.run()
2025-12-30 15:42:05,808 [ERROR]   File "/home/william/miniconda3/envs/llmcompass/lib/python3.9/multiprocessing/process.py", line 108, in run
    self._target(*self._args, **self._kwargs)
2025-12-30 15:42:05,808 [ERROR]   File "/home/william/LLMCompass_GoldData/ae/figure8/change_memory_bw.py", line 103, in test_memory_bandwidth
    auto_regression_latency_simulated = model_auto_regression.compile_and_simulate(
2025-12-30 15:42:05,808 [ERROR] Process Process-414:
2025-12-30 15:42:05,808 [ERROR]   File "/home/william/LLMCompass_GoldData/software_model/transformer.py", line 558, in compile_and_simulate
    self.Q_proj.compile_and_simulate(pcb, compile_mode)
2025-12-30 15:42:05,808 [ERROR]   File "/home/william/miniconda3/envs/llmcompass/lib/python3.9/multiprocessing/process.py", line 315, in _bootstrap
    self.run()
2025-12-30 15:42:05,808 [ERROR]   File "/home/william/miniconda3/envs/llmcompass/lib/python3.9/multiprocessing/process.py", line 315, in _bootstrap
    self.run()
2025-12-30 15:42:05,808 [ERROR] Traceback (most recent call last):
2025-12-30 15:42:05,808 [ERROR]   File "/home/william/LLMCompass_GoldData/software_model/transformer.py", line 558, in compile_and_simulate
    self.Q_proj.compile_and_simulate(pcb, compile_mode)
2025-12-30 15:42:05,808 [ERROR]   File "/home/william/LLMCompass_GoldData/software_model/transformer.py", line 558, in compile_and_simulate
    self.Q_proj.compile_and_simulate(pcb, compile_mode)
2025-12-30 15:42:05,808 [ERROR]   File "/home/william/LLMCompass_GoldData/software_model/transformer.py", line 558, in compile_and_simulate
    self.Q_proj.compile_and_simulate(pcb, compile_mode)
2025-12-30 15:42:05,808 [ERROR]   File "/home/william/miniconda3/envs/llmcompass/lib/python3.9/multiprocessing/process.py", line 108, in run
    self._target(*self._args, **self._kwargs)
2025-12-30 15:42:05,808 [ERROR] Traceback (most recent call last):
2025-12-30 15:42:05,808 [ERROR]   File "/home/william/LLMCompass_GoldData/software_model/matmul.py", line 583, in compile_and_simulate
    cycle_count = self.simulate(
2025-12-30 15:42:05,808 [ERROR] Traceback (most recent call last):
2025-12-30 15:42:05,808 [ERROR]   File "/home/william/miniconda3/envs/llmcompass/lib/python3.9/multiprocessing/process.py", line 108, in run
    self._target(*self._args, **self._kwargs)
2025-12-30 15:42:05,808 [ERROR]   File "/home/william/LLMCompass_GoldData/ae/figure8/change_memory_bw.py", line 103, in test_memory_bandwidth
    auto_regression_latency_simulated = model_auto_regression.compile_and_simulate(
2025-12-30 15:42:05,808 [ERROR]   File "/home/william/LLMCompass_GoldData/software_model/transformer.py", line 558, in compile_and_simulate
    self.Q_proj.compile_and_simulate(pcb, compile_mode)
2025-12-30 15:42:05,808 [ERROR] Traceback (most recent call last):
2025-12-30 15:42:05,808 [ERROR]   File "/home/william/LLMCompass_GoldData/software_model/matmul.py", line 583, in compile_and_simulate
    cycle_count = self.simulate(
2025-12-30 15:42:05,808 [ERROR]   File "/home/william/miniconda3/envs/llmcompass/lib/python3.9/multiprocessing/process.py", line 315, in _bootstrap
    self.run()
2025-12-30 15:42:05,808 [ERROR] Traceback (most recent call last):
2025-12-30 15:42:05,808 [ERROR] Traceback (most recent call last):
2025-12-30 15:42:05,808 [ERROR]   File "/home/william/miniconda3/envs/llmcompass/lib/python3.9/multiprocessing/process.py", line 108, in run
    self._target(*self._args, **self._kwargs)
2025-12-30 15:42:05,808 [ERROR]   File "/home/william/miniconda3/envs/llmcompass/lib/python3.9/multiprocessing/process.py", line 108, in run
    self._target(*self._args, **self._kwargs)
2025-12-30 15:42:05,808 [ERROR]   File "/home/william/miniconda3/envs/llmcompass/lib/python3.9/multiprocessing/process.py", line 315, in _bootstrap
    self.run()
2025-12-30 15:42:05,808 [ERROR]   File "/home/william/LLMCompass_GoldData/software_model/matmul.py", line 583, in compile_and_simulate
    cycle_count = self.simulate(
2025-12-30 15:42:05,808 [ERROR]   File "/home/william/LLMCompass_GoldData/software_model/matmul.py", line 583, in compile_and_simulate
    cycle_count = self.simulate(
2025-12-30 15:42:05,808 [ERROR]   File "/home/william/LLMCompass_GoldData/software_model/matmul.py", line 583, in compile_and_simulate
    cycle_count = self.simulate(
2025-12-30 15:42:05,808 [ERROR] Traceback (most recent call last):
2025-12-30 15:42:05,808 [ERROR]   File "/home/william/LLMCompass_GoldData/ae/figure8/change_memory_bw.py", line 103, in test_memory_bandwidth
    auto_regression_latency_simulated = model_auto_regression.compile_and_simulate(
2025-12-30 15:42:05,808 [ERROR]   File "/home/william/LLMCompass_GoldData/software_model/matmul.py", line 957, in simulate
    previous_k = k
2025-12-30 15:42:05,808 [ERROR]   File "/home/william/miniconda3/envs/llmcompass/lib/python3.9/multiprocessing/process.py", line 315, in _bootstrap
    self.run()
2025-12-30 15:42:05,808 [ERROR]   File "/home/william/LLMCompass_GoldData/ae/figure8/change_memory_bw.py", line 103, in test_memory_bandwidth
    auto_regression_latency_simulated = model_auto_regression.compile_and_simulate(
2025-12-30 15:42:05,808 [ERROR]   File "/home/william/LLMCompass_GoldData/software_model/transformer.py", line 558, in compile_and_simulate
    self.Q_proj.compile_and_simulate(pcb, compile_mode)
2025-12-30 15:42:05,808 [ERROR] Process Process-439:
2025-12-30 15:42:05,808 [ERROR]   File "/home/william/LLMCompass_GoldData/software_model/matmul.py", line 583, in compile_and_simulate
    cycle_count = self.simulate(
2025-12-30 15:42:05,808 [ERROR]   File "/home/william/LLMCompass_GoldData/software_model/matmul.py", line 915, in simulate
    previous_l2_tile = l2_tiles[previous_m, previous_n, previous_k]
2025-12-30 15:42:05,808 [ERROR]   File "/home/william/miniconda3/envs/llmcompass/lib/python3.9/multiprocessing/process.py", line 315, in _bootstrap
    self.run()
2025-12-30 15:42:05,808 [ERROR]   File "/home/william/miniconda3/envs/llmcompass/lib/python3.9/multiprocessing/process.py", line 315, in _bootstrap
    self.run()
2025-12-30 15:42:05,808 [ERROR]   File "/home/william/miniconda3/envs/llmcompass/lib/python3.9/multiprocessing/process.py", line 108, in run
    self._target(*self._args, **self._kwargs)
2025-12-30 15:42:05,808 [ERROR]   File "/home/william/miniconda3/envs/llmcompass/lib/python3.9/multiprocessing/process.py", line 315, in _bootstrap
    self.run()
2025-12-30 15:42:05,808 [ERROR]   File "/home/william/LLMCompass_GoldData/ae/figure8/change_memory_bw.py", line 103, in test_memory_bandwidth
    auto_regression_latency_simulated = model_auto_regression.compile_and_simulate(
2025-12-30 15:42:05,808 [ERROR] Traceback (most recent call last):
2025-12-30 15:42:05,808 [ERROR]   File "/home/william/LLMCompass_GoldData/ae/figure8/change_memory_bw.py", line 103, in test_memory_bandwidth
    auto_regression_latency_simulated = model_auto_regression.compile_and_simulate(
2025-12-30 15:42:05,808 [ERROR]   File "/home/william/LLMCompass_GoldData/software_model/matmul.py", line 826, in simulate
    l2_tiles[-1, :N_l2_t, :K_l2_t] = self.L2TileSimulator(
2025-12-30 15:42:05,808 [ERROR]   File "/home/william/miniconda3/envs/llmcompass/lib/python3.9/multiprocessing/process.py", line 108, in run
    self._target(*self._args, **self._kwargs)
2025-12-30 15:42:05,808 [ERROR]   File "/home/william/LLMCompass_GoldData/software_model/matmul.py", line 915, in simulate
    previous_l2_tile = l2_tiles[previous_m, previous_n, previous_k]
2025-12-30 15:42:05,808 [ERROR]   File "/home/william/LLMCompass_GoldData/software_model/matmul.py", line 911, in simulate
    if m == 0 and n == 0 and k == 0:
2025-12-30 15:42:05,807 [ERROR] Process Process-398:
2025-12-30 15:42:05,808 [ERROR]   File "/home/william/miniconda3/envs/llmcompass/lib/python3.9/multiprocessing/process.py", line 315, in _bootstrap
    self.run()
2025-12-30 15:42:05,808 [ERROR]   File "/home/william/LLMCompass_GoldData/software_model/transformer.py", line 558, in compile_and_simulate
    self.Q_proj.compile_and_simulate(pcb, compile_mode)
2025-12-30 15:42:05,808 [ERROR]   File "/home/william/miniconda3/envs/llmcompass/lib/python3.9/multiprocessing/process.py", line 315, in _bootstrap
    self.run()
2025-12-30 15:42:05,808 [ERROR]   File "/home/william/LLMCompass_GoldData/software_model/transformer.py", line 558, in compile_and_simulate
    self.Q_proj.compile_and_simulate(pcb, compile_mode)
2025-12-30 15:42:05,808 [ERROR] KeyboardInterrupt
2025-12-30 15:42:05,808 [ERROR]   File "/home/william/miniconda3/envs/llmcompass/lib/python3.9/multiprocessing/process.py", line 108, in run
    self._target(*self._args, **self._kwargs)
2025-12-30 15:42:05,808 [ERROR]   File "/home/william/LLMCompass_GoldData/software_model/matmul.py", line 583, in compile_and_simulate
    cycle_count = self.simulate(
2025-12-30 15:42:05,808 [ERROR] KeyboardInterrupt
2025-12-30 15:42:05,808 [ERROR]   File "/home/william/miniconda3/envs/llmcompass/lib/python3.9/multiprocessing/process.py", line 315, in _bootstrap
    self.run()
2025-12-30 15:42:05,808 [ERROR] Traceback (most recent call last):
2025-12-30 15:42:05,808 [ERROR] Traceback (most recent call last):
2025-12-30 15:42:05,808 [ERROR] Traceback (most recent call last):
2025-12-30 15:42:05,808 [ERROR] Traceback (most recent call last):
2025-12-30 15:42:05,808 [ERROR]   File "/home/william/LLMCompass_GoldData/software_model/matmul.py", line 826, in simulate
    l2_tiles[-1, :N_l2_t, :K_l2_t] = self.L2TileSimulator(
2025-12-30 15:42:05,808 [ERROR] Traceback (most recent call last):
2025-12-30 15:42:05,808 [ERROR] Traceback (most recent call last):
2025-12-30 15:42:05,808 [ERROR]   File "/home/william/miniconda3/envs/llmcompass/lib/python3.9/multiprocessing/process.py", line 108, in run
    self._target(*self._args, **self._kwargs)
2025-12-30 15:42:05,808 [ERROR]   File "/home/william/miniconda3/envs/llmcompass/lib/python3.9/multiprocessing/process.py", line 108, in run
    self._target(*self._args, **self._kwargs)
2025-12-30 15:42:05,808 [ERROR] KeyboardInterrupt
2025-12-30 15:42:05,808 [ERROR]   File "/home/william/LLMCompass_GoldData/ae/figure8/change_memory_bw.py", line 103, in test_memory_bandwidth
    auto_regression_latency_simulated = model_auto_regression.compile_and_simulate(
2025-12-30 15:42:05,808 [ERROR]   File "/home/william/miniconda3/envs/llmcompass/lib/python3.9/multiprocessing/process.py", line 108, in run
    self._target(*self._args, **self._kwargs)
2025-12-30 15:42:05,808 [ERROR]   File "/home/william/LLMCompass_GoldData/software_model/transformer.py", line 558, in compile_and_simulate
    self.Q_proj.compile_and_simulate(pcb, compile_mode)
2025-12-30 15:42:05,808 [ERROR]   File "/home/william/LLMCompass_GoldData/software_model/matmul.py", line 1005, in __init__
    self.compute_cycle_count = self.simulate_l2_tile_compute_cycle_count(
2025-12-30 15:42:05,808 [ERROR]   File "/home/william/LLMCompass_GoldData/ae/figure8/change_memory_bw.py", line 103, in test_memory_bandwidth
    auto_regression_latency_simulated = model_auto_regression.compile_and_simulate(
2025-12-30 15:42:05,808 [ERROR]   File "/home/william/LLMCompass_GoldData/software_model/transformer.py", line 558, in compile_and_simulate
    self.Q_proj.compile_and_simulate(pcb, compile_mode)
2025-12-30 15:42:05,808 [ERROR]   File "/home/william/LLMCompass_GoldData/ae/figure8/change_memory_bw.py", line 103, in test_memory_bandwidth
    auto_regression_latency_simulated = model_auto_regression.compile_and_simulate(
2025-12-30 15:42:05,808 [ERROR]   File "/home/william/miniconda3/envs/llmcompass/lib/python3.9/multiprocessing/process.py", line 315, in _bootstrap
    self.run()
2025-12-30 15:42:05,808 [ERROR] KeyboardInterrupt
2025-12-30 15:42:05,808 [ERROR]   File "/home/william/LLMCompass_GoldData/software_model/matmul.py", line 583, in compile_and_simulate
    cycle_count = self.simulate(
2025-12-30 15:42:05,808 [ERROR]   File "/home/william/miniconda3/envs/llmcompass/lib/python3.9/multiprocessing/process.py", line 108, in run
    self._target(*self._args, **self._kwargs)
2025-12-30 15:42:05,808 [ERROR]   File "/home/william/LLMCompass_GoldData/software_model/matmul.py", line 583, in compile_and_simulate
    cycle_count = self.simulate(
2025-12-30 15:42:05,808 [ERROR]   File "/home/william/miniconda3/envs/llmcompass/lib/python3.9/multiprocessing/process.py", line 108, in run
    self._target(*self._args, **self._kwargs)
2025-12-30 15:42:05,808 [ERROR]   File "/home/william/LLMCompass_GoldData/ae/figure8/change_memory_bw.py", line 103, in test_memory_bandwidth
    auto_regression_latency_simulated = model_auto_regression.compile_and_simulate(
2025-12-30 15:42:05,808 [ERROR]   File "/home/william/LLMCompass_GoldData/software_model/matmul.py", line 905, in simulate
    for m, n, k in self.generate_tile_loops(
2025-12-30 15:42:05,808 [ERROR] Traceback (most recent call last):
2025-12-30 15:42:05,808 [ERROR]   File "/home/william/miniconda3/envs/llmcompass/lib/python3.9/multiprocessing/process.py", line 108, in run
    self._target(*self._args, **self._kwargs)
2025-12-30 15:42:05,808 [ERROR] Traceback (most recent call last):
2025-12-30 15:42:05,808 [ERROR] Traceback (most recent call last):
2025-12-30 15:42:05,808 [ERROR]   File "/home/william/miniconda3/envs/llmcompass/lib/python3.9/multiprocessing/process.py", line 315, in _bootstrap
    self.run()
2025-12-30 15:42:05,808 [ERROR]   File "/home/william/LLMCompass_GoldData/software_model/matmul.py", line 1005, in __init__
    self.compute_cycle_count = self.simulate_l2_tile_compute_cycle_count(
2025-12-30 15:42:05,808 [ERROR]   File "/home/william/LLMCompass_GoldData/ae/figure8/change_memory_bw.py", line 103, in test_memory_bandwidth
    auto_regression_latency_simulated = model_auto_regression.compile_and_simulate(
2025-12-30 15:42:05,808 [ERROR] Traceback (most recent call last):
2025-12-30 15:42:05,808 [ERROR] Traceback (most recent call last):
2025-12-30 15:42:05,808 [ERROR]   File "/home/william/LLMCompass_GoldData/ae/figure8/change_memory_bw.py", line 103, in test_memory_bandwidth
    auto_regression_latency_simulated = model_auto_regression.compile_and_simulate(
2025-12-30 15:42:05,808 [ERROR]   File "/home/william/LLMCompass_GoldData/software_model/transformer.py", line 558, in compile_and_simulate
    self.Q_proj.compile_and_simulate(pcb, compile_mode)
2025-12-30 15:42:05,808 [ERROR]   File "/home/william/miniconda3/envs/llmcompass/lib/python3.9/multiprocessing/process.py", line 315, in _bootstrap
    self.run()
2025-12-30 15:42:05,808 [ERROR]   File "/home/william/miniconda3/envs/llmcompass/lib/python3.9/multiprocessing/process.py", line 315, in _bootstrap
    self.run()
2025-12-30 15:42:05,808 [ERROR] Traceback (most recent call last):
2025-12-30 15:42:05,808 [ERROR]   File "/home/william/LLMCompass_GoldData/ae/figure8/change_memory_bw.py", line 103, in test_memory_bandwidth
    auto_regression_latency_simulated = model_auto_regression.compile_and_simulate(
2025-12-30 15:42:05,808 [ERROR]   File "/home/william/LLMCompass_GoldData/software_model/transformer.py", line 558, in compile_and_simulate
    self.Q_proj.compile_and_simulate(pcb, compile_mode)
2025-12-30 15:42:05,808 [ERROR]   File "/home/william/LLMCompass_GoldData/software_model/matmul.py", line 583, in compile_and_simulate
    cycle_count = self.simulate(
2025-12-30 15:42:05,808 [ERROR]   File "/home/william/LLMCompass_GoldData/software_model/matmul.py", line 1286, in simulate_l2_tile_compute_cycle_count
    np.sum(previous_batch_Write_M_N * M_N_tile_size)
2025-12-30 15:42:05,808 [ERROR]   File "/home/william/miniconda3/envs/llmcompass/lib/python3.9/multiprocessing/process.py", line 315, in _bootstrap
    self.run()
2025-12-30 15:42:05,809 [ERROR]   File "/home/william/miniconda3/envs/llmcompass/lib/python3.9/multiprocessing/process.py", line 108, in run
    self._target(*self._args, **self._kwargs)
2025-12-30 15:42:05,808 [ERROR]   File "/home/william/miniconda3/envs/llmcompass/lib/python3.9/multiprocessing/process.py", line 315, in _bootstrap
    self.run()
2025-12-30 15:42:05,808 [ERROR]   File "/home/william/LLMCompass_GoldData/software_model/transformer.py", line 558, in compile_and_simulate
    self.Q_proj.compile_and_simulate(pcb, compile_mode)
2025-12-30 15:42:05,809 [ERROR]   File "/home/william/miniconda3/envs/llmcompass/lib/python3.9/multiprocessing/process.py", line 108, in run
    self._target(*self._args, **self._kwargs)
2025-12-30 15:42:05,808 [ERROR]   File "/home/william/LLMCompass_GoldData/software_model/matmul.py", line 583, in compile_and_simulate
    cycle_count = self.simulate(
2025-12-30 15:42:05,808 [ERROR]   File "/home/william/LLMCompass_GoldData/software_model/matmul.py", line 941, in simulate
    if mapping.is_l2_double_buffering:  # pipelined
2025-12-30 15:42:05,808 [ERROR]   File "/home/william/miniconda3/envs/llmcompass/lib/python3.9/multiprocessing/process.py", line 108, in run
    self._target(*self._args, **self._kwargs)
2025-12-30 15:42:05,808 [ERROR]   File "/home/william/LLMCompass_GoldData/ae/figure8/change_memory_bw.py", line 103, in test_memory_bandwidth
    auto_regression_latency_simulated = model_auto_regression.compile_and_simulate(
2025-12-30 15:42:05,808 [ERROR]   File "/home/william/LLMCompass_GoldData/software_model/matmul.py", line 915, in simulate
    previous_l2_tile = l2_tiles[previous_m, previous_n, previous_k]
2025-12-30 15:42:05,808 [ERROR]   File "/home/william/LLMCompass_GoldData/software_model/transformer.py", line 558, in compile_and_simulate
    self.Q_proj.compile_and_simulate(pcb, compile_mode)
2025-12-30 15:42:05,808 [ERROR] Traceback (most recent call last):
2025-12-30 15:42:05,808 [ERROR]   File "/home/william/LLMCompass_GoldData/software_model/matmul.py", line 198, in generate_tile_loops
    for m in range(loop_M):
2025-12-30 15:42:05,808 [ERROR]   File "/home/william/LLMCompass_GoldData/ae/figure8/change_memory_bw.py", line 103, in test_memory_bandwidth
    auto_regression_latency_simulated = model_auto_regression.compile_and_simulate(
2025-12-30 15:42:05,808 [ERROR] Process Process-412:
2025-12-30 15:42:05,808 [ERROR]   File "/home/william/miniconda3/envs/llmcompass/lib/python3.9/multiprocessing/process.py", line 108, in run
    self._target(*self._args, **self._kwargs)
2025-12-30 15:42:05,808 [ERROR]   File "/home/william/LLMCompass_GoldData/software_model/matmul.py", line 1222, in simulate_l2_tile_compute_cycle_count
    / chiplet_module.compute_module.core.vector_unit.total_vector_flops_per_cycle
2025-12-30 15:42:05,808 [ERROR]   File "/home/william/miniconda3/envs/llmcompass/lib/python3.9/multiprocessing/process.py", line 315, in _bootstrap
    self.run()
2025-12-30 15:42:05,808 [ERROR]   File "/home/william/LLMCompass_GoldData/software_model/transformer.py", line 558, in compile_and_simulate
    self.Q_proj.compile_and_simulate(pcb, compile_mode)
2025-12-30 15:42:05,809 [ERROR]   File "/home/william/LLMCompass_GoldData/software_model/transformer.py", line 558, in compile_and_simulate
    self.Q_proj.compile_and_simulate(pcb, compile_mode)
2025-12-30 15:42:05,809 [ERROR]   File "/home/william/miniconda3/envs/llmcompass/lib/python3.9/multiprocessing/process.py", line 315, in _bootstrap
    self.run()
2025-12-30 15:42:05,809 [ERROR]   File "/home/william/LLMCompass_GoldData/software_model/matmul.py", line 583, in compile_and_simulate
    cycle_count = self.simulate(
2025-12-30 15:42:05,809 [ERROR]   File "/home/william/miniconda3/envs/llmcompass/lib/python3.9/multiprocessing/process.py", line 315, in _bootstrap
    self.run()
2025-12-30 15:42:05,809 [ERROR]   File "/home/william/miniconda3/envs/llmcompass/lib/python3.9/multiprocessing/process.py", line 315, in _bootstrap
    self.run()
2025-12-30 15:42:05,809 [ERROR]   File "/home/william/miniconda3/envs/llmcompass/lib/python3.9/multiprocessing/process.py", line 315, in _bootstrap
    self.run()
2025-12-30 15:42:05,809 [ERROR]   File "/home/william/LLMCompass_GoldData/software_model/transformer.py", line 558, in compile_and_simulate
    self.Q_proj.compile_and_simulate(pcb, compile_mode)
2025-12-30 15:42:05,809 [ERROR]   File "/home/william/LLMCompass_GoldData/software_model/matmul.py", line 583, in compile_and_simulate
    cycle_count = self.simulate(
2025-12-30 15:42:05,809 [ERROR]   File "/home/william/LLMCompass_GoldData/software_model/matmul.py", line 915, in simulate
    previous_l2_tile = l2_tiles[previous_m, previous_n, previous_k]
2025-12-30 15:42:05,808 [ERROR]   File "/home/william/miniconda3/envs/llmcompass/lib/python3.9/multiprocessing/process.py", line 315, in _bootstrap
    self.run()
2025-12-30 15:42:05,809 [ERROR]   File "/home/william/LLMCompass_GoldData/ae/figure8/change_memory_bw.py", line 103, in test_memory_bandwidth
    auto_regression_latency_simulated = model_auto_regression.compile_and_simulate(
2025-12-30 15:42:05,809 [ERROR]   File "/home/william/LLMCompass_GoldData/software_model/matmul.py", line 583, in compile_and_simulate
    cycle_count = self.simulate(
2025-12-30 15:42:05,809 [ERROR] KeyboardInterrupt
2025-12-30 15:42:05,809 [ERROR]   File "/home/william/miniconda3/envs/llmcompass/lib/python3.9/multiprocessing/process.py", line 108, in run
    self._target(*self._args, **self._kwargs)
2025-12-30 15:42:05,809 [ERROR]   File "/home/william/miniconda3/envs/llmcompass/lib/python3.9/multiprocessing/process.py", line 108, in run
    self._target(*self._args, **self._kwargs)
2025-12-30 15:42:05,809 [ERROR]   File "/home/william/LLMCompass_GoldData/software_model/matmul.py", line 826, in simulate
    l2_tiles[-1, :N_l2_t, :K_l2_t] = self.L2TileSimulator(
2025-12-30 15:42:05,809 [ERROR]   File "/home/william/LLMCompass_GoldData/ae/figure8/change_memory_bw.py", line 103, in test_memory_bandwidth
    auto_regression_latency_simulated = model_auto_regression.compile_and_simulate(
2025-12-30 15:42:05,809 [ERROR]   File "/home/william/miniconda3/envs/llmcompass/lib/python3.9/multiprocessing/process.py", line 108, in run
    self._target(*self._args, **self._kwargs)
2025-12-30 15:42:05,809 [ERROR]   File "/home/william/LLMCompass_GoldData/ae/figure8/change_memory_bw.py", line 103, in test_memory_bandwidth
    auto_regression_latency_simulated = model_auto_regression.compile_and_simulate(
2025-12-30 15:42:05,809 [ERROR] KeyboardInterrupt
2025-12-30 15:42:05,809 [ERROR]   File "/home/william/LLMCompass_GoldData/software_model/transformer.py", line 558, in compile_and_simulate
    self.Q_proj.compile_and_simulate(pcb, compile_mode)
2025-12-30 15:42:05,809 [ERROR]   File "/home/william/LLMCompass_GoldData/software_model/matmul.py", line 583, in compile_and_simulate
    cycle_count = self.simulate(
2025-12-30 15:42:05,809 [ERROR] KeyboardInterrupt
2025-12-30 15:42:05,809 [ERROR]   File "/home/william/miniconda3/envs/llmcompass/lib/python3.9/multiprocessing/process.py", line 315, in _bootstrap
    self.run()
2025-12-30 15:42:05,809 [ERROR]   File "/home/william/LLMCompass_GoldData/software_model/transformer.py", line 558, in compile_and_simulate
    self.Q_proj.compile_and_simulate(pcb, compile_mode)
2025-12-30 15:42:05,809 [ERROR] KeyboardInterrupt
2025-12-30 15:42:05,809 [ERROR]   File "/home/william/LLMCompass_GoldData/ae/figure8/change_memory_bw.py", line 103, in test_memory_bandwidth
    auto_regression_latency_simulated = model_auto_regression.compile_and_simulate(
2025-12-30 15:42:05,809 [ERROR]   File "/home/william/LLMCompass_GoldData/software_model/matmul.py", line 583, in compile_and_simulate
    cycle_count = self.simulate(
2025-12-30 15:42:05,809 [ERROR] KeyboardInterrupt
2025-12-30 15:42:05,809 [ERROR]   File "/home/william/miniconda3/envs/llmcompass/lib/python3.9/multiprocessing/process.py", line 108, in run
    self._target(*self._args, **self._kwargs)
2025-12-30 15:42:05,809 [ERROR]   File "/home/william/LLMCompass_GoldData/software_model/matmul.py", line 583, in compile_and_simulate
    cycle_count = self.simulate(
2025-12-30 15:42:05,809 [ERROR]   File "/home/william/LLMCompass_GoldData/software_model/matmul.py", line 866, in simulate
    l2_tiles[-1, :N_l2_t, -1] = self.L2TileSimulator(
2025-12-30 15:42:05,809 [ERROR]   File "/home/william/miniconda3/envs/llmcompass/lib/python3.9/multiprocessing/process.py", line 315, in _bootstrap
    self.run()
2025-12-30 15:42:05,809 [ERROR]   File "/home/william/miniconda3/envs/llmcompass/lib/python3.9/multiprocessing/process.py", line 108, in run
    self._target(*self._args, **self._kwargs)
2025-12-30 15:42:05,809 [ERROR]   File "/home/william/miniconda3/envs/llmcompass/lib/python3.9/multiprocessing/process.py", line 108, in run
    self._target(*self._args, **self._kwargs)
2025-12-30 15:42:05,809 [ERROR]   File "/home/william/LLMCompass_GoldData/software_model/matmul.py", line 583, in compile_and_simulate
    cycle_count = self.simulate(
2025-12-30 15:42:05,809 [ERROR]   File "/home/william/LLMCompass_GoldData/software_model/matmul.py", line 826, in simulate
    l2_tiles[-1, :N_l2_t, :K_l2_t] = self.L2TileSimulator(
2025-12-30 15:42:05,809 [ERROR]   File "/home/william/miniconda3/envs/llmcompass/lib/python3.9/multiprocessing/process.py", line 108, in run
    self._target(*self._args, **self._kwargs)
2025-12-30 15:42:05,809 [ERROR] KeyboardInterrupt
2025-12-30 15:42:05,809 [ERROR]   File "/home/william/LLMCompass_GoldData/software_model/transformer.py", line 558, in compile_and_simulate
    self.Q_proj.compile_and_simulate(pcb, compile_mode)
2025-12-30 15:42:05,809 [ERROR]   File "/home/william/LLMCompass_GoldData/software_model/matmul.py", line 826, in simulate
    l2_tiles[-1, :N_l2_t, :K_l2_t] = self.L2TileSimulator(
2025-12-30 15:42:05,809 [ERROR]   File "/home/william/LLMCompass_GoldData/ae/figure8/change_memory_bw.py", line 103, in test_memory_bandwidth
    auto_regression_latency_simulated = model_auto_regression.compile_and_simulate(
2025-12-30 15:42:05,809 [ERROR]   File "/home/william/LLMCompass_GoldData/ae/figure8/change_memory_bw.py", line 103, in test_memory_bandwidth
    auto_regression_latency_simulated = model_auto_regression.compile_and_simulate(
2025-12-30 15:42:05,809 [ERROR]   File "/home/william/miniconda3/envs/llmcompass/lib/python3.9/multiprocessing/process.py", line 108, in run
    self._target(*self._args, **self._kwargs)
2025-12-30 15:42:05,809 [ERROR]   File "/home/william/LLMCompass_GoldData/software_model/matmul.py", line 1005, in __init__
    self.compute_cycle_count = self.simulate_l2_tile_compute_cycle_count(
2025-12-30 15:42:05,809 [ERROR]   File "/home/william/LLMCompass_GoldData/ae/figure8/change_memory_bw.py", line 103, in test_memory_bandwidth
    auto_regression_latency_simulated = model_auto_regression.compile_and_simulate(
2025-12-30 15:42:05,809 [ERROR]   File "/home/william/LLMCompass_GoldData/software_model/transformer.py", line 558, in compile_and_simulate
    self.Q_proj.compile_and_simulate(pcb, compile_mode)
2025-12-30 15:42:05,809 [ERROR]   File "/home/william/LLMCompass_GoldData/software_model/transformer.py", line 558, in compile_and_simulate
    self.Q_proj.compile_and_simulate(pcb, compile_mode)
2025-12-30 15:42:05,809 [ERROR]   File "/home/william/LLMCompass_GoldData/software_model/transformer.py", line 573, in compile_and_simulate
    self.H_matmul0.compile_and_simulate(pcb, compile_mode)
2025-12-30 15:42:05,809 [ERROR]   File "/home/william/LLMCompass_GoldData/ae/figure8/change_memory_bw.py", line 103, in test_memory_bandwidth
    auto_regression_latency_simulated = model_auto_regression.compile_and_simulate(
2025-12-30 15:42:05,809 [ERROR]   File "/home/william/LLMCompass_GoldData/software_model/matmul.py", line 583, in compile_and_simulate
    cycle_count = self.simulate(
2025-12-30 15:42:05,809 [ERROR]   File "/home/william/LLMCompass_GoldData/software_model/matmul.py", line 915, in simulate
    previous_l2_tile = l2_tiles[previous_m, previous_n, previous_k]
2025-12-30 15:42:05,809 [ERROR]   File "/home/william/LLMCompass_GoldData/software_model/transformer.py", line 558, in compile_and_simulate
    self.Q_proj.compile_and_simulate(pcb, compile_mode)
2025-12-30 15:42:05,809 [ERROR] Traceback (most recent call last):
2025-12-30 15:42:05,809 [ERROR]   File "/home/william/LLMCompass_GoldData/software_model/matmul.py", line 583, in compile_and_simulate
    cycle_count = self.simulate(
2025-12-30 15:42:05,809 [ERROR]   File "/home/william/LLMCompass_GoldData/software_model/transformer.py", line 558, in compile_and_simulate
    self.Q_proj.compile_and_simulate(pcb, compile_mode)
2025-12-30 15:42:05,809 [ERROR]   File "/home/william/miniconda3/envs/llmcompass/lib/python3.9/multiprocessing/process.py", line 108, in run
    self._target(*self._args, **self._kwargs)
2025-12-30 15:42:05,809 [ERROR]   File "/home/william/LLMCompass_GoldData/software_model/transformer.py", line 558, in compile_and_simulate
    self.Q_proj.compile_and_simulate(pcb, compile_mode)
2025-12-30 15:42:05,809 [ERROR]   File "/home/william/LLMCompass_GoldData/software_model/matmul.py", line 943, in simulate
    max(
2025-12-30 15:42:05,809 [ERROR]   File "/home/william/LLMCompass_GoldData/software_model/matmul.py", line 826, in simulate
    l2_tiles[-1, :N_l2_t, :K_l2_t] = self.L2TileSimulator(
2025-12-30 15:42:05,809 [ERROR]   File "/home/william/LLMCompass_GoldData/ae/figure8/change_memory_bw.py", line 103, in test_memory_bandwidth
    auto_regression_latency_simulated = model_auto_regression.compile_and_simulate(
2025-12-30 15:42:05,809 [ERROR] KeyboardInterrupt
2025-12-30 15:42:05,809 [ERROR]   File "/home/william/LLMCompass_GoldData/software_model/matmul.py", line 1005, in __init__
    self.compute_cycle_count = self.simulate_l2_tile_compute_cycle_count(
2025-12-30 15:42:05,809 [ERROR]   File "/home/william/LLMCompass_GoldData/ae/figure8/change_memory_bw.py", line 103, in test_memory_bandwidth
    auto_regression_latency_simulated = model_auto_regression.compile_and_simulate(
2025-12-30 15:42:05,809 [ERROR]   File "/home/william/miniconda3/envs/llmcompass/lib/python3.9/multiprocessing/process.py", line 108, in run
    self._target(*self._args, **self._kwargs)
2025-12-30 15:42:05,809 [ERROR]   File "/home/william/LLMCompass_GoldData/software_model/matmul.py", line 941, in simulate
    if mapping.is_l2_double_buffering:  # pipelined
2025-12-30 15:42:05,809 [ERROR]   File "/home/william/LLMCompass_GoldData/software_model/matmul.py", line 1005, in __init__
    self.compute_cycle_count = self.simulate_l2_tile_compute_cycle_count(
2025-12-30 15:42:05,809 [ERROR] Traceback (most recent call last):
2025-12-30 15:42:05,809 [ERROR] Process Process-437:
2025-12-30 15:42:05,809 [ERROR] KeyboardInterrupt
2025-12-30 15:42:05,809 [ERROR]   File "/home/william/LLMCompass_GoldData/software_model/matmul.py", line 583, in compile_and_simulate
    cycle_count = self.simulate(
2025-12-30 15:42:05,809 [ERROR]   File "/home/william/LLMCompass_GoldData/software_model/matmul.py", line 1214, in simulate_l2_tile_compute_cycle_count
    current_batch_Read_K_N[temp_k, temp_n] = 1
2025-12-30 15:42:05,809 [ERROR]   File "/home/william/LLMCompass_GoldData/ae/figure8/change_memory_bw.py", line 103, in test_memory_bandwidth
    auto_regression_latency_simulated = model_auto_regression.compile_and_simulate(
2025-12-30 15:42:05,809 [ERROR]   File "/home/william/LLMCompass_GoldData/software_model/matmul.py", line 1005, in __init__
    self.compute_cycle_count = self.simulate_l2_tile_compute_cycle_count(
2025-12-30 15:42:05,809 [ERROR]   File "/home/william/LLMCompass_GoldData/software_model/transformer.py", line 558, in compile_and_simulate
    self.Q_proj.compile_and_simulate(pcb, compile_mode)
2025-12-30 15:42:05,809 [ERROR] Process Process-411:
2025-12-30 15:42:05,809 [ERROR]   File "/home/william/LLMCompass_GoldData/ae/figure8/change_memory_bw.py", line 103, in test_memory_bandwidth
    auto_regression_latency_simulated = model_auto_regression.compile_and_simulate(
2025-12-30 15:42:05,809 [ERROR]   File "/home/william/LLMCompass_GoldData/software_model/matmul.py", line 1213, in simulate_l2_tile_compute_cycle_count
    current_batch_Read_M_K[temp_m, temp_k] = 1
2025-12-30 15:42:05,809 [ERROR]   File "/home/william/LLMCompass_GoldData/software_model/matmul.py", line 583, in compile_and_simulate
    cycle_count = self.simulate(
2025-12-30 15:42:05,809 [ERROR]   File "/home/william/LLMCompass_GoldData/software_model/matmul.py", line 583, in compile_and_simulate
    cycle_count = self.simulate(
2025-12-30 15:42:05,809 [ERROR]   File "/home/william/LLMCompass_GoldData/software_model/matmul.py", line 583, in compile_and_simulate
    cycle_count = self.simulate(
2025-12-30 15:42:05,809 [ERROR] Traceback (most recent call last):
2025-12-30 15:42:05,809 [ERROR]   File "/home/william/LLMCompass_GoldData/software_model/matmul.py", line 943, in simulate
    max(
2025-12-30 15:42:05,809 [ERROR]   File "/home/william/LLMCompass_GoldData/software_model/matmul.py", line 583, in compile_and_simulate
    cycle_count = self.simulate(
2025-12-30 15:42:05,809 [ERROR]   File "/home/william/LLMCompass_GoldData/software_model/matmul.py", line 938, in simulate
    previous_tile_write_cycle_count = previous_l2_tile.M_N_io_cycle_count
2025-12-30 15:42:05,809 [ERROR]   File "/home/william/LLMCompass_GoldData/software_model/matmul.py", line 583, in compile_and_simulate
    cycle_count = self.simulate(
2025-12-30 15:42:05,809 [ERROR]   File "/home/william/LLMCompass_GoldData/software_model/matmul.py", line 583, in compile_and_simulate
    cycle_count = self.simulate(
2025-12-30 15:42:05,809 [ERROR]   File "/home/william/LLMCompass_GoldData/ae/figure8/change_memory_bw.py", line 103, in test_memory_bandwidth
    auto_regression_latency_simulated = model_auto_regression.compile_and_simulate(
2025-12-30 15:42:05,809 [ERROR]   File "/home/william/LLMCompass_GoldData/software_model/matmul.py", line 1005, in __init__
    self.compute_cycle_count = self.simulate_l2_tile_compute_cycle_count(
2025-12-30 15:42:05,809 [ERROR]   File "/home/william/LLMCompass_GoldData/software_model/transformer.py", line 558, in compile_and_simulate
    self.Q_proj.compile_and_simulate(pcb, compile_mode)
2025-12-30 15:42:05,809 [ERROR]   File "/home/william/LLMCompass_GoldData/software_model/transformer.py", line 558, in compile_and_simulate
    self.Q_proj.compile_and_simulate(pcb, compile_mode)
2025-12-30 15:42:05,809 [ERROR]   File "/home/william/LLMCompass_GoldData/software_model/matmul.py", line 943, in simulate
    max(
2025-12-30 15:42:05,809 [ERROR]   File "/home/william/LLMCompass_GoldData/ae/figure8/change_memory_bw.py", line 103, in test_memory_bandwidth
    auto_regression_latency_simulated = model_auto_regression.compile_and_simulate(
2025-12-30 15:42:05,809 [ERROR] Process Process-130:
2025-12-30 15:42:05,809 [ERROR] KeyboardInterrupt
2025-12-30 15:42:05,809 [ERROR]   File "/home/william/LLMCompass_GoldData/software_model/matmul.py", line 1182, in simulate_l2_tile_compute_cycle_count
    active_l1_tile_list.append((m, n, k, l1_tiles[m, n, k]))
2025-12-30 15:42:05,809 [ERROR]   File "/home/william/miniconda3/envs/llmcompass/lib/python3.9/multiprocessing/process.py", line 315, in _bootstrap
    self.run()
2025-12-30 15:42:05,809 [ERROR]   File "/home/william/LLMCompass_GoldData/software_model/matmul.py", line 957, in simulate
    previous_k = k
2025-12-30 15:42:05,809 [ERROR] Traceback (most recent call last):
2025-12-30 15:42:05,809 [ERROR]   File "/home/william/miniconda3/envs/llmcompass/lib/python3.9/multiprocessing/process.py", line 315, in _bootstrap
    self.run()
2025-12-30 15:42:05,809 [ERROR] KeyboardInterrupt
2025-12-30 15:42:05,809 [ERROR]   File "/home/william/LLMCompass_GoldData/software_model/matmul.py", line 1185, in simulate_l2_tile_compute_cycle_count
    and n == ceil(N / l1_tile_N) - 1
2025-12-30 15:42:05,809 [ERROR]   File "/home/william/LLMCompass_GoldData/software_model/transformer.py", line 573, in compile_and_simulate
    self.H_matmul0.compile_and_simulate(pcb, compile_mode)
2025-12-30 15:42:05,809 [ERROR]   File "/home/william/LLMCompass_GoldData/software_model/matmul.py", line 583, in compile_and_simulate
    cycle_count = self.simulate(
2025-12-30 15:42:05,809 [ERROR]   File "/home/william/LLMCompass_GoldData/software_model/transformer.py", line 558, in compile_and_simulate
    self.Q_proj.compile_and_simulate(pcb, compile_mode)
2025-12-30 15:42:05,809 [ERROR]   File "/home/william/LLMCompass_GoldData/software_model/matmul.py", line 905, in simulate
    for m, n, k in self.generate_tile_loops(
2025-12-30 15:42:05,809 [ERROR] Traceback (most recent call last):
2025-12-30 15:42:05,809 [ERROR]   File "/home/william/miniconda3/envs/llmcompass/lib/python3.9/multiprocessing/process.py", line 108, in run
    self._target(*self._args, **self._kwargs)
2025-12-30 15:42:05,809 [ERROR]   File "/home/william/LLMCompass_GoldData/software_model/matmul.py", line 918, in simulate
    if m == previous_m and k == previous_k:
2025-12-30 15:42:05,809 [ERROR] KeyboardInterrupt
2025-12-30 15:42:05,809 [ERROR]   File "/home/william/LLMCompass_GoldData/software_model/matmul.py", line 826, in simulate
    l2_tiles[-1, :N_l2_t, :K_l2_t] = self.L2TileSimulator(
2025-12-30 15:42:05,809 [ERROR]   File "/home/william/miniconda3/envs/llmcompass/lib/python3.9/multiprocessing/process.py", line 315, in _bootstrap
    self.run()
2025-12-30 15:42:05,809 [ERROR]   File "/home/william/LLMCompass_GoldData/software_model/matmul.py", line 943, in simulate
    max(
2025-12-30 15:42:05,809 [ERROR] KeyboardInterrupt
2025-12-30 15:42:05,809 [ERROR]   File "/home/william/LLMCompass_GoldData/software_model/matmul.py", line 926, in simulate
    if k > 0 and not (m == previous_m and n == previous_n):
2025-12-30 15:42:05,809 [ERROR]   File "/home/william/LLMCompass_GoldData/software_model/transformer.py", line 558, in compile_and_simulate
    self.Q_proj.compile_and_simulate(pcb, compile_mode)
2025-12-30 15:42:05,809 [ERROR] KeyboardInterrupt
2025-12-30 15:42:05,809 [ERROR]   File "/home/william/LLMCompass_GoldData/software_model/matmul.py", line 1182, in simulate_l2_tile_compute_cycle_count
    active_l1_tile_list.append((m, n, k, l1_tiles[m, n, k]))
2025-12-30 15:42:05,809 [ERROR]   File "/home/william/LLMCompass_GoldData/software_model/matmul.py", line 583, in compile_and_simulate
    cycle_count = self.simulate(
2025-12-30 15:42:05,809 [ERROR]   File "/home/william/LLMCompass_GoldData/software_model/matmul.py", line 583, in compile_and_simulate
    cycle_count = self.simulate(
2025-12-30 15:42:05,809 [ERROR] KeyboardInterrupt
2025-12-30 15:42:05,809 [ERROR]   File "/home/william/LLMCompass_GoldData/software_model/transformer.py", line 558, in compile_and_simulate
    self.Q_proj.compile_and_simulate(pcb, compile_mode)
2025-12-30 15:42:05,809 [ERROR]   File "/home/william/miniconda3/envs/llmcompass/lib/python3.9/multiprocessing/process.py", line 108, in run
    self._target(*self._args, **self._kwargs)
2025-12-30 15:42:05,809 [ERROR] KeyboardInterrupt
2025-12-30 15:42:05,809 [ERROR] KeyboardInterrupt
2025-12-30 15:42:05,809 [ERROR]   File "/home/william/LLMCompass_GoldData/software_model/matmul.py", line 583, in compile_and_simulate
    cycle_count = self.simulate(
2025-12-30 15:42:05,809 [ERROR]   File "/home/william/LLMCompass_GoldData/software_model/matmul.py", line 826, in simulate
    l2_tiles[-1, :N_l2_t, :K_l2_t] = self.L2TileSimulator(
2025-12-30 15:42:05,809 [ERROR]   File "/home/william/LLMCompass_GoldData/software_model/matmul.py", line 199, in generate_tile_loops
    yield m, n, k
2025-12-30 15:42:05,809 [ERROR]   File "/home/william/LLMCompass_GoldData/software_model/matmul.py", line 583, in compile_and_simulate
    cycle_count = self.simulate(
2025-12-30 15:42:05,809 [ERROR] KeyboardInterrupt
2025-12-30 15:42:05,809 [ERROR]   File "/home/william/miniconda3/envs/llmcompass/lib/python3.9/multiprocessing/process.py", line 308, in _bootstrap
    util._run_after_forkers()
2025-12-30 15:42:05,809 [ERROR]   File "/home/william/LLMCompass_GoldData/ae/figure8/change_memory_bw.py", line 103, in test_memory_bandwidth
    auto_regression_latency_simulated = model_auto_regression.compile_and_simulate(
2025-12-30 15:42:05,809 [ERROR] KeyboardInterrupt
2025-12-30 15:42:05,809 [ERROR]   File "/home/william/miniconda3/envs/llmcompass/lib/python3.9/multiprocessing/process.py", line 108, in run
    self._target(*self._args, **self._kwargs)
2025-12-30 15:42:05,809 [ERROR]   File "/home/william/LLMCompass_GoldData/software_model/matmul.py", line 1005, in __init__
    self.compute_cycle_count = self.simulate_l2_tile_compute_cycle_count(
2025-12-30 15:42:05,809 [ERROR] KeyboardInterrupt
2025-12-30 15:42:05,809 [ERROR]   File "/home/william/LLMCompass_GoldData/software_model/matmul.py", line 583, in compile_and_simulate
    cycle_count = self.simulate(
2025-12-30 15:42:05,809 [ERROR]   File "/home/william/miniconda3/envs/llmcompass/lib/python3.9/multiprocessing/process.py", line 315, in _bootstrap
    self.run()
2025-12-30 15:42:05,809 [ERROR] KeyboardInterrupt
2025-12-30 15:42:05,809 [ERROR]   File "/home/william/LLMCompass_GoldData/software_model/matmul.py", line 905, in simulate
    for m, n, k in self.generate_tile_loops(
2025-12-30 15:42:05,809 [ERROR]   File "/home/william/LLMCompass_GoldData/software_model/matmul.py", line 914, in simulate
    l2_tile = l2_tiles[m, n, k]
2025-12-30 15:42:05,809 [ERROR] KeyboardInterrupt
2025-12-30 15:42:05,809 [ERROR]   File "/home/william/LLMCompass_GoldData/software_model/matmul.py", line 583, in compile_and_simulate
    cycle_count = self.simulate(
2025-12-30 15:42:05,809 [ERROR]   File "/home/william/LLMCompass_GoldData/ae/figure8/change_memory_bw.py", line 103, in test_memory_bandwidth
    auto_regression_latency_simulated = model_auto_regression.compile_and_simulate(
2025-12-30 15:42:05,809 [ERROR]   File "/home/william/LLMCompass_GoldData/software_model/matmul.py", line 905, in simulate
    for m, n, k in self.generate_tile_loops(
2025-12-30 15:42:05,809 [ERROR] KeyboardInterrupt
2025-12-30 15:42:05,809 [ERROR] KeyboardInterrupt
2025-12-30 15:42:05,809 [ERROR]   File "/home/william/LLMCompass_GoldData/software_model/matmul.py", line 915, in simulate
    previous_l2_tile = l2_tiles[previous_m, previous_n, previous_k]
2025-12-30 15:42:05,809 [ERROR]   File "/home/william/miniconda3/envs/llmcompass/lib/python3.9/multiprocessing/util.py", line 163, in _run_after_forkers
    items = list(_afterfork_registry.items())
2025-12-30 15:42:05,809 [ERROR]   File "/home/william/LLMCompass_GoldData/software_model/transformer.py", line 558, in compile_and_simulate
    self.Q_proj.compile_and_simulate(pcb, compile_mode)
2025-12-30 15:42:05,809 [ERROR]   File "/home/william/LLMCompass_GoldData/ae/figure8/change_memory_bw.py", line 103, in test_memory_bandwidth
    auto_regression_latency_simulated = model_auto_regression.compile_and_simulate(
2025-12-30 15:42:05,809 [ERROR]   File "/home/william/LLMCompass_GoldData/software_model/matmul.py", line 1176, in simulate_l2_tile_compute_cycle_count
    for m, n, k in Matmul.generate_tile_loops(
2025-12-30 15:42:05,809 [ERROR]   File "/home/william/LLMCompass_GoldData/software_model/matmul.py", line 930, in simulate
    if k > 0:
2025-12-30 15:42:05,809 [ERROR]   File "/home/william/miniconda3/envs/llmcompass/lib/python3.9/multiprocessing/process.py", line 108, in run
    self._target(*self._args, **self._kwargs)
2025-12-30 15:42:05,809 [ERROR]   File "/home/william/LLMCompass_GoldData/software_model/matmul.py", line 198, in generate_tile_loops
    for m in range(loop_M):
2025-12-30 15:42:05,809 [ERROR] KeyboardInterrupt
2025-12-30 15:42:05,809 [ERROR]   File "/home/william/LLMCompass_GoldData/software_model/matmul.py", line 826, in simulate
    l2_tiles[-1, :N_l2_t, :K_l2_t] = self.L2TileSimulator(
2025-12-30 15:42:05,809 [ERROR]   File "/home/william/LLMCompass_GoldData/software_model/transformer.py", line 558, in compile_and_simulate
    self.Q_proj.compile_and_simulate(pcb, compile_mode)
2025-12-30 15:42:05,809 [ERROR]   File "/home/william/miniconda3/envs/llmcompass/lib/python3.9/weakref.py", line 217, in items
    yield k, v
2025-12-30 15:42:05,809 [ERROR] KeyboardInterrupt
2025-12-30 15:42:05,809 [ERROR] KeyboardInterrupt
2025-12-30 15:42:05,809 [ERROR]   File "/home/william/LLMCompass_GoldData/software_model/matmul.py", line 583, in compile_and_simulate
    cycle_count = self.simulate(
2025-12-30 15:42:05,809 [ERROR]   File "/home/william/LLMCompass_GoldData/software_model/transformer.py", line 558, in compile_and_simulate
    self.Q_proj.compile_and_simulate(pcb, compile_mode)
2025-12-30 15:42:05,809 [ERROR]   File "/home/william/LLMCompass_GoldData/software_model/matmul.py", line 199, in generate_tile_loops
    yield m, n, k
2025-12-30 15:42:05,809 [ERROR]   File "/home/william/LLMCompass_GoldData/ae/figure8/change_memory_bw.py", line 103, in test_memory_bandwidth
    auto_regression_latency_simulated = model_auto_regression.compile_and_simulate(
2025-12-30 15:42:05,809 [ERROR]   File "/home/william/miniconda3/envs/llmcompass/lib/python3.9/_weakrefset.py", line 33, in __exit__
    w._commit_removals()
2025-12-30 15:42:05,809 [ERROR] KeyboardInterrupt
2025-12-30 15:42:05,809 [ERROR] KeyboardInterrupt
2025-12-30 15:42:05,809 [ERROR]   File "/home/william/LLMCompass_GoldData/software_model/matmul.py", line 1005, in __init__
    self.compute_cycle_count = self.simulate_l2_tile_compute_cycle_count(
2025-12-30 15:42:05,809 [ERROR]   File "/home/william/LLMCompass_GoldData/software_model/matmul.py", line 583, in compile_and_simulate
    cycle_count = self.simulate(
2025-12-30 15:42:05,809 [ERROR]   File "/home/william/LLMCompass_GoldData/software_model/transformer.py", line 558, in compile_and_simulate
    self.Q_proj.compile_and_simulate(pcb, compile_mode)
2025-12-30 15:42:05,809 [ERROR]   File "/home/william/LLMCompass_GoldData/software_model/matmul.py", line 826, in simulate
    l2_tiles[-1, :N_l2_t, :K_l2_t] = self.L2TileSimulator(
2025-12-30 15:42:05,809 [ERROR]   File "/home/william/LLMCompass_GoldData/software_model/matmul.py", line 583, in compile_and_simulate
    cycle_count = self.simulate(
2025-12-30 15:42:05,809 [ERROR] KeyboardInterrupt
2025-12-30 15:42:05,809 [ERROR] KeyboardInterrupt
2025-12-30 15:42:05,809 [ERROR]   File "/home/william/LLMCompass_GoldData/software_model/matmul.py", line 1176, in simulate_l2_tile_compute_cycle_count
    for m, n, k in Matmul.generate_tile_loops(
2025-12-30 15:42:05,809 [ERROR]   File "/home/william/LLMCompass_GoldData/software_model/matmul.py", line 583, in compile_and_simulate
    cycle_count = self.simulate(
2025-12-30 15:42:05,809 [ERROR]   File "/home/william/LLMCompass_GoldData/software_model/matmul.py", line 826, in simulate
    l2_tiles[-1, :N_l2_t, :K_l2_t] = self.L2TileSimulator(
2025-12-30 15:42:05,809 [ERROR]   File "/home/william/LLMCompass_GoldData/software_model/matmul.py", line 826, in simulate
    l2_tiles[-1, :N_l2_t, :K_l2_t] = self.L2TileSimulator(
2025-12-30 15:42:05,809 [ERROR]   File "/home/william/LLMCompass_GoldData/software_model/matmul.py", line 1005, in __init__
    self.compute_cycle_count = self.simulate_l2_tile_compute_cycle_count(
2025-12-30 15:42:05,809 [ERROR]   File "/home/william/LLMCompass_GoldData/software_model/matmul.py", line 905, in simulate
    for m, n, k in self.generate_tile_loops(
2025-12-30 15:42:05,809 [ERROR]   File "/home/william/LLMCompass_GoldData/software_model/matmul.py", line 198, in generate_tile_loops
    for m in range(loop_M):
2025-12-30 15:42:05,809 [ERROR]   File "/home/william/LLMCompass_GoldData/software_model/matmul.py", line 1005, in __init__
    self.compute_cycle_count = self.simulate_l2_tile_compute_cycle_count(
2025-12-30 15:42:05,809 [ERROR]   File "/home/william/LLMCompass_GoldData/software_model/matmul.py", line 1005, in __init__
    self.compute_cycle_count = self.simulate_l2_tile_compute_cycle_count(
2025-12-30 15:42:05,809 [ERROR]   File "/home/william/LLMCompass_GoldData/software_model/matmul.py", line 1058, in simulate_l2_tile_compute_cycle_count
    l1_tiles[-1, :N_l1_t, :K_l1_t] = Matmul.L1TileSimulator(
2025-12-30 15:42:05,809 [ERROR]   File "/home/william/LLMCompass_GoldData/software_model/matmul.py", line 198, in generate_tile_loops
    for m in range(loop_M):
2025-12-30 15:42:05,809 [ERROR]   File "/home/william/LLMCompass_GoldData/software_model/matmul.py", line 1058, in simulate_l2_tile_compute_cycle_count
    l1_tiles[-1, :N_l1_t, :K_l1_t] = Matmul.L1TileSimulator(
2025-12-30 15:42:05,809 [ERROR]   File "/home/william/LLMCompass_GoldData/software_model/matmul.py", line 1058, in simulate_l2_tile_compute_cycle_count
    l1_tiles[-1, :N_l1_t, :K_l1_t] = Matmul.L1TileSimulator(
2025-12-30 15:42:05,809 [ERROR] KeyboardInterrupt
2025-12-30 15:42:05,809 [ERROR]   File "/home/william/LLMCompass_GoldData/software_model/matmul.py", line 1308, in __init__
    self.compute_cycle_count = self.simulate_l1_tile_compute_cycle_count(
2025-12-30 15:42:05,809 [ERROR] KeyboardInterrupt
2025-12-30 15:42:05,809 [ERROR]   File "/home/william/LLMCompass_GoldData/software_model/matmul.py", line 1308, in __init__
    self.compute_cycle_count = self.simulate_l1_tile_compute_cycle_count(
2025-12-30 15:42:05,809 [ERROR]   File "/home/william/LLMCompass_GoldData/software_model/matmul.py", line 1338, in simulate_l1_tile_compute_cycle_count
    Matmul.simulate_systolic_array_cycle_count(
2025-12-30 15:42:05,809 [ERROR]   File "/home/william/LLMCompass_GoldData/software_model/matmul.py", line 1308, in __init__
    self.compute_cycle_count = self.simulate_l1_tile_compute_cycle_count(
2025-12-30 15:42:05,809 [ERROR]   File "/home/william/LLMCompass_GoldData/software_model/matmul.py", line 1338, in simulate_l1_tile_compute_cycle_count
    Matmul.simulate_systolic_array_cycle_count(
2025-12-30 15:42:05,809 [ERROR]   File "/home/william/LLMCompass_GoldData/software_model/matmul.py", line 1405, in simulate_systolic_array_cycle_count
    cycle_count = look_up_table.loc[
2025-12-30 15:42:05,809 [ERROR]   File "/home/william/LLMCompass_GoldData/software_model/matmul.py", line 1338, in simulate_l1_tile_compute_cycle_count
    Matmul.simulate_systolic_array_cycle_count(
2025-12-30 15:42:05,809 [ERROR]   File "/home/william/LLMCompass_GoldData/software_model/matmul.py", line 1405, in simulate_systolic_array_cycle_count
    cycle_count = look_up_table.loc[
2025-12-30 15:42:05,809 [ERROR]   File "/home/william/miniconda3/envs/llmcompass/lib/python3.9/site-packages/pandas/core/indexing.py", line 1185, in __getitem__
    return self._getitem_tuple(key)
2025-12-30 15:42:05,809 [ERROR]   File "/home/william/miniconda3/envs/llmcompass/lib/python3.9/site-packages/pandas/core/indexing.py", line 1185, in __getitem__
    return self._getitem_tuple(key)
2025-12-30 15:42:05,809 [ERROR]   File "/home/william/LLMCompass_GoldData/software_model/matmul.py", line 1405, in simulate_systolic_array_cycle_count
    cycle_count = look_up_table.loc[
2025-12-30 15:42:05,809 [ERROR]   File "/home/william/miniconda3/envs/llmcompass/lib/python3.9/site-packages/pandas/core/indexing.py", line 1369, in _getitem_tuple
    return self._getitem_lowerdim(tup)
2025-12-30 15:42:05,809 [ERROR]   File "/home/william/miniconda3/envs/llmcompass/lib/python3.9/site-packages/pandas/core/indexing.py", line 1042, in _getitem_lowerdim
    return self._getitem_nested_tuple(tup)
2025-12-30 15:42:05,809 [ERROR]   File "/home/william/miniconda3/envs/llmcompass/lib/python3.9/site-packages/pandas/core/indexing.py", line 1369, in _getitem_tuple
    return self._getitem_lowerdim(tup)
2025-12-30 15:42:05,809 [ERROR]   File "/home/william/miniconda3/envs/llmcompass/lib/python3.9/site-packages/pandas/core/indexing.py", line 1185, in __getitem__
    return self._getitem_tuple(key)
2025-12-30 15:42:05,809 [ERROR]   File "/home/william/miniconda3/envs/llmcompass/lib/python3.9/site-packages/pandas/core/indexing.py", line 1154, in _getitem_nested_tuple
    obj = getattr(obj, self.name)._getitem_axis(key, axis=axis)
2025-12-30 15:42:05,809 [ERROR]   File "/home/william/miniconda3/envs/llmcompass/lib/python3.9/site-packages/pandas/core/indexing.py", line 1042, in _getitem_lowerdim
    return self._getitem_nested_tuple(tup)
2025-12-30 15:42:05,809 [ERROR]   File "/home/william/miniconda3/envs/llmcompass/lib/python3.9/site-packages/pandas/core/indexing.py", line 1369, in _getitem_tuple
    return self._getitem_lowerdim(tup)
2025-12-30 15:42:05,809 [ERROR] KeyboardInterrupt
2025-12-30 15:42:05,809 [ERROR]   File "/home/william/miniconda3/envs/llmcompass/lib/python3.9/site-packages/pandas/core/indexing.py", line 1041, in _getitem_lowerdim
    if self._is_nested_tuple_indexer(tup):
2025-12-30 15:42:05,809 [ERROR] Traceback (most recent call last):
2025-12-30 15:42:05,809 [ERROR]   File "/home/william/miniconda3/envs/llmcompass/lib/python3.9/site-packages/pandas/core/indexing.py", line 1154, in _getitem_nested_tuple
    obj = getattr(obj, self.name)._getitem_axis(key, axis=axis)
2025-12-30 15:42:05,809 [ERROR]   File "/home/william/miniconda3/envs/llmcompass/lib/python3.9/site-packages/pandas/core/indexing.py", line 982, in _is_nested_tuple_indexer
    if any(isinstance(ax, MultiIndex) for ax in self.obj.axes):
2025-12-30 15:42:05,809 [ERROR]   File "/home/william/miniconda3/envs/llmcompass/lib/python3.9/site-packages/pandas/core/indexing.py", line 1413, in _getitem_axis
    elif com.is_bool_indexer(key):
2025-12-30 15:42:05,809 [ERROR]   File "/home/william/miniconda3/envs/llmcompass/lib/python3.9/site-packages/pandas/core/common.py", line 126, in is_bool_indexer
    key, (ABCSeries, np.ndarray, ABCIndex, ABCExtensionArray)
2025-12-30 15:42:05,809 [ERROR] KeyboardInterrupt
2025-12-30 15:42:05,809 [ERROR]   File "/home/william/miniconda3/envs/llmcompass/lib/python3.9/multiprocessing/process.py", line 315, in _bootstrap
    self.run()
2025-12-30 15:42:05,809 [ERROR] KeyboardInterrupt
2025-12-30 15:42:05,809 [ERROR]   File "/home/william/miniconda3/envs/llmcompass/lib/python3.9/multiprocessing/process.py", line 108, in run
    self._target(*self._args, **self._kwargs)
2025-12-30 15:42:05,810 [ERROR]   File "/home/william/LLMCompass_GoldData/ae/figure8/change_memory_bw.py", line 103, in test_memory_bandwidth
    auto_regression_latency_simulated = model_auto_regression.compile_and_simulate(
2025-12-30 15:42:05,810 [ERROR]   File "/home/william/LLMCompass_GoldData/software_model/transformer.py", line 558, in compile_and_simulate
    self.Q_proj.compile_and_simulate(pcb, compile_mode)
2025-12-30 15:42:05,810 [ERROR]   File "/home/william/LLMCompass_GoldData/software_model/matmul.py", line 583, in compile_and_simulate
    cycle_count = self.simulate(
2025-12-30 15:42:05,810 [ERROR]   File "/home/william/LLMCompass_GoldData/software_model/matmul.py", line 905, in simulate
    for m, n, k in self.generate_tile_loops(
2025-12-30 15:42:05,810 [ERROR] Traceback (most recent call last):
2025-12-30 15:42:05,810 [ERROR]   File "/home/william/LLMCompass_GoldData/software_model/matmul.py", line 197, in generate_tile_loops
    for n in range(loop_N):
2025-12-30 15:42:05,810 [ERROR] Traceback (most recent call last):
2025-12-30 15:42:05,810 [ERROR] KeyboardInterrupt
2025-12-30 15:42:05,810 [ERROR]   File "/home/william/miniconda3/envs/llmcompass/lib/python3.9/multiprocessing/process.py", line 315, in _bootstrap
    self.run()
2025-12-30 15:42:05,810 [ERROR]   File "/home/william/miniconda3/envs/llmcompass/lib/python3.9/multiprocessing/process.py", line 315, in _bootstrap
    self.run()
2025-12-30 15:42:05,810 [ERROR]   File "/home/william/miniconda3/envs/llmcompass/lib/python3.9/multiprocessing/process.py", line 108, in run
    self._target(*self._args, **self._kwargs)
2025-12-30 15:42:05,810 [ERROR]   File "/home/william/LLMCompass_GoldData/ae/figure8/change_memory_bw.py", line 103, in test_memory_bandwidth
    auto_regression_latency_simulated = model_auto_regression.compile_and_simulate(
2025-12-30 15:42:05,810 [ERROR]   File "/home/william/miniconda3/envs/llmcompass/lib/python3.9/multiprocessing/process.py", line 108, in run
    self._target(*self._args, **self._kwargs)
2025-12-30 15:42:05,810 [ERROR]   File "/home/william/LLMCompass_GoldData/software_model/transformer.py", line 578, in compile_and_simulate
    self.H_matmul1.compile_and_simulate(pcb, compile_mode)
2025-12-30 15:42:05,810 [ERROR]   File "/home/william/LLMCompass_GoldData/ae/figure8/change_memory_bw.py", line 103, in test_memory_bandwidth
    auto_regression_latency_simulated = model_auto_regression.compile_and_simulate(
2025-12-30 15:42:05,810 [ERROR]   File "/home/william/LLMCompass_GoldData/software_model/matmul.py", line 583, in compile_and_simulate
    cycle_count = self.simulate(
2025-12-30 15:42:05,810 [ERROR]   File "/home/william/LLMCompass_GoldData/software_model/transformer.py", line 573, in compile_and_simulate
    self.H_matmul0.compile_and_simulate(pcb, compile_mode)
2025-12-30 15:42:05,810 [ERROR]   File "/home/william/LLMCompass_GoldData/software_model/matmul.py", line 583, in compile_and_simulate
    cycle_count = self.simulate(
2025-12-30 15:42:05,810 [ERROR]   File "/home/william/LLMCompass_GoldData/software_model/matmul.py", line 926, in simulate
    if k > 0 and not (m == previous_m and n == previous_n):
2025-12-30 15:42:05,810 [ERROR]   File "/home/william/LLMCompass_GoldData/software_model/matmul.py", line 749, in simulate
    self.look_up_table = pd.read_csv(
2025-12-30 15:42:05,810 [ERROR]   File "/home/william/miniconda3/envs/llmcompass/lib/python3.9/site-packages/pandas/io/parsers/readers.py", line 1026, in read_csv
    return _read(filepath_or_buffer, kwds)
2025-12-30 15:42:05,810 [ERROR] KeyboardInterrupt
2025-12-30 15:42:05,810 [ERROR]   File "/home/william/miniconda3/envs/llmcompass/lib/python3.9/site-packages/pandas/io/parsers/readers.py", line 626, in _read
    return parser.read(nrows)
2025-12-30 15:42:05,810 [ERROR]   File "/home/william/miniconda3/envs/llmcompass/lib/python3.9/site-packages/pandas/io/parsers/readers.py", line 1923, in read
    ) = self._engine.read(  # type: ignore[attr-defined]
2025-12-30 15:42:05,810 [ERROR]   File "/home/william/miniconda3/envs/llmcompass/lib/python3.9/site-packages/pandas/io/parsers/c_parser_wrapper.py", line 234, in read
    chunks = self._reader.read_low_memory(nrows)
2025-12-30 15:42:05,810 [ERROR]   File "pandas/_libs/parsers.pyx", line 838, in pandas._libs.parsers.TextReader.read_low_memory
2025-12-30 15:42:05,810 [ERROR]   File "pandas/_libs/parsers.pyx", line 905, in pandas._libs.parsers.TextReader._read_rows
2025-12-30 15:42:05,810 [ERROR]   File "pandas/_libs/parsers.pyx", line 874, in pandas._libs.parsers.TextReader._tokenize_rows
2025-12-30 15:42:05,810 [ERROR]   File "pandas/_libs/parsers.pyx", line 891, in pandas._libs.parsers.TextReader._check_tokenize_status
2025-12-30 15:42:05,810 [ERROR]   File "pandas/_libs/parsers.pyx", line 2061, in pandas._libs.parsers.raise_parser_error
2025-12-30 15:42:05,810 [ERROR] pandas.errors.ParserError: Error tokenizing data. C error: Calling read(nbytes) on source failed. Try engine='python'.
2025-12-30 15:42:05,811 [ERROR] Traceback (most recent call last):
2025-12-30 15:42:05,811 [ERROR]   File "/home/william/miniconda3/envs/llmcompass/lib/python3.9/multiprocessing/process.py", line 315, in _bootstrap
    self.run()
2025-12-30 15:42:05,811 [ERROR]   File "/home/william/miniconda3/envs/llmcompass/lib/python3.9/multiprocessing/process.py", line 108, in run
    self._target(*self._args, **self._kwargs)
2025-12-30 15:42:05,811 [ERROR] Traceback (most recent call last):
2025-12-30 15:42:05,811 [ERROR]   File "/home/william/LLMCompass_GoldData/ae/figure8/change_memory_bw.py", line 103, in test_memory_bandwidth
    auto_regression_latency_simulated = model_auto_regression.compile_and_simulate(
2025-12-30 15:42:05,811 [ERROR]   File "/home/william/LLMCompass_GoldData/software_model/transformer.py", line 558, in compile_and_simulate
    self.Q_proj.compile_and_simulate(pcb, compile_mode)
2025-12-30 15:42:05,811 [ERROR] Traceback (most recent call last):
2025-12-30 15:42:05,811 [ERROR]   File "/home/william/LLMCompass_GoldData/software_model/matmul.py", line 583, in compile_and_simulate
    cycle_count = self.simulate(
2025-12-30 15:42:05,811 [ERROR]   File "/home/william/LLMCompass_GoldData/software_model/matmul.py", line 943, in simulate
    max(
2025-12-30 15:42:05,811 [ERROR]   File "/home/william/miniconda3/envs/llmcompass/lib/python3.9/multiprocessing/process.py", line 315, in _bootstrap
    self.run()
2025-12-30 15:42:05,811 [ERROR] KeyboardInterrupt
2025-12-30 15:42:05,811 [ERROR]   File "/home/william/miniconda3/envs/llmcompass/lib/python3.9/multiprocessing/process.py", line 108, in run
    self._target(*self._args, **self._kwargs)
2025-12-30 15:42:05,811 [ERROR]   File "/home/william/miniconda3/envs/llmcompass/lib/python3.9/multiprocessing/process.py", line 315, in _bootstrap
    self.run()
2025-12-30 15:42:05,811 [ERROR]   File "/home/william/LLMCompass_GoldData/ae/figure8/change_memory_bw.py", line 103, in test_memory_bandwidth
    auto_regression_latency_simulated = model_auto_regression.compile_and_simulate(
2025-12-30 15:42:05,811 [ERROR]   File "/home/william/miniconda3/envs/llmcompass/lib/python3.9/multiprocessing/process.py", line 108, in run
    self._target(*self._args, **self._kwargs)
2025-12-30 15:42:05,811 [ERROR]   File "/home/william/LLMCompass_GoldData/software_model/transformer.py", line 558, in compile_and_simulate
    self.Q_proj.compile_and_simulate(pcb, compile_mode)
2025-12-30 15:42:05,811 [ERROR]   File "/home/william/LLMCompass_GoldData/ae/figure8/change_memory_bw.py", line 103, in test_memory_bandwidth
    auto_regression_latency_simulated = model_auto_regression.compile_and_simulate(
2025-12-30 15:42:05,811 [ERROR]   File "/home/william/LLMCompass_GoldData/software_model/matmul.py", line 583, in compile_and_simulate
    cycle_count = self.simulate(
2025-12-30 15:42:05,811 [ERROR]   File "/home/william/LLMCompass_GoldData/software_model/transformer.py", line 558, in compile_and_simulate
    self.Q_proj.compile_and_simulate(pcb, compile_mode)
2025-12-30 15:42:05,811 [ERROR]   File "/home/william/LLMCompass_GoldData/software_model/matmul.py", line 826, in simulate
    l2_tiles[-1, :N_l2_t, :K_l2_t] = self.L2TileSimulator(
2025-12-30 15:42:05,811 [ERROR]   File "/home/william/LLMCompass_GoldData/software_model/matmul.py", line 583, in compile_and_simulate
    cycle_count = self.simulate(
2025-12-30 15:42:05,811 [ERROR]   File "/home/william/LLMCompass_GoldData/software_model/matmul.py", line 1005, in __init__
    self.compute_cycle_count = self.simulate_l2_tile_compute_cycle_count(
2025-12-30 15:42:05,811 [ERROR]   File "/home/william/LLMCompass_GoldData/software_model/matmul.py", line 773, in simulate
    self.look_up_table.set_index(
2025-12-30 15:42:05,811 [ERROR]   File "/home/william/LLMCompass_GoldData/software_model/matmul.py", line 1058, in simulate_l2_tile_compute_cycle_count
    l1_tiles[-1, :N_l1_t, :K_l1_t] = Matmul.L1TileSimulator(
2025-12-30 15:42:05,811 [ERROR]   File "/home/william/miniconda3/envs/llmcompass/lib/python3.9/site-packages/pandas/core/frame.py", line 6211, in set_index
    index._cleanup()
2025-12-30 15:42:05,811 [ERROR]   File "/home/william/LLMCompass_GoldData/software_model/matmul.py", line 1308, in __init__
    self.compute_cycle_count = self.simulate_l1_tile_compute_cycle_count(
2025-12-30 15:42:05,811 [ERROR]   File "/home/william/miniconda3/envs/llmcompass/lib/python3.9/site-packages/pandas/core/indexes/base.py", line 841, in _cleanup
    self._engine.clear_mapping()
2025-12-30 15:42:05,811 [ERROR]   File "/home/william/LLMCompass_GoldData/software_model/matmul.py", line 1338, in simulate_l1_tile_compute_cycle_count
    Matmul.simulate_systolic_array_cycle_count(
2025-12-30 15:42:05,811 [ERROR]   File "pandas/_libs/properties.pyx", line 36, in pandas._libs.properties.CachedProperty.__get__
2025-12-30 15:42:05,811 [ERROR]   File "/home/william/LLMCompass_GoldData/software_model/matmul.py", line 1405, in simulate_systolic_array_cycle_count
    cycle_count = look_up_table.loc[
2025-12-30 15:42:05,811 [ERROR]   File "/home/william/miniconda3/envs/llmcompass/lib/python3.9/site-packages/pandas/core/indexes/multi.py", line 1202, in _engine
    [len(level) + libindex.multiindex_nulls_shift for level in self.levels]
2025-12-30 15:42:05,811 [ERROR]   File "/home/william/miniconda3/envs/llmcompass/lib/python3.9/site-packages/pandas/core/indexing.py", line 1185, in __getitem__
    return self._getitem_tuple(key)
2025-12-30 15:42:05,811 [ERROR]   File "pandas/_libs/properties.pyx", line 36, in pandas._libs.properties.CachedProperty.__get__
2025-12-30 15:42:05,811 [ERROR]   File "/home/william/miniconda3/envs/llmcompass/lib/python3.9/site-packages/pandas/core/indexing.py", line 1369, in _getitem_tuple
    return self._getitem_lowerdim(tup)
2025-12-30 15:42:05,811 [ERROR]   File "/home/william/miniconda3/envs/llmcompass/lib/python3.9/site-packages/pandas/core/indexes/multi.py", line 898, in levels
    result = [x._rename(name=name) for x, name in zip(self._levels, self._names)]
2025-12-30 15:42:05,811 [ERROR]   File "/home/william/miniconda3/envs/llmcompass/lib/python3.9/site-packages/pandas/core/indexing.py", line 1042, in _getitem_lowerdim
    return self._getitem_nested_tuple(tup)
2025-12-30 15:42:05,811 [ERROR]   File "/home/william/miniconda3/envs/llmcompass/lib/python3.9/site-packages/pandas/core/indexes/multi.py", line 898, in <listcomp>
    result = [x._rename(name=name) for x, name in zip(self._levels, self._names)]
2025-12-30 15:42:05,811 [ERROR]   File "/home/william/miniconda3/envs/llmcompass/lib/python3.9/site-packages/pandas/core/indexing.py", line 1154, in _getitem_nested_tuple
    obj = getattr(obj, self.name)._getitem_axis(key, axis=axis)
2025-12-30 15:42:05,811 [ERROR]   File "/home/william/miniconda3/envs/llmcompass/lib/python3.9/site-packages/pandas/core/indexes/base.py", line 788, in _rename
    result = self._view()
2025-12-30 15:42:05,811 [ERROR]   File "/home/william/miniconda3/envs/llmcompass/lib/python3.9/site-packages/pandas/core/indexing.py", line 1432, in _getitem_axis
    return self._get_label(key, axis=axis)
2025-12-30 15:42:05,811 [ERROR]   File "/home/william/miniconda3/envs/llmcompass/lib/python3.9/site-packages/pandas/core/indexes/base.py", line 778, in _view
    result = self._simple_new(self._values, name=self._name, refs=self._references)
2025-12-30 15:42:05,811 [ERROR]   File "/home/william/miniconda3/envs/llmcompass/lib/python3.9/site-packages/pandas/core/indexing.py", line 1382, in _get_label
    return self.obj.xs(label, axis=axis)
2025-12-30 15:42:05,811 [ERROR]   File "/home/william/miniconda3/envs/llmcompass/lib/python3.9/site-packages/pandas/core/indexes/base.py", line 671, in _simple_new
    result._references.add_index_reference(result)
2025-12-30 15:42:05,811 [ERROR]   File "/home/william/miniconda3/envs/llmcompass/lib/python3.9/site-packages/pandas/core/generic.py", line 4315, in xs
    loc, new_index = index._get_loc_level(key, level=0)
2025-12-30 15:42:05,811 [ERROR]   File "/home/william/miniconda3/envs/llmcompass/lib/python3.9/site-packages/pandas/core/indexes/multi.py", line 3239, in _get_loc_level
    return (self._engine.get_loc(key), None)
2025-12-30 15:42:05,811 [ERROR] KeyboardInterrupt
2025-12-30 15:42:05,811 [ERROR] KeyboardInterrupt
2025-12-30 15:42:05,812 [ERROR] Traceback (most recent call last):
2025-12-30 15:42:05,812 [ERROR]   File "/home/william/miniconda3/envs/llmcompass/lib/python3.9/multiprocessing/process.py", line 315, in _bootstrap
    self.run()
2025-12-30 15:42:05,812 [ERROR]   File "/home/william/miniconda3/envs/llmcompass/lib/python3.9/multiprocessing/process.py", line 108, in run
    self._target(*self._args, **self._kwargs)
2025-12-30 15:42:05,812 [ERROR]   File "/home/william/LLMCompass_GoldData/ae/figure8/change_memory_bw.py", line 103, in test_memory_bandwidth
    auto_regression_latency_simulated = model_auto_regression.compile_and_simulate(
2025-12-30 15:42:05,812 [ERROR]   File "/home/william/LLMCompass_GoldData/software_model/transformer.py", line 558, in compile_and_simulate
    self.Q_proj.compile_and_simulate(pcb, compile_mode)
2025-12-30 15:42:05,812 [ERROR]   File "/home/william/LLMCompass_GoldData/software_model/matmul.py", line 583, in compile_and_simulate
    cycle_count = self.simulate(
2025-12-30 15:42:05,812 [ERROR]   File "/home/william/LLMCompass_GoldData/software_model/matmul.py", line 749, in simulate
    self.look_up_table = pd.read_csv(
2025-12-30 15:42:05,812 [ERROR]   File "/home/william/miniconda3/envs/llmcompass/lib/python3.9/site-packages/pandas/io/parsers/readers.py", line 1026, in read_csv
    return _read(filepath_or_buffer, kwds)
2025-12-30 15:42:05,812 [ERROR]   File "/home/william/miniconda3/envs/llmcompass/lib/python3.9/site-packages/pandas/io/parsers/readers.py", line 626, in _read
    return parser.read(nrows)
2025-12-30 15:42:05,812 [ERROR]   File "/home/william/miniconda3/envs/llmcompass/lib/python3.9/site-packages/pandas/io/parsers/readers.py", line 1923, in read
    ) = self._engine.read(  # type: ignore[attr-defined]
2025-12-30 15:42:05,812 [ERROR]   File "/home/william/miniconda3/envs/llmcompass/lib/python3.9/site-packages/pandas/io/parsers/c_parser_wrapper.py", line 234, in read
    chunks = self._reader.read_low_memory(nrows)
2025-12-30 15:42:05,812 [ERROR]   File "pandas/_libs/parsers.pyx", line 838, in pandas._libs.parsers.TextReader.read_low_memory
2025-12-30 15:42:05,812 [ERROR]   File "pandas/_libs/parsers.pyx", line 905, in pandas._libs.parsers.TextReader._read_rows
2025-12-30 15:42:05,812 [ERROR]   File "pandas/_libs/parsers.pyx", line 874, in pandas._libs.parsers.TextReader._tokenize_rows
2025-12-30 15:42:05,812 [ERROR] Traceback (most recent call last):
2025-12-30 15:42:05,812 [ERROR]   File "pandas/_libs/parsers.pyx", line 891, in pandas._libs.parsers.TextReader._check_tokenize_status
2025-12-30 15:42:05,812 [ERROR]   File "pandas/_libs/parsers.pyx", line 2061, in pandas._libs.parsers.raise_parser_error
2025-12-30 15:42:05,812 [ERROR] Process Process-442:
2025-12-30 15:42:05,812 [ERROR] pandas.errors.ParserError: Error tokenizing data. C error: Calling read(nbytes) on source failed. Try engine='python'.
2025-12-30 15:42:05,812 [ERROR]   File "/home/william/miniconda3/envs/llmcompass/lib/python3.9/multiprocessing/process.py", line 315, in _bootstrap
    self.run()
2025-12-30 15:42:05,812 [ERROR]   File "/home/william/miniconda3/envs/llmcompass/lib/python3.9/multiprocessing/process.py", line 108, in run
    self._target(*self._args, **self._kwargs)
2025-12-30 15:42:05,813 [ERROR]   File "/home/william/LLMCompass_GoldData/ae/figure8/change_memory_bw.py", line 103, in test_memory_bandwidth
    auto_regression_latency_simulated = model_auto_regression.compile_and_simulate(
2025-12-30 15:42:05,813 [ERROR]   File "/home/william/LLMCompass_GoldData/software_model/transformer.py", line 558, in compile_and_simulate
    self.Q_proj.compile_and_simulate(pcb, compile_mode)
2025-12-30 15:42:05,813 [ERROR]   File "/home/william/LLMCompass_GoldData/software_model/matmul.py", line 583, in compile_and_simulate
    cycle_count = self.simulate(
2025-12-30 15:42:05,813 [ERROR]   File "/home/william/LLMCompass_GoldData/software_model/matmul.py", line 749, in simulate
    self.look_up_table = pd.read_csv(
2025-12-30 15:42:05,813 [ERROR]   File "/home/william/miniconda3/envs/llmcompass/lib/python3.9/site-packages/pandas/io/parsers/readers.py", line 1026, in read_csv
    return _read(filepath_or_buffer, kwds)
2025-12-30 15:42:05,813 [ERROR]   File "/home/william/miniconda3/envs/llmcompass/lib/python3.9/site-packages/pandas/io/parsers/readers.py", line 626, in _read
    return parser.read(nrows)
2025-12-30 15:42:05,813 [ERROR]   File "/home/william/miniconda3/envs/llmcompass/lib/python3.9/site-packages/pandas/io/parsers/readers.py", line 1923, in read
    ) = self._engine.read(  # type: ignore[attr-defined]
2025-12-30 15:42:05,813 [ERROR]   File "/home/william/miniconda3/envs/llmcompass/lib/python3.9/site-packages/pandas/io/parsers/c_parser_wrapper.py", line 234, in read
    chunks = self._reader.read_low_memory(nrows)
2025-12-30 15:42:05,813 [ERROR] Traceback (most recent call last):
2025-12-30 15:42:05,813 [ERROR] KeyboardInterrupt
2025-12-30 15:42:05,813 [ERROR]   File "/home/william/miniconda3/envs/llmcompass/lib/python3.9/multiprocessing/process.py", line 315, in _bootstrap
    self.run()
2025-12-30 15:42:05,813 [ERROR]   File "/home/william/miniconda3/envs/llmcompass/lib/python3.9/multiprocessing/process.py", line 108, in run
    self._target(*self._args, **self._kwargs)
2025-12-30 15:42:05,813 [ERROR]   File "/home/william/LLMCompass_GoldData/ae/figure8/change_memory_bw.py", line 103, in test_memory_bandwidth
    auto_regression_latency_simulated = model_auto_regression.compile_and_simulate(
2025-12-30 15:42:05,813 [ERROR]   File "/home/william/LLMCompass_GoldData/software_model/transformer.py", line 558, in compile_and_simulate
    self.Q_proj.compile_and_simulate(pcb, compile_mode)
2025-12-30 15:42:05,813 [ERROR]   File "/home/william/LLMCompass_GoldData/software_model/matmul.py", line 583, in compile_and_simulate
    cycle_count = self.simulate(
2025-12-30 15:42:05,813 [ERROR]   File "/home/william/LLMCompass_GoldData/software_model/matmul.py", line 826, in simulate
    l2_tiles[-1, :N_l2_t, :K_l2_t] = self.L2TileSimulator(
2025-12-30 15:42:05,813 [ERROR] Process Process-410:
2025-12-30 15:42:05,813 [ERROR] Process Process-441:
2025-12-30 15:42:05,813 [ERROR]   File "/home/william/LLMCompass_GoldData/software_model/matmul.py", line 1005, in __init__
    self.compute_cycle_count = self.simulate_l2_tile_compute_cycle_count(
2025-12-30 15:42:05,813 [ERROR]   File "/home/william/LLMCompass_GoldData/software_model/matmul.py", line 1231, in simulate_l2_tile_compute_cycle_count
    current_batch_M_K_read_count = np.sum(
2025-12-30 15:42:05,813 [ERROR]   File "/home/william/miniconda3/envs/llmcompass/lib/python3.9/site-packages/numpy/_core/fromnumeric.py", line 2389, in sum
    return _wrapreduction(
2025-12-30 15:42:05,813 [ERROR]   File "/home/william/miniconda3/envs/llmcompass/lib/python3.9/site-packages/numpy/_core/fromnumeric.py", line 86, in _wrapreduction
    return ufunc.reduce(obj, axis, dtype, out, **passkwargs)
2025-12-30 15:42:05,813 [ERROR] Process Process-440:
2025-12-30 15:42:05,813 [ERROR] KeyboardInterrupt
2025-12-30 15:42:05,813 [ERROR] Traceback (most recent call last):
2025-12-30 15:42:05,814 [ERROR] Traceback (most recent call last):
2025-12-30 15:42:05,814 [ERROR]   File "/home/william/miniconda3/envs/llmcompass/lib/python3.9/multiprocessing/process.py", line 315, in _bootstrap
    self.run()
2025-12-30 15:42:05,814 [ERROR] Traceback (most recent call last):
2025-12-30 15:42:05,814 [ERROR]   File "/home/william/miniconda3/envs/llmcompass/lib/python3.9/multiprocessing/process.py", line 108, in run
    self._target(*self._args, **self._kwargs)
2025-12-30 15:42:05,814 [ERROR]   File "/home/william/LLMCompass_GoldData/ae/figure8/change_memory_bw.py", line 103, in test_memory_bandwidth
    auto_regression_latency_simulated = model_auto_regression.compile_and_simulate(
2025-12-30 15:42:05,814 [ERROR]   File "/home/william/LLMCompass_GoldData/software_model/transformer.py", line 573, in compile_and_simulate
    self.H_matmul0.compile_and_simulate(pcb, compile_mode)
2025-12-30 15:42:05,814 [ERROR]   File "/home/william/miniconda3/envs/llmcompass/lib/python3.9/multiprocessing/process.py", line 315, in _bootstrap
    self.run()
2025-12-30 15:42:05,814 [ERROR]   File "/home/william/LLMCompass_GoldData/software_model/matmul.py", line 583, in compile_and_simulate
    cycle_count = self.simulate(
2025-12-30 15:42:05,814 [ERROR]   File "/home/william/LLMCompass_GoldData/software_model/matmul.py", line 749, in simulate
    self.look_up_table = pd.read_csv(
2025-12-30 15:42:05,814 [ERROR]   File "/home/william/miniconda3/envs/llmcompass/lib/python3.9/multiprocessing/process.py", line 108, in run
    self._target(*self._args, **self._kwargs)
2025-12-30 15:42:05,814 [ERROR]   File "/home/william/miniconda3/envs/llmcompass/lib/python3.9/site-packages/pandas/io/parsers/readers.py", line 1026, in read_csv
    return _read(filepath_or_buffer, kwds)
2025-12-30 15:42:05,814 [ERROR]   File "/home/william/LLMCompass_GoldData/ae/figure8/change_memory_bw.py", line 103, in test_memory_bandwidth
    auto_regression_latency_simulated = model_auto_regression.compile_and_simulate(
2025-12-30 15:42:05,814 [ERROR]   File "/home/william/miniconda3/envs/llmcompass/lib/python3.9/site-packages/pandas/io/parsers/readers.py", line 626, in _read
    return parser.read(nrows)
2025-12-30 15:42:05,814 [ERROR]   File "/home/william/LLMCompass_GoldData/software_model/transformer.py", line 558, in compile_and_simulate
    self.Q_proj.compile_and_simulate(pcb, compile_mode)
2025-12-30 15:42:05,814 [ERROR]   File "/home/william/miniconda3/envs/llmcompass/lib/python3.9/site-packages/pandas/io/parsers/readers.py", line 1923, in read
    ) = self._engine.read(  # type: ignore[attr-defined]
2025-12-30 15:42:05,814 [ERROR]   File "/home/william/LLMCompass_GoldData/software_model/matmul.py", line 583, in compile_and_simulate
    cycle_count = self.simulate(
2025-12-30 15:42:05,814 [ERROR]   File "/home/william/miniconda3/envs/llmcompass/lib/python3.9/site-packages/pandas/io/parsers/c_parser_wrapper.py", line 234, in read
    chunks = self._reader.read_low_memory(nrows)
2025-12-30 15:42:05,814 [ERROR]   File "/home/william/LLMCompass_GoldData/software_model/matmul.py", line 749, in simulate
    self.look_up_table = pd.read_csv(
2025-12-30 15:42:05,814 [ERROR] KeyboardInterrupt
2025-12-30 15:42:05,814 [ERROR]   File "/home/william/miniconda3/envs/llmcompass/lib/python3.9/site-packages/pandas/io/parsers/readers.py", line 1026, in read_csv
    return _read(filepath_or_buffer, kwds)
2025-12-30 15:42:05,814 [ERROR]   File "/home/william/miniconda3/envs/llmcompass/lib/python3.9/site-packages/pandas/io/parsers/readers.py", line 626, in _read
    return parser.read(nrows)
2025-12-30 15:42:05,814 [ERROR]   File "/home/william/miniconda3/envs/llmcompass/lib/python3.9/site-packages/pandas/io/parsers/readers.py", line 1923, in read
    ) = self._engine.read(  # type: ignore[attr-defined]
2025-12-30 15:42:05,814 [ERROR]   File "/home/william/miniconda3/envs/llmcompass/lib/python3.9/site-packages/pandas/io/parsers/c_parser_wrapper.py", line 234, in read
    chunks = self._reader.read_low_memory(nrows)
2025-12-30 15:42:05,814 [ERROR]   File "pandas/_libs/parsers.pyx", line 838, in pandas._libs.parsers.TextReader.read_low_memory
2025-12-30 15:42:05,814 [ERROR]   File "pandas/_libs/parsers.pyx", line 905, in pandas._libs.parsers.TextReader._read_rows
2025-12-30 15:42:05,814 [ERROR]   File "pandas/_libs/parsers.pyx", line 874, in pandas._libs.parsers.TextReader._tokenize_rows
2025-12-30 15:42:05,814 [ERROR]   File "pandas/_libs/parsers.pyx", line 891, in pandas._libs.parsers.TextReader._check_tokenize_status
2025-12-30 15:42:05,814 [ERROR]   File "pandas/_libs/parsers.pyx", line 2061, in pandas._libs.parsers.raise_parser_error
2025-12-30 15:42:05,814 [ERROR] pandas.errors.ParserError: Error tokenizing data. C error: Calling read(nbytes) on source failed. Try engine='python'.
2025-12-30 15:42:05,815 [ERROR] Traceback (most recent call last):
2025-12-30 15:42:05,816 [ERROR]   File "/home/william/miniconda3/envs/llmcompass/lib/python3.9/multiprocessing/process.py", line 315, in _bootstrap
    self.run()
2025-12-30 15:42:05,816 [ERROR]   File "/home/william/miniconda3/envs/llmcompass/lib/python3.9/multiprocessing/process.py", line 108, in run
    self._target(*self._args, **self._kwargs)
2025-12-30 15:42:05,816 [ERROR]   File "/home/william/LLMCompass_GoldData/ae/figure8/change_memory_bw.py", line 103, in test_memory_bandwidth
    auto_regression_latency_simulated = model_auto_regression.compile_and_simulate(
2025-12-30 15:42:05,816 [ERROR]   File "/home/william/LLMCompass_GoldData/software_model/transformer.py", line 558, in compile_and_simulate
    self.Q_proj.compile_and_simulate(pcb, compile_mode)
2025-12-30 15:42:05,816 [ERROR]   File "/home/william/LLMCompass_GoldData/software_model/matmul.py", line 583, in compile_and_simulate
    cycle_count = self.simulate(
2025-12-30 15:42:05,816 [ERROR]   File "/home/william/LLMCompass_GoldData/software_model/matmul.py", line 749, in simulate
    self.look_up_table = pd.read_csv(
2025-12-30 15:42:05,816 [ERROR]   File "/home/william/miniconda3/envs/llmcompass/lib/python3.9/site-packages/pandas/io/parsers/readers.py", line 1026, in read_csv
    return _read(filepath_or_buffer, kwds)
2025-12-30 15:42:05,816 [ERROR]   File "/home/william/miniconda3/envs/llmcompass/lib/python3.9/site-packages/pandas/io/parsers/readers.py", line 626, in _read
    return parser.read(nrows)
2025-12-30 15:42:05,816 [ERROR]   File "/home/william/miniconda3/envs/llmcompass/lib/python3.9/site-packages/pandas/io/parsers/readers.py", line 1923, in read
    ) = self._engine.read(  # type: ignore[attr-defined]
2025-12-30 15:42:05,816 [ERROR]   File "/home/william/miniconda3/envs/llmcompass/lib/python3.9/site-packages/pandas/io/parsers/c_parser_wrapper.py", line 234, in read
    chunks = self._reader.read_low_memory(nrows)
2025-12-30 15:42:05,816 [ERROR] KeyboardInterrupt
2025-12-30 15:42:05,816 [ERROR] Traceback (most recent call last):
2025-12-30 15:42:05,816 [ERROR]   File "/home/william/miniconda3/envs/llmcompass/lib/python3.9/multiprocessing/process.py", line 315, in _bootstrap
    self.run()
2025-12-30 15:42:05,816 [ERROR]   File "/home/william/miniconda3/envs/llmcompass/lib/python3.9/multiprocessing/process.py", line 108, in run
    self._target(*self._args, **self._kwargs)
2025-12-30 15:42:05,816 [ERROR]   File "/home/william/LLMCompass_GoldData/ae/figure8/change_memory_bw.py", line 103, in test_memory_bandwidth
    auto_regression_latency_simulated = model_auto_regression.compile_and_simulate(
2025-12-30 15:42:05,816 [ERROR]   File "/home/william/LLMCompass_GoldData/software_model/transformer.py", line 558, in compile_and_simulate
    self.Q_proj.compile_and_simulate(pcb, compile_mode)
2025-12-30 15:42:05,816 [ERROR]   File "/home/william/LLMCompass_GoldData/software_model/matmul.py", line 583, in compile_and_simulate
    cycle_count = self.simulate(
2025-12-30 15:42:05,816 [ERROR]   File "/home/william/LLMCompass_GoldData/software_model/matmul.py", line 763, in simulate
    self.look_up_table.drop_duplicates(
2025-12-30 15:42:05,816 [ERROR]   File "/home/william/miniconda3/envs/llmcompass/lib/python3.9/site-packages/pandas/core/frame.py", line 6840, in drop_duplicates
    result = self[-self.duplicated(subset, keep=keep)]
2025-12-30 15:42:05,816 [ERROR]   File "/home/william/miniconda3/envs/llmcompass/lib/python3.9/site-packages/pandas/core/frame.py", line 6980, in duplicated
    labels, shape = map(list, zip(*map(f, vals)))
2025-12-30 15:42:05,816 [ERROR]   File "/home/william/miniconda3/envs/llmcompass/lib/python3.9/site-packages/pandas/core/frame.py", line 6979, in <genexpr>
    vals = (col.values for name, col in self.items() if name in subset)
2025-12-30 15:42:05,816 [ERROR]   File "/home/william/miniconda3/envs/llmcompass/lib/python3.9/site-packages/pandas/core/frame.py", line 1509, in items
    yield k, self._get_item_cache(k)
2025-12-30 15:42:05,816 [ERROR]   File "/home/william/miniconda3/envs/llmcompass/lib/python3.9/site-packages/pandas/core/frame.py", line 4650, in _get_item_cache
    res = self._ixs(loc, axis=1)
2025-12-30 15:42:05,816 [ERROR]   File "/home/william/miniconda3/envs/llmcompass/lib/python3.9/site-packages/pandas/core/frame.py", line 4022, in _ixs
    result = self._box_col_values(col_mgr, i)
2025-12-30 15:42:05,816 [ERROR]   File "/home/william/miniconda3/envs/llmcompass/lib/python3.9/site-packages/pandas/core/frame.py", line 4629, in _box_col_values
    return obj.__finalize__(self)
2025-12-30 15:42:05,816 [ERROR]   File "/home/william/miniconda3/envs/llmcompass/lib/python3.9/site-packages/pandas/core/generic.py", line 6290, in __finalize__
    if method == "concat":
2025-12-30 15:42:05,816 [ERROR] KeyboardInterrupt
2025-12-30 15:42:05,818 [ERROR]   File "/home/william/miniconda3/envs/llmcompass/lib/python3.9/multiprocessing/process.py", line 315, in _bootstrap
    self.run()
2025-12-30 15:42:05,818 [ERROR]   File "/home/william/miniconda3/envs/llmcompass/lib/python3.9/multiprocessing/process.py", line 108, in run
    self._target(*self._args, **self._kwargs)
2025-12-30 15:42:05,818 [ERROR]   File "/home/william/LLMCompass_GoldData/ae/figure8/change_memory_bw.py", line 103, in test_memory_bandwidth
    auto_regression_latency_simulated = model_auto_regression.compile_and_simulate(
2025-12-30 15:42:05,818 [ERROR]   File "/home/william/LLMCompass_GoldData/software_model/transformer.py", line 558, in compile_and_simulate
    self.Q_proj.compile_and_simulate(pcb, compile_mode)
2025-12-30 15:42:05,818 [ERROR]   File "/home/william/LLMCompass_GoldData/software_model/matmul.py", line 583, in compile_and_simulate
    cycle_count = self.simulate(
2025-12-30 15:42:05,818 [ERROR]   File "/home/william/LLMCompass_GoldData/software_model/matmul.py", line 749, in simulate
    self.look_up_table = pd.read_csv(
2025-12-30 15:42:05,818 [ERROR]   File "/home/william/miniconda3/envs/llmcompass/lib/python3.9/site-packages/pandas/io/parsers/readers.py", line 1026, in read_csv
    return _read(filepath_or_buffer, kwds)
2025-12-30 15:42:05,818 [ERROR]   File "/home/william/miniconda3/envs/llmcompass/lib/python3.9/site-packages/pandas/io/parsers/readers.py", line 626, in _read
    return parser.read(nrows)
2025-12-30 15:42:05,818 [ERROR]   File "/home/william/miniconda3/envs/llmcompass/lib/python3.9/site-packages/pandas/io/parsers/readers.py", line 1923, in read
    ) = self._engine.read(  # type: ignore[attr-defined]
2025-12-30 15:42:05,818 [ERROR]   File "/home/william/miniconda3/envs/llmcompass/lib/python3.9/site-packages/pandas/io/parsers/c_parser_wrapper.py", line 234, in read
    chunks = self._reader.read_low_memory(nrows)
2025-12-30 15:42:05,818 [ERROR]   File "pandas/_libs/parsers.pyx", line 838, in pandas._libs.parsers.TextReader.read_low_memory
2025-12-30 15:42:05,818 [ERROR]   File "pandas/_libs/parsers.pyx", line 905, in pandas._libs.parsers.TextReader._read_rows
2025-12-30 15:42:05,818 [ERROR]   File "pandas/_libs/parsers.pyx", line 874, in pandas._libs.parsers.TextReader._tokenize_rows
2025-12-30 15:42:05,818 [ERROR]   File "pandas/_libs/parsers.pyx", line 891, in pandas._libs.parsers.TextReader._check_tokenize_status
2025-12-30 15:42:05,818 [ERROR]   File "pandas/_libs/parsers.pyx", line 2061, in pandas._libs.parsers.raise_parser_error
2025-12-30 15:42:05,818 [ERROR] pandas.errors.ParserError: Error tokenizing data. C error: Calling read(nbytes) on source failed. Try engine='python'.
2025-12-30 15:42:05,820 [ERROR] Exception ignored in:
2025-12-30 15:42:05,820 [ERROR] <function _releaseLock at 0x7220b04398b0>
2025-12-30 15:42:05,820 [ERROR] Traceback (most recent call last):
2025-12-30 15:42:05,820 [ERROR]   File "/home/william/miniconda3/envs/llmcompass/lib/python3.9/logging/__init__.py", line 227, in _releaseLock
2025-12-30 15:42:05,820 [ERROR] def _releaseLock():
2025-12-30 15:42:05,821 [ERROR] KeyboardInterrupt
2025-12-30 15:42:05,821 [ERROR] :
2025-12-30 15:42:06,209 [ERROR] Process Process-484:
2025-12-30 15:42:06,209 [ERROR] Process Process-477:
2025-12-30 15:42:06,209 [ERROR] Process Process-463:
2025-12-30 15:42:06,209 [ERROR] Process Process-447:
2025-12-30 15:42:06,209 [ERROR] Process Process-456:
2025-12-30 15:42:06,209 [ERROR] Process Process-457:
2025-12-30 15:42:06,209 [ERROR] Process Process-476:
2025-12-30 15:42:06,209 [ERROR] Process Process-481:
2025-12-30 15:42:06,209 [ERROR] Process Process-472:
2025-12-30 15:42:06,209 [ERROR] Process Process-470:
2025-12-30 15:42:06,209 [ERROR] Process Process-446:
2025-12-30 15:42:06,209 [ERROR] Process Process-459:
2025-12-30 15:42:06,209 [ERROR] Process Process-448:
2025-12-30 15:42:06,209 [ERROR] Process Process-465:
2025-12-30 15:42:06,209 [ERROR] Process Process-475:
2025-12-30 15:42:06,209 [ERROR] Process Process-473:
2025-12-30 15:42:06,209 [ERROR] Process Process-449:
2025-12-30 15:42:06,209 [ERROR] Process Process-454:
2025-12-30 15:42:06,209 [ERROR] Process Process-474:
2025-12-30 15:42:06,209 [ERROR] Process Process-488:
2025-12-30 15:42:06,209 [ERROR] Process Process-487:
2025-12-30 15:42:06,209 [ERROR] Exception ignored in:
2025-12-30 15:42:06,209 [ERROR] <function _releaseLock at 0x7220b04398b0>
2025-12-30 15:42:06,209 [ERROR] Traceback (most recent call last):
2025-12-30 15:42:06,209 [ERROR]   File "/home/william/miniconda3/envs/llmcompass/lib/python3.9/logging/__init__.py", line 227, in _releaseLock
2025-12-30 15:42:06,209 [ERROR] Traceback (most recent call last):
2025-12-30 15:42:06,209 [ERROR] Traceback (most recent call last):
2025-12-30 15:42:06,209 [ERROR]   File "/home/william/miniconda3/envs/llmcompass/lib/python3.9/multiprocessing/process.py", line 315, in _bootstrap
    self.run()
2025-12-30 15:42:06,209 [ERROR] Traceback (most recent call last):
2025-12-30 15:42:06,209 [ERROR] Traceback (most recent call last):
2025-12-30 15:42:06,209 [ERROR] Traceback (most recent call last):
2025-12-30 15:42:06,209 [ERROR]   File "/home/william/miniconda3/envs/llmcompass/lib/python3.9/multiprocessing/process.py", line 108, in run
    self._target(*self._args, **self._kwargs)
2025-12-30 15:42:06,209 [ERROR]   File "/home/william/miniconda3/envs/llmcompass/lib/python3.9/multiprocessing/process.py", line 315, in _bootstrap
    self.run()
2025-12-30 15:42:06,209 [ERROR] Traceback (most recent call last):
2025-12-30 15:42:06,209 [ERROR]   File "/home/william/LLMCompass_GoldData/ae/figure8/change_memory_bw.py", line 103, in test_memory_bandwidth
    auto_regression_latency_simulated = model_auto_regression.compile_and_simulate(
2025-12-30 15:42:06,209 [ERROR]   File "/home/william/miniconda3/envs/llmcompass/lib/python3.9/multiprocessing/process.py", line 315, in _bootstrap
    self.run()
2025-12-30 15:42:06,209 [ERROR]   File "/home/william/miniconda3/envs/llmcompass/lib/python3.9/multiprocessing/process.py", line 108, in run
    self._target(*self._args, **self._kwargs)
2025-12-30 15:42:06,209 [ERROR]   File "/home/william/LLMCompass_GoldData/software_model/transformer.py", line 558, in compile_and_simulate
    self.Q_proj.compile_and_simulate(pcb, compile_mode)
2025-12-30 15:42:06,209 [ERROR]   File "/home/william/miniconda3/envs/llmcompass/lib/python3.9/multiprocessing/process.py", line 315, in _bootstrap
    self.run()
2025-12-30 15:42:06,209 [ERROR] Traceback (most recent call last):
2025-12-30 15:42:06,209 [ERROR]   File "/home/william/miniconda3/envs/llmcompass/lib/python3.9/multiprocessing/process.py", line 315, in _bootstrap
    self.run()
2025-12-30 15:42:06,209 [ERROR] Traceback (most recent call last):
2025-12-30 15:42:06,210 [ERROR]   File "/home/william/miniconda3/envs/llmcompass/lib/python3.9/multiprocessing/process.py", line 108, in run
    self._target(*self._args, **self._kwargs)
2025-12-30 15:42:06,210 [ERROR]   File "/home/william/LLMCompass_GoldData/software_model/matmul.py", line 583, in compile_and_simulate
    cycle_count = self.simulate(
2025-12-30 15:42:06,210 [ERROR]   File "/home/william/miniconda3/envs/llmcompass/lib/python3.9/multiprocessing/process.py", line 315, in _bootstrap
    self.run()
2025-12-30 15:42:06,210 [ERROR]   File "/home/william/LLMCompass_GoldData/ae/figure8/change_memory_bw.py", line 103, in test_memory_bandwidth
    auto_regression_latency_simulated = model_auto_regression.compile_and_simulate(
2025-12-30 15:42:06,209 [ERROR] Traceback (most recent call last):
2025-12-30 15:42:06,210 [ERROR]   File "/home/william/miniconda3/envs/llmcompass/lib/python3.9/multiprocessing/process.py", line 108, in run
    self._target(*self._args, **self._kwargs)
2025-12-30 15:42:06,210 [ERROR]   File "/home/william/LLMCompass_GoldData/software_model/matmul.py", line 919, in simulate
    current_tile_read_cycle_count = l2_tile.K_N_io_cycle_count
2025-12-30 15:42:06,210 [ERROR]   File "/home/william/LLMCompass_GoldData/ae/figure8/change_memory_bw.py", line 103, in test_memory_bandwidth
    auto_regression_latency_simulated = model_auto_regression.compile_and_simulate(
2025-12-30 15:42:06,210 [ERROR]   File "/home/william/miniconda3/envs/llmcompass/lib/python3.9/multiprocessing/process.py", line 108, in run
    self._target(*self._args, **self._kwargs)
2025-12-30 15:42:06,210 [ERROR]   File "/home/william/LLMCompass_GoldData/software_model/transformer.py", line 573, in compile_and_simulate
    self.H_matmul0.compile_and_simulate(pcb, compile_mode)
2025-12-30 15:42:06,210 [ERROR]   File "/home/william/miniconda3/envs/llmcompass/lib/python3.9/multiprocessing/process.py", line 108, in run
    self._target(*self._args, **self._kwargs)
2025-12-30 15:42:06,210 [ERROR] KeyboardInterrupt
2025-12-30 15:42:06,210 [ERROR]   File "/home/william/miniconda3/envs/llmcompass/lib/python3.9/multiprocessing/process.py", line 315, in _bootstrap
    self.run()
2025-12-30 15:42:06,209 [ERROR] Traceback (most recent call last):
2025-12-30 15:42:06,210 [ERROR] Traceback (most recent call last):
2025-12-30 15:42:06,210 [ERROR] def _releaseLock():
2025-12-30 15:42:06,210 [ERROR]   File "/home/william/LLMCompass_GoldData/software_model/transformer.py", line 558, in compile_and_simulate
    self.Q_proj.compile_and_simulate(pcb, compile_mode)
2025-12-30 15:42:06,210 [ERROR] Traceback (most recent call last):
2025-12-30 15:42:06,210 [ERROR] Traceback (most recent call last):
2025-12-30 15:42:06,210 [ERROR]   File "/home/william/LLMCompass_GoldData/ae/figure8/change_memory_bw.py", line 103, in test_memory_bandwidth
    auto_regression_latency_simulated = model_auto_regression.compile_and_simulate(
2025-12-30 15:42:06,210 [ERROR] Traceback (most recent call last):
2025-12-30 15:42:06,210 [ERROR]   File "/home/william/LLMCompass_GoldData/software_model/matmul.py", line 583, in compile_and_simulate
    cycle_count = self.simulate(
2025-12-30 15:42:06,210 [ERROR] Traceback (most recent call last):
2025-12-30 15:42:06,210 [ERROR]   File "/home/william/miniconda3/envs/llmcompass/lib/python3.9/multiprocessing/process.py", line 315, in _bootstrap
    self.run()
2025-12-30 15:42:06,210 [ERROR]   File "/home/william/LLMCompass_GoldData/ae/figure8/change_memory_bw.py", line 103, in test_memory_bandwidth
    auto_regression_latency_simulated = model_auto_regression.compile_and_simulate(
2025-12-30 15:42:06,210 [ERROR]   File "/home/william/LLMCompass_GoldData/ae/figure8/change_memory_bw.py", line 103, in test_memory_bandwidth
    auto_regression_latency_simulated = model_auto_regression.compile_and_simulate(
2025-12-30 15:42:06,210 [ERROR] Traceback (most recent call last):
2025-12-30 15:42:06,210 [ERROR]   File "/home/william/miniconda3/envs/llmcompass/lib/python3.9/multiprocessing/process.py", line 108, in run
    self._target(*self._args, **self._kwargs)
2025-12-30 15:42:06,210 [ERROR]   File "/home/william/miniconda3/envs/llmcompass/lib/python3.9/multiprocessing/process.py", line 315, in _bootstrap
    self.run()
2025-12-30 15:42:06,210 [ERROR]   File "/home/william/LLMCompass_GoldData/software_model/matmul.py", line 583, in compile_and_simulate
    cycle_count = self.simulate(
2025-12-30 15:42:06,210 [ERROR] KeyboardInterrupt
2025-12-30 15:42:06,210 [ERROR]   File "/home/william/LLMCompass_GoldData/software_model/transformer.py", line 558, in compile_and_simulate
    self.Q_proj.compile_and_simulate(pcb, compile_mode)
2025-12-30 15:42:06,210 [ERROR]   File "/home/william/LLMCompass_GoldData/software_model/matmul.py", line 914, in simulate
    l2_tile = l2_tiles[m, n, k]
2025-12-30 15:42:06,210 [ERROR]   File "/home/william/miniconda3/envs/llmcompass/lib/python3.9/multiprocessing/process.py", line 315, in _bootstrap
    self.run()
2025-12-30 15:42:06,210 [ERROR]   File "/home/william/miniconda3/envs/llmcompass/lib/python3.9/multiprocessing/process.py", line 315, in _bootstrap
    self.run()
2025-12-30 15:42:06,210 [ERROR]   File "/home/william/miniconda3/envs/llmcompass/lib/python3.9/multiprocessing/process.py", line 315, in _bootstrap
    self.run()
2025-12-30 15:42:06,209 [ERROR] Process Process-462:
2025-12-30 15:42:06,210 [ERROR]   File "/home/william/LLMCompass_GoldData/software_model/transformer.py", line 558, in compile_and_simulate
    self.Q_proj.compile_and_simulate(pcb, compile_mode)
2025-12-30 15:42:06,210 [ERROR]   File "/home/william/miniconda3/envs/llmcompass/lib/python3.9/multiprocessing/process.py", line 315, in _bootstrap
    self.run()
2025-12-30 15:42:06,210 [ERROR]   File "/home/william/LLMCompass_GoldData/ae/figure8/change_memory_bw.py", line 103, in test_memory_bandwidth
    auto_regression_latency_simulated = model_auto_regression.compile_and_simulate(
2025-12-30 15:42:06,210 [ERROR]   File "/home/william/miniconda3/envs/llmcompass/lib/python3.9/multiprocessing/process.py", line 108, in run
    self._target(*self._args, **self._kwargs)
2025-12-30 15:42:06,209 [ERROR] Process Process-478:
2025-12-30 15:42:06,210 [ERROR]   File "/home/william/LLMCompass_GoldData/software_model/matmul.py", line 931, in simulate
    previous_tile_compute_cycle_count += (
2025-12-30 15:42:06,210 [ERROR]   File "/home/william/miniconda3/envs/llmcompass/lib/python3.9/multiprocessing/process.py", line 315, in _bootstrap
    self.run()
2025-12-30 15:42:06,208 [ERROR] Process Process-486:
2025-12-30 15:42:06,210 [ERROR] :
2025-12-30 15:42:06,210 [ERROR]   File "/home/william/miniconda3/envs/llmcompass/lib/python3.9/multiprocessing/process.py", line 315, in _bootstrap
    self.run()
2025-12-30 15:42:06,210 [ERROR] Traceback (most recent call last):
2025-12-30 15:42:06,208 [ERROR] Process Process-445:
2025-12-30 15:42:06,210 [ERROR] Traceback (most recent call last):
2025-12-30 15:42:06,210 [ERROR]   File "/home/william/miniconda3/envs/llmcompass/lib/python3.9/multiprocessing/process.py", line 108, in run
    self._target(*self._args, **self._kwargs)
2025-12-30 15:42:06,209 [ERROR] Process Process-466:
2025-12-30 15:42:06,210 [ERROR]   File "/home/william/LLMCompass_GoldData/software_model/matmul.py", line 583, in compile_and_simulate
    cycle_count = self.simulate(
2025-12-30 15:42:06,210 [ERROR] KeyboardInterrupt
2025-12-30 15:42:06,210 [ERROR]   File "/home/william/miniconda3/envs/llmcompass/lib/python3.9/multiprocessing/process.py", line 315, in _bootstrap
    self.run()
2025-12-30 15:42:06,210 [ERROR]   File "/home/william/miniconda3/envs/llmcompass/lib/python3.9/multiprocessing/process.py", line 108, in run
    self._target(*self._args, **self._kwargs)
2025-12-30 15:42:06,210 [ERROR]   File "/home/william/miniconda3/envs/llmcompass/lib/python3.9/multiprocessing/process.py", line 108, in run
    self._target(*self._args, **self._kwargs)
2025-12-30 15:42:06,209 [ERROR] Process Process-479:
2025-12-30 15:42:06,210 [ERROR]   File "/home/william/miniconda3/envs/llmcompass/lib/python3.9/multiprocessing/process.py", line 108, in run
    self._target(*self._args, **self._kwargs)
2025-12-30 15:42:06,210 [ERROR]   File "/home/william/LLMCompass_GoldData/software_model/matmul.py", line 583, in compile_and_simulate
    cycle_count = self.simulate(
2025-12-30 15:42:06,210 [ERROR]   File "/home/william/LLMCompass_GoldData/software_model/transformer.py", line 558, in compile_and_simulate
    self.Q_proj.compile_and_simulate(pcb, compile_mode)
2025-12-30 15:42:06,210 [ERROR]   File "/home/william/LLMCompass_GoldData/software_model/transformer.py", line 558, in compile_and_simulate
    self.Q_proj.compile_and_simulate(pcb, compile_mode)
2025-12-30 15:42:06,210 [ERROR]   File "/home/william/miniconda3/envs/llmcompass/lib/python3.9/multiprocessing/process.py", line 108, in run
    self._target(*self._args, **self._kwargs)
2025-12-30 15:42:06,210 [ERROR]   File "/home/william/LLMCompass_GoldData/ae/figure8/change_memory_bw.py", line 103, in test_memory_bandwidth
    auto_regression_latency_simulated = model_auto_regression.compile_and_simulate(
2025-12-30 15:42:06,210 [ERROR] KeyboardInterrupt
2025-12-30 15:42:06,210 [ERROR]   File "/home/william/miniconda3/envs/llmcompass/lib/python3.9/multiprocessing/process.py", line 108, in run
    self._target(*self._args, **self._kwargs)
2025-12-30 15:42:06,210 [ERROR]   File "/home/william/miniconda3/envs/llmcompass/lib/python3.9/multiprocessing/process.py", line 108, in run
    self._target(*self._args, **self._kwargs)
2025-12-30 15:42:06,210 [ERROR]   File "/home/william/LLMCompass_GoldData/ae/figure8/change_memory_bw.py", line 103, in test_memory_bandwidth
    auto_regression_latency_simulated = model_auto_regression.compile_and_simulate(
2025-12-30 15:42:06,210 [ERROR]   File "/home/william/miniconda3/envs/llmcompass/lib/python3.9/multiprocessing/process.py", line 315, in _bootstrap
    self.run()
2025-12-30 15:42:06,210 [ERROR]   File "/home/william/LLMCompass_GoldData/software_model/matmul.py", line 932, in simulate
    previous_l2_tile.K_reduction_cycle_count
2025-12-30 15:42:06,210 [ERROR]   File "/home/william/miniconda3/envs/llmcompass/lib/python3.9/multiprocessing/process.py", line 315, in _bootstrap
    self.run()
2025-12-30 15:42:06,210 [ERROR]   File "/home/william/miniconda3/envs/llmcompass/lib/python3.9/multiprocessing/process.py", line 108, in run
    self._target(*self._args, **self._kwargs)
2025-12-30 15:42:06,210 [ERROR] Traceback (most recent call last):
2025-12-30 15:42:06,210 [ERROR]   File "/home/william/LLMCompass_GoldData/ae/figure8/change_memory_bw.py", line 103, in test_memory_bandwidth
    auto_regression_latency_simulated = model_auto_regression.compile_and_simulate(
2025-12-30 15:42:06,210 [ERROR]   File "/home/william/LLMCompass_GoldData/ae/figure8/change_memory_bw.py", line 103, in test_memory_bandwidth
    auto_regression_latency_simulated = model_auto_regression.compile_and_simulate(
2025-12-30 15:42:06,210 [ERROR]   File "/home/william/LLMCompass_GoldData/software_model/matmul.py", line 905, in simulate
    for m, n, k in self.generate_tile_loops(
2025-12-30 15:42:06,210 [ERROR]   File "/home/william/LLMCompass_GoldData/software_model/matmul.py", line 583, in compile_and_simulate
    cycle_count = self.simulate(
2025-12-30 15:42:06,210 [ERROR]   File "/home/william/LLMCompass_GoldData/ae/figure8/change_memory_bw.py", line 103, in test_memory_bandwidth
    auto_regression_latency_simulated = model_auto_regression.compile_and_simulate(
2025-12-30 15:42:06,210 [ERROR]   File "/home/william/LLMCompass_GoldData/software_model/matmul.py", line 583, in compile_and_simulate
    cycle_count = self.simulate(
2025-12-30 15:42:06,210 [ERROR]   File "/home/william/LLMCompass_GoldData/ae/figure8/change_memory_bw.py", line 103, in test_memory_bandwidth
    auto_regression_latency_simulated = model_auto_regression.compile_and_simulate(
2025-12-30 15:42:06,210 [ERROR]   File "/home/william/LLMCompass_GoldData/software_model/transformer.py", line 558, in compile_and_simulate
    self.Q_proj.compile_and_simulate(pcb, compile_mode)
2025-12-30 15:42:06,210 [ERROR]   File "/home/william/LLMCompass_GoldData/ae/figure8/change_memory_bw.py", line 103, in test_memory_bandwidth
    auto_regression_latency_simulated = model_auto_regression.compile_and_simulate(
2025-12-30 15:42:06,210 [ERROR]   File "/home/william/LLMCompass_GoldData/ae/figure8/change_memory_bw.py", line 103, in test_memory_bandwidth
    auto_regression_latency_simulated = model_auto_regression.compile_and_simulate(
2025-12-30 15:42:06,210 [ERROR]   File "/home/william/LLMCompass_GoldData/software_model/transformer.py", line 558, in compile_and_simulate
    self.Q_proj.compile_and_simulate(pcb, compile_mode)
2025-12-30 15:42:06,210 [ERROR]   File "/home/william/LLMCompass_GoldData/ae/figure8/change_memory_bw.py", line 103, in test_memory_bandwidth
    auto_regression_latency_simulated = model_auto_regression.compile_and_simulate(
2025-12-30 15:42:06,210 [ERROR]   File "/home/william/miniconda3/envs/llmcompass/lib/python3.9/multiprocessing/process.py", line 108, in run
    self._target(*self._args, **self._kwargs)
2025-12-30 15:42:06,210 [ERROR] KeyboardInterrupt
2025-12-30 15:42:06,210 [ERROR]   File "/home/william/LLMCompass_GoldData/software_model/matmul.py", line 198, in generate_tile_loops
    for m in range(loop_M):
2025-12-30 15:42:06,210 [ERROR]   File "/home/william/LLMCompass_GoldData/software_model/matmul.py", line 866, in simulate
    l2_tiles[-1, :N_l2_t, -1] = self.L2TileSimulator(
2025-12-30 15:42:06,210 [ERROR]   File "/home/william/miniconda3/envs/llmcompass/lib/python3.9/multiprocessing/process.py", line 108, in run
    self._target(*self._args, **self._kwargs)
2025-12-30 15:42:06,210 [ERROR]   File "/home/william/LLMCompass_GoldData/software_model/transformer.py", line 558, in compile_and_simulate
    self.Q_proj.compile_and_simulate(pcb, compile_mode)
2025-12-30 15:42:06,210 [ERROR]   File "/home/william/LLMCompass_GoldData/software_model/transformer.py", line 558, in compile_and_simulate
    self.Q_proj.compile_and_simulate(pcb, compile_mode)
2025-12-30 15:42:06,210 [ERROR]   File "/home/william/LLMCompass_GoldData/software_model/transformer.py", line 558, in compile_and_simulate
    self.Q_proj.compile_and_simulate(pcb, compile_mode)
2025-12-30 15:42:06,210 [ERROR]   File "/home/william/LLMCompass_GoldData/software_model/transformer.py", line 558, in compile_and_simulate
    self.Q_proj.compile_and_simulate(pcb, compile_mode)
2025-12-30 15:42:06,210 [ERROR]   File "/home/william/LLMCompass_GoldData/software_model/matmul.py", line 905, in simulate
    for m, n, k in self.generate_tile_loops(
2025-12-30 15:42:06,210 [ERROR]   File "/home/william/LLMCompass_GoldData/software_model/matmul.py", line 583, in compile_and_simulate
    cycle_count = self.simulate(
2025-12-30 15:42:06,210 [ERROR]   File "/home/william/LLMCompass_GoldData/software_model/transformer.py", line 558, in compile_and_simulate
    self.Q_proj.compile_and_simulate(pcb, compile_mode)
2025-12-30 15:42:06,210 [ERROR]   File "/home/william/LLMCompass_GoldData/software_model/transformer.py", line 558, in compile_and_simulate
    self.Q_proj.compile_and_simulate(pcb, compile_mode)
2025-12-30 15:42:06,210 [ERROR]   File "/home/william/LLMCompass_GoldData/software_model/matmul.py", line 583, in compile_and_simulate
    cycle_count = self.simulate(
2025-12-30 15:42:06,210 [ERROR]   File "/home/william/miniconda3/envs/llmcompass/lib/python3.9/multiprocessing/process.py", line 315, in _bootstrap
    self.run()
2025-12-30 15:42:06,210 [ERROR]   File "/home/william/LLMCompass_GoldData/software_model/transformer.py", line 558, in compile_and_simulate
    self.Q_proj.compile_and_simulate(pcb, compile_mode)
2025-12-30 15:42:06,210 [ERROR] KeyboardInterrupt
2025-12-30 15:42:06,210 [ERROR]   File "/home/william/LLMCompass_GoldData/ae/figure8/change_memory_bw.py", line 103, in test_memory_bandwidth
    auto_regression_latency_simulated = model_auto_regression.compile_and_simulate(
2025-12-30 15:42:06,210 [ERROR]   File "/home/william/LLMCompass_GoldData/software_model/matmul.py", line 1005, in __init__
    self.compute_cycle_count = self.simulate_l2_tile_compute_cycle_count(
2025-12-30 15:42:06,210 [ERROR]   File "/home/william/LLMCompass_GoldData/ae/figure8/change_memory_bw.py", line 103, in test_memory_bandwidth
    auto_regression_latency_simulated = model_auto_regression.compile_and_simulate(
2025-12-30 15:42:06,210 [ERROR]   File "/home/william/LLMCompass_GoldData/software_model/matmul.py", line 583, in compile_and_simulate
    cycle_count = self.simulate(
2025-12-30 15:42:06,210 [ERROR]   File "/home/william/LLMCompass_GoldData/software_model/matmul.py", line 583, in compile_and_simulate
    cycle_count = self.simulate(
2025-12-30 15:42:06,210 [ERROR]   File "/home/william/LLMCompass_GoldData/software_model/matmul.py", line 583, in compile_and_simulate
    cycle_count = self.simulate(
2025-12-30 15:42:06,210 [ERROR]   File "/home/william/LLMCompass_GoldData/software_model/matmul.py", line 583, in compile_and_simulate
    cycle_count = self.simulate(
2025-12-30 15:42:06,210 [ERROR]   File "/home/william/LLMCompass_GoldData/software_model/matmul.py", line 583, in compile_and_simulate
    cycle_count = self.simulate(
2025-12-30 15:42:06,210 [ERROR]   File "/home/william/LLMCompass_GoldData/software_model/matmul.py", line 826, in simulate
    l2_tiles[-1, :N_l2_t, :K_l2_t] = self.L2TileSimulator(
2025-12-30 15:42:06,210 [ERROR]   File "/home/william/LLMCompass_GoldData/software_model/transformer.py", line 558, in compile_and_simulate
    self.Q_proj.compile_and_simulate(pcb, compile_mode)
2025-12-30 15:42:06,210 [ERROR] KeyboardInterrupt
2025-12-30 15:42:06,210 [ERROR]   File "/home/william/LLMCompass_GoldData/software_model/matmul.py", line 583, in compile_and_simulate
    cycle_count = self.simulate(
2025-12-30 15:42:06,210 [ERROR]   File "/home/william/LLMCompass_GoldData/software_model/matmul.py", line 905, in simulate
    for m, n, k in self.generate_tile_loops(
2025-12-30 15:42:06,210 [ERROR]   File "/home/william/LLMCompass_GoldData/software_model/matmul.py", line 1213, in simulate_l2_tile_compute_cycle_count
    current_batch_Read_M_K[temp_m, temp_k] = 1
2025-12-30 15:42:06,210 [ERROR]   File "/home/william/LLMCompass_GoldData/software_model/matmul.py", line 583, in compile_and_simulate
    cycle_count = self.simulate(
2025-12-30 15:42:06,210 [ERROR]   File "/home/william/miniconda3/envs/llmcompass/lib/python3.9/multiprocessing/process.py", line 108, in run
    self._target(*self._args, **self._kwargs)
2025-12-30 15:42:06,210 [ERROR]   File "/home/william/LLMCompass_GoldData/software_model/transformer.py", line 558, in compile_and_simulate
    self.Q_proj.compile_and_simulate(pcb, compile_mode)
2025-12-30 15:42:06,210 [ERROR]   File "/home/william/LLMCompass_GoldData/software_model/matmul.py", line 919, in simulate
    current_tile_read_cycle_count = l2_tile.K_N_io_cycle_count
2025-12-30 15:42:06,210 [ERROR]   File "/home/william/LLMCompass_GoldData/software_model/matmul.py", line 926, in simulate
    if k > 0 and not (m == previous_m and n == previous_n):
2025-12-30 15:42:06,210 [ERROR]   File "/home/william/LLMCompass_GoldData/software_model/matmul.py", line 198, in generate_tile_loops
    for m in range(loop_M):
2025-12-30 15:42:06,210 [ERROR]   File "/home/william/LLMCompass_GoldData/software_model/matmul.py", line 915, in simulate
    previous_l2_tile = l2_tiles[previous_m, previous_n, previous_k]
2025-12-30 15:42:06,210 [ERROR]   File "/home/william/LLMCompass_GoldData/software_model/matmul.py", line 826, in simulate
    l2_tiles[-1, :N_l2_t, :K_l2_t] = self.L2TileSimulator(
2025-12-30 15:42:06,210 [ERROR]   File "/home/william/LLMCompass_GoldData/software_model/matmul.py", line 943, in simulate
    max(
2025-12-30 15:42:06,210 [ERROR]   File "/home/william/LLMCompass_GoldData/software_model/matmul.py", line 1005, in __init__
    self.compute_cycle_count = self.simulate_l2_tile_compute_cycle_count(
2025-12-30 15:42:06,210 [ERROR]   File "/home/william/LLMCompass_GoldData/software_model/matmul.py", line 583, in compile_and_simulate
    cycle_count = self.simulate(
2025-12-30 15:42:06,210 [ERROR]   File "/home/william/LLMCompass_GoldData/software_model/matmul.py", line 943, in simulate
    max(
2025-12-30 15:42:06,210 [ERROR] KeyboardInterrupt
2025-12-30 15:42:06,210 [ERROR]   File "/home/william/LLMCompass_GoldData/software_model/matmul.py", line 905, in simulate
    for m, n, k in self.generate_tile_loops(
2025-12-30 15:42:06,210 [ERROR]   File "/home/william/LLMCompass_GoldData/ae/figure8/change_memory_bw.py", line 103, in test_memory_bandwidth
    auto_regression_latency_simulated = model_auto_regression.compile_and_simulate(
2025-12-30 15:42:06,210 [ERROR]   File "/home/william/LLMCompass_GoldData/software_model/matmul.py", line 583, in compile_and_simulate
    cycle_count = self.simulate(
2025-12-30 15:42:06,210 [ERROR] KeyboardInterrupt
2025-12-30 15:42:06,210 [ERROR] Traceback (most recent call last):
2025-12-30 15:42:06,210 [ERROR]   File "/home/william/LLMCompass_GoldData/software_model/matmul.py", line 1005, in __init__
    self.compute_cycle_count = self.simulate_l2_tile_compute_cycle_count(
2025-12-30 15:42:06,210 [ERROR] KeyboardInterrupt
2025-12-30 15:42:06,210 [ERROR] KeyboardInterrupt
2025-12-30 15:42:06,210 [ERROR] KeyboardInterrupt
2025-12-30 15:42:06,210 [ERROR] KeyboardInterrupt
2025-12-30 15:42:06,210 [ERROR]   File "/home/william/LLMCompass_GoldData/software_model/matmul.py", line 1162, in simulate_l2_tile_compute_cycle_count
    previous_batch_Read_M_K = np.zeros(
2025-12-30 15:42:06,210 [ERROR]   File "/home/william/LLMCompass_GoldData/software_model/matmul.py", line 915, in simulate
    previous_l2_tile = l2_tiles[previous_m, previous_n, previous_k]
2025-12-30 15:42:06,210 [ERROR]   File "/home/william/LLMCompass_GoldData/software_model/transformer.py", line 558, in compile_and_simulate
    self.Q_proj.compile_and_simulate(pcb, compile_mode)
2025-12-30 15:42:06,210 [ERROR]   File "/home/william/LLMCompass_GoldData/software_model/matmul.py", line 198, in generate_tile_loops
    for m in range(loop_M):
2025-12-30 15:42:06,210 [ERROR] KeyboardInterrupt
2025-12-30 15:42:06,210 [ERROR]   File "/home/william/LLMCompass_GoldData/software_model/matmul.py", line 905, in simulate
    for m, n, k in self.generate_tile_loops(
2025-12-30 15:42:06,210 [ERROR]   File "/home/william/LLMCompass_GoldData/software_model/matmul.py", line 1182, in simulate_l2_tile_compute_cycle_count
    active_l1_tile_list.append((m, n, k, l1_tiles[m, n, k]))
2025-12-30 15:42:06,210 [ERROR] KeyboardInterrupt
2025-12-30 15:42:06,210 [ERROR]   File "/home/william/LLMCompass_GoldData/software_model/matmul.py", line 583, in compile_and_simulate
    cycle_count = self.simulate(
2025-12-30 15:42:06,210 [ERROR]   File "/home/william/miniconda3/envs/llmcompass/lib/python3.9/multiprocessing/process.py", line 315, in _bootstrap
    self.run()
2025-12-30 15:42:06,210 [ERROR] KeyboardInterrupt
2025-12-30 15:42:06,210 [ERROR] KeyboardInterrupt
2025-12-30 15:42:06,210 [ERROR]   File "/home/william/LLMCompass_GoldData/software_model/matmul.py", line 198, in generate_tile_loops
    for m in range(loop_M):
2025-12-30 15:42:06,210 [ERROR] KeyboardInterrupt
2025-12-30 15:42:06,210 [ERROR]   File "/home/william/LLMCompass_GoldData/software_model/matmul.py", line 826, in simulate
    l2_tiles[-1, :N_l2_t, :K_l2_t] = self.L2TileSimulator(
2025-12-30 15:42:06,210 [ERROR]   File "/home/william/miniconda3/envs/llmcompass/lib/python3.9/multiprocessing/process.py", line 108, in run
    self._target(*self._args, **self._kwargs)
2025-12-30 15:42:06,210 [ERROR]   File "/home/william/LLMCompass_GoldData/software_model/matmul.py", line 1005, in __init__
    self.compute_cycle_count = self.simulate_l2_tile_compute_cycle_count(
2025-12-30 15:42:06,210 [ERROR] KeyboardInterrupt
2025-12-30 15:42:06,210 [ERROR]   File "/home/william/LLMCompass_GoldData/ae/figure8/change_memory_bw.py", line 103, in test_memory_bandwidth
    auto_regression_latency_simulated = model_auto_regression.compile_and_simulate(
2025-12-30 15:42:06,210 [ERROR]   File "/home/william/LLMCompass_GoldData/software_model/matmul.py", line 1058, in simulate_l2_tile_compute_cycle_count
    l1_tiles[-1, :N_l1_t, :K_l1_t] = Matmul.L1TileSimulator(
2025-12-30 15:42:06,210 [ERROR]   File "/home/william/LLMCompass_GoldData/software_model/matmul.py", line 1308, in __init__
    self.compute_cycle_count = self.simulate_l1_tile_compute_cycle_count(
2025-12-30 15:42:06,210 [ERROR]   File "/home/william/LLMCompass_GoldData/software_model/transformer.py", line 558, in compile_and_simulate
    self.Q_proj.compile_and_simulate(pcb, compile_mode)
2025-12-30 15:42:06,210 [ERROR]   File "/home/william/LLMCompass_GoldData/software_model/matmul.py", line 1338, in simulate_l1_tile_compute_cycle_count
    Matmul.simulate_systolic_array_cycle_count(
2025-12-30 15:42:06,210 [ERROR] Traceback (most recent call last):
2025-12-30 15:42:06,210 [ERROR]   File "/home/william/LLMCompass_GoldData/software_model/matmul.py", line 583, in compile_and_simulate
    cycle_count = self.simulate(
2025-12-30 15:42:06,210 [ERROR] Traceback (most recent call last):
2025-12-30 15:42:06,210 [ERROR]   File "/home/william/LLMCompass_GoldData/software_model/matmul.py", line 1405, in simulate_systolic_array_cycle_count
    cycle_count = look_up_table.loc[
2025-12-30 15:42:06,210 [ERROR] Traceback (most recent call last):
2025-12-30 15:42:06,210 [ERROR]   File "/home/william/LLMCompass_GoldData/software_model/matmul.py", line 749, in simulate
    self.look_up_table = pd.read_csv(
2025-12-30 15:42:06,210 [ERROR]   File "/home/william/miniconda3/envs/llmcompass/lib/python3.9/site-packages/pandas/core/indexing.py", line 1181, in __getitem__
    key = tuple(list(x) if is_iterator(x) else x for x in key)
2025-12-30 15:42:06,210 [ERROR] Traceback (most recent call last):
2025-12-30 15:42:06,210 [ERROR]   File "/home/william/miniconda3/envs/llmcompass/lib/python3.9/multiprocessing/process.py", line 315, in _bootstrap
    self.run()
2025-12-30 15:42:06,210 [ERROR]   File "/home/william/miniconda3/envs/llmcompass/lib/python3.9/site-packages/pandas/io/parsers/readers.py", line 1026, in read_csv
    return _read(filepath_or_buffer, kwds)
2025-12-30 15:42:06,210 [ERROR]   File "/home/william/miniconda3/envs/llmcompass/lib/python3.9/multiprocessing/process.py", line 315, in _bootstrap
    self.run()
2025-12-30 15:42:06,210 [ERROR]   File "/home/william/miniconda3/envs/llmcompass/lib/python3.9/site-packages/pandas/core/indexing.py", line 1181, in <genexpr>
    key = tuple(list(x) if is_iterator(x) else x for x in key)
2025-12-30 15:42:06,210 [ERROR] Traceback (most recent call last):
2025-12-30 15:42:06,210 [ERROR]   File "/home/william/miniconda3/envs/llmcompass/lib/python3.9/site-packages/pandas/io/parsers/readers.py", line 626, in _read
    return parser.read(nrows)
2025-12-30 15:42:06,210 [ERROR]   File "/home/william/miniconda3/envs/llmcompass/lib/python3.9/multiprocessing/process.py", line 108, in run
    self._target(*self._args, **self._kwargs)
2025-12-30 15:42:06,210 [ERROR]   File "/home/william/miniconda3/envs/llmcompass/lib/python3.9/multiprocessing/process.py", line 315, in _bootstrap
    self.run()
2025-12-30 15:42:06,210 [ERROR]   File "/home/william/miniconda3/envs/llmcompass/lib/python3.9/multiprocessing/process.py", line 108, in run
    self._target(*self._args, **self._kwargs)
2025-12-30 15:42:06,210 [ERROR] KeyboardInterrupt
2025-12-30 15:42:06,210 [ERROR]   File "/home/william/miniconda3/envs/llmcompass/lib/python3.9/site-packages/pandas/io/parsers/readers.py", line 1923, in read
    ) = self._engine.read(  # type: ignore[attr-defined]
2025-12-30 15:42:06,210 [ERROR]   File "/home/william/LLMCompass_GoldData/ae/figure8/change_memory_bw.py", line 103, in test_memory_bandwidth
    auto_regression_latency_simulated = model_auto_regression.compile_and_simulate(
2025-12-30 15:42:06,210 [ERROR]   File "/home/william/LLMCompass_GoldData/ae/figure8/change_memory_bw.py", line 103, in test_memory_bandwidth
    auto_regression_latency_simulated = model_auto_regression.compile_and_simulate(
2025-12-30 15:42:06,210 [ERROR]   File "/home/william/miniconda3/envs/llmcompass/lib/python3.9/multiprocessing/process.py", line 315, in _bootstrap
    self.run()
2025-12-30 15:42:06,210 [ERROR] Traceback (most recent call last):
2025-12-30 15:42:06,210 [ERROR]   File "/home/william/LLMCompass_GoldData/software_model/transformer.py", line 558, in compile_and_simulate
    self.Q_proj.compile_and_simulate(pcb, compile_mode)
2025-12-30 15:42:06,210 [ERROR]   File "/home/william/miniconda3/envs/llmcompass/lib/python3.9/site-packages/pandas/io/parsers/c_parser_wrapper.py", line 236, in read
    data = _concatenate_chunks(chunks)
2025-12-30 15:42:06,210 [ERROR]   File "/home/william/miniconda3/envs/llmcompass/lib/python3.9/multiprocessing/process.py", line 108, in run
    self._target(*self._args, **self._kwargs)
2025-12-30 15:42:06,211 [ERROR]   File "/home/william/LLMCompass_GoldData/software_model/transformer.py", line 558, in compile_and_simulate
    self.Q_proj.compile_and_simulate(pcb, compile_mode)
2025-12-30 15:42:06,210 [ERROR]   File "/home/william/miniconda3/envs/llmcompass/lib/python3.9/multiprocessing/process.py", line 315, in _bootstrap
    self.run()
2025-12-30 15:42:06,211 [ERROR]   File "/home/william/LLMCompass_GoldData/software_model/matmul.py", line 583, in compile_and_simulate
    cycle_count = self.simulate(
2025-12-30 15:42:06,211 [ERROR]   File "/home/william/miniconda3/envs/llmcompass/lib/python3.9/multiprocessing/process.py", line 108, in run
    self._target(*self._args, **self._kwargs)
2025-12-30 15:42:06,211 [ERROR]   File "/home/william/miniconda3/envs/llmcompass/lib/python3.9/site-packages/pandas/io/parsers/c_parser_wrapper.py", line 376, in _concatenate_chunks
    result[name] = concat_compat(arrs)
2025-12-30 15:42:06,211 [ERROR]   File "/home/william/LLMCompass_GoldData/software_model/matmul.py", line 583, in compile_and_simulate
    cycle_count = self.simulate(
2025-12-30 15:42:06,211 [ERROR]   File "/home/william/LLMCompass_GoldData/ae/figure8/change_memory_bw.py", line 103, in test_memory_bandwidth
    auto_regression_latency_simulated = model_auto_regression.compile_and_simulate(
2025-12-30 15:42:06,211 [ERROR]   File "/home/william/LLMCompass_GoldData/software_model/matmul.py", line 943, in simulate
    max(
2025-12-30 15:42:06,211 [ERROR]   File "/home/william/miniconda3/envs/llmcompass/lib/python3.9/multiprocessing/process.py", line 315, in _bootstrap
    self.run()
2025-12-30 15:42:06,211 [ERROR]   File "/home/william/miniconda3/envs/llmcompass/lib/python3.9/site-packages/pandas/core/dtypes/concat.py", line 78, in concat_compat
    return np.concatenate(to_concat_arrs, axis=axis)
2025-12-30 15:42:06,211 [ERROR]   File "/home/william/LLMCompass_GoldData/ae/figure8/change_memory_bw.py", line 103, in test_memory_bandwidth
    auto_regression_latency_simulated = model_auto_regression.compile_and_simulate(
2025-12-30 15:42:06,211 [ERROR]   File "/home/william/miniconda3/envs/llmcompass/lib/python3.9/multiprocessing/process.py", line 108, in run
    self._target(*self._args, **self._kwargs)
2025-12-30 15:42:06,211 [ERROR]   File "/home/william/LLMCompass_GoldData/software_model/matmul.py", line 927, in simulate
    current_tile_read_cycle_count += l2_tile.M_N_io_cycle_count
2025-12-30 15:42:06,211 [ERROR] KeyboardInterrupt
2025-12-30 15:42:06,211 [ERROR]   File "/home/william/LLMCompass_GoldData/software_model/transformer.py", line 558, in compile_and_simulate
    self.Q_proj.compile_and_simulate(pcb, compile_mode)
2025-12-30 15:42:06,211 [ERROR]   File "/home/william/miniconda3/envs/llmcompass/lib/python3.9/multiprocessing/process.py", line 108, in run
    self._target(*self._args, **self._kwargs)
2025-12-30 15:42:06,209 [ERROR] Process Process-461:
2025-12-30 15:42:06,211 [ERROR] KeyboardInterrupt
2025-12-30 15:42:06,211 [ERROR]   File "/home/william/LLMCompass_GoldData/software_model/transformer.py", line 558, in compile_and_simulate
    self.Q_proj.compile_and_simulate(pcb, compile_mode)
2025-12-30 15:42:06,211 [ERROR] KeyboardInterrupt
2025-12-30 15:42:06,209 [ERROR] Process Process-450:
2025-12-30 15:42:06,211 [ERROR]   File "/home/william/LLMCompass_GoldData/ae/figure8/change_memory_bw.py", line 103, in test_memory_bandwidth
    auto_regression_latency_simulated = model_auto_regression.compile_and_simulate(
2025-12-30 15:42:06,211 [ERROR]   File "/home/william/LLMCompass_GoldData/software_model/matmul.py", line 569, in compile_and_simulate
    mapping = self.Mapping(
2025-12-30 15:42:06,209 [ERROR] Process Process-482:
2025-12-30 15:42:06,211 [ERROR]   File "/home/william/LLMCompass_GoldData/ae/figure8/change_memory_bw.py", line 103, in test_memory_bandwidth
    auto_regression_latency_simulated = model_auto_regression.compile_and_simulate(
2025-12-30 15:42:06,211 [ERROR]   File "/home/william/LLMCompass_GoldData/software_model/matmul.py", line 583, in compile_and_simulate
    cycle_count = self.simulate(
2025-12-30 15:42:06,211 [ERROR]   File "/home/william/LLMCompass_GoldData/software_model/transformer.py", line 558, in compile_and_simulate
    self.Q_proj.compile_and_simulate(pcb, compile_mode)
2025-12-30 15:42:06,211 [ERROR]   File "/home/william/LLMCompass_GoldData/software_model/matmul.py", line 220, in __init__
    def __init__(
2025-12-30 15:42:06,211 [ERROR]   File "/home/william/LLMCompass_GoldData/software_model/transformer.py", line 558, in compile_and_simulate
    self.Q_proj.compile_and_simulate(pcb, compile_mode)
2025-12-30 15:42:06,211 [ERROR]   File "/home/william/LLMCompass_GoldData/software_model/matmul.py", line 826, in simulate
    l2_tiles[-1, :N_l2_t, :K_l2_t] = self.L2TileSimulator(
2025-12-30 15:42:06,211 [ERROR]   File "/home/william/LLMCompass_GoldData/software_model/matmul.py", line 583, in compile_and_simulate
    cycle_count = self.simulate(
2025-12-30 15:42:06,211 [ERROR]   File "/home/william/LLMCompass_GoldData/software_model/matmul.py", line 583, in compile_and_simulate
    cycle_count = self.simulate(
2025-12-30 15:42:06,211 [ERROR] KeyboardInterrupt
2025-12-30 15:42:06,211 [ERROR]   File "/home/william/LLMCompass_GoldData/software_model/matmul.py", line 1005, in __init__
    self.compute_cycle_count = self.simulate_l2_tile_compute_cycle_count(
2025-12-30 15:42:06,209 [ERROR] Process Process-455:
2025-12-30 15:42:06,211 [ERROR]   File "/home/william/LLMCompass_GoldData/software_model/matmul.py", line 919, in simulate
    current_tile_read_cycle_count = l2_tile.K_N_io_cycle_count
2025-12-30 15:42:06,211 [ERROR]   File "/home/william/LLMCompass_GoldData/software_model/matmul.py", line 846, in simulate
    l2_tiles[:M_l2_t, :N_l2_t, -1] = self.L2TileSimulator(
2025-12-30 15:42:06,211 [ERROR]   File "/home/william/LLMCompass_GoldData/software_model/matmul.py", line 1215, in simulate_l2_tile_compute_cycle_count
    current_batch_Read_M_N[temp_m, temp_n] = temp_k > 0
2025-12-30 15:42:06,211 [ERROR] KeyboardInterrupt
2025-12-30 15:42:06,211 [ERROR]   File "/home/william/LLMCompass_GoldData/software_model/matmul.py", line 1005, in __init__
    self.compute_cycle_count = self.simulate_l2_tile_compute_cycle_count(
2025-12-30 15:42:06,211 [ERROR] KeyboardInterrupt
2025-12-30 15:42:06,211 [ERROR]   File "/home/william/LLMCompass_GoldData/software_model/matmul.py", line 1222, in simulate_l2_tile_compute_cycle_count
    / chiplet_module.compute_module.core.vector_unit.total_vector_flops_per_cycle
2025-12-30 15:42:06,209 [ERROR] Process Process-485:
2025-12-30 15:42:06,211 [ERROR] KeyboardInterrupt
2025-12-30 15:42:06,209 [ERROR] Process Process-464:
2025-12-30 15:42:06,209 [ERROR] Process Process-483:
2025-12-30 15:42:06,209 [ERROR] Process Process-467:
2025-12-30 15:42:06,209 [ERROR] Process Process-480:
2025-12-30 15:42:06,209 [ERROR] Process Process-471:
2025-12-30 15:42:06,209 [ERROR] Process Process-458:
2025-12-30 15:42:06,209 [ERROR] Process Process-468:
2025-12-30 15:42:06,209 [ERROR] Process Process-451:
2025-12-30 15:42:06,209 [ERROR] Process Process-469:
2025-12-30 15:42:06,209 [ERROR] Process Process-453:
2025-12-30 15:42:06,209 [ERROR] Process Process-460:
2025-12-30 15:42:06,209 [ERROR] Process Process-452:
2025-12-30 15:42:06,211 [ERROR] Traceback (most recent call last):
2025-12-30 15:42:06,211 [ERROR] Traceback (most recent call last):
2025-12-30 15:42:06,211 [ERROR]   File "/home/william/miniconda3/envs/llmcompass/lib/python3.9/multiprocessing/process.py", line 315, in _bootstrap
    self.run()
2025-12-30 15:42:06,211 [ERROR]   File "/home/william/miniconda3/envs/llmcompass/lib/python3.9/multiprocessing/process.py", line 315, in _bootstrap
    self.run()
2025-12-30 15:42:06,211 [ERROR]   File "/home/william/miniconda3/envs/llmcompass/lib/python3.9/multiprocessing/process.py", line 108, in run
    self._target(*self._args, **self._kwargs)
2025-12-30 15:42:06,211 [ERROR]   File "/home/william/miniconda3/envs/llmcompass/lib/python3.9/multiprocessing/process.py", line 108, in run
    self._target(*self._args, **self._kwargs)
2025-12-30 15:42:06,211 [ERROR]   File "/home/william/LLMCompass_GoldData/ae/figure8/change_memory_bw.py", line 103, in test_memory_bandwidth
    auto_regression_latency_simulated = model_auto_regression.compile_and_simulate(
2025-12-30 15:42:06,211 [ERROR]   File "/home/william/LLMCompass_GoldData/ae/figure8/change_memory_bw.py", line 103, in test_memory_bandwidth
    auto_regression_latency_simulated = model_auto_regression.compile_and_simulate(
2025-12-30 15:42:06,211 [ERROR] Traceback (most recent call last):
2025-12-30 15:42:06,211 [ERROR]   File "/home/william/LLMCompass_GoldData/software_model/transformer.py", line 558, in compile_and_simulate
    self.Q_proj.compile_and_simulate(pcb, compile_mode)
2025-12-30 15:42:06,211 [ERROR]   File "/home/william/LLMCompass_GoldData/software_model/transformer.py", line 558, in compile_and_simulate
    self.Q_proj.compile_and_simulate(pcb, compile_mode)
2025-12-30 15:42:06,211 [ERROR]   File "/home/william/LLMCompass_GoldData/software_model/matmul.py", line 583, in compile_and_simulate
    cycle_count = self.simulate(
2025-12-30 15:42:06,211 [ERROR]   File "/home/william/LLMCompass_GoldData/software_model/matmul.py", line 583, in compile_and_simulate
    cycle_count = self.simulate(
2025-12-30 15:42:06,211 [ERROR] Traceback (most recent call last):
2025-12-30 15:42:06,211 [ERROR]   File "/home/william/LLMCompass_GoldData/software_model/matmul.py", line 941, in simulate
    if mapping.is_l2_double_buffering:  # pipelined
2025-12-30 15:42:06,211 [ERROR]   File "/home/william/miniconda3/envs/llmcompass/lib/python3.9/multiprocessing/process.py", line 315, in _bootstrap
    self.run()
2025-12-30 15:42:06,211 [ERROR]   File "/home/william/LLMCompass_GoldData/software_model/matmul.py", line 826, in simulate
    l2_tiles[-1, :N_l2_t, :K_l2_t] = self.L2TileSimulator(
2025-12-30 15:42:06,212 [ERROR]   File "/home/william/LLMCompass_GoldData/software_model/matmul.py", line 1005, in __init__
    self.compute_cycle_count = self.simulate_l2_tile_compute_cycle_count(
2025-12-30 15:42:06,212 [ERROR] KeyboardInterrupt
2025-12-30 15:42:06,212 [ERROR]   File "/home/william/miniconda3/envs/llmcompass/lib/python3.9/multiprocessing/process.py", line 108, in run
    self._target(*self._args, **self._kwargs)
2025-12-30 15:42:06,212 [ERROR]   File "/home/william/miniconda3/envs/llmcompass/lib/python3.9/multiprocessing/process.py", line 315, in _bootstrap
    self.run()
2025-12-30 15:42:06,212 [ERROR]   File "/home/william/LLMCompass_GoldData/software_model/matmul.py", line 1242, in simulate_l2_tile_compute_cycle_count
    * (~(previous_batch_Read_M_N + previous_batch_Write_M_N))
2025-12-30 15:42:06,212 [ERROR]   File "/home/william/LLMCompass_GoldData/ae/figure8/change_memory_bw.py", line 103, in test_memory_bandwidth
    auto_regression_latency_simulated = model_auto_regression.compile_and_simulate(
2025-12-30 15:42:06,211 [ERROR] Traceback (most recent call last):
2025-12-30 15:42:06,212 [ERROR] Traceback (most recent call last):
2025-12-30 15:42:06,212 [ERROR]   File "/home/william/miniconda3/envs/llmcompass/lib/python3.9/multiprocessing/process.py", line 108, in run
    self._target(*self._args, **self._kwargs)
2025-12-30 15:42:06,212 [ERROR] KeyboardInterrupt
2025-12-30 15:42:06,212 [ERROR]   File "/home/william/LLMCompass_GoldData/software_model/transformer.py", line 558, in compile_and_simulate
    self.Q_proj.compile_and_simulate(pcb, compile_mode)
2025-12-30 15:42:06,212 [ERROR]   File "/home/william/LLMCompass_GoldData/ae/figure8/change_memory_bw.py", line 103, in test_memory_bandwidth
    auto_regression_latency_simulated = model_auto_regression.compile_and_simulate(
2025-12-30 15:42:06,212 [ERROR]   File "/home/william/miniconda3/envs/llmcompass/lib/python3.9/multiprocessing/process.py", line 315, in _bootstrap
    self.run()
2025-12-30 15:42:06,212 [ERROR]   File "/home/william/LLMCompass_GoldData/software_model/matmul.py", line 583, in compile_and_simulate
    cycle_count = self.simulate(
2025-12-30 15:42:06,212 [ERROR]   File "/home/william/miniconda3/envs/llmcompass/lib/python3.9/multiprocessing/process.py", line 315, in _bootstrap
    self.run()
2025-12-30 15:42:06,212 [ERROR]   File "/home/william/LLMCompass_GoldData/software_model/transformer.py", line 558, in compile_and_simulate
    self.Q_proj.compile_and_simulate(pcb, compile_mode)
2025-12-30 15:42:06,212 [ERROR] Traceback (most recent call last):
2025-12-30 15:42:06,212 [ERROR]   File "/home/william/miniconda3/envs/llmcompass/lib/python3.9/multiprocessing/process.py", line 108, in run
    self._target(*self._args, **self._kwargs)
2025-12-30 15:42:06,212 [ERROR] Traceback (most recent call last):
2025-12-30 15:42:06,212 [ERROR]   File "/home/william/LLMCompass_GoldData/software_model/matmul.py", line 826, in simulate
    l2_tiles[-1, :N_l2_t, :K_l2_t] = self.L2TileSimulator(
2025-12-30 15:42:06,211 [ERROR] Process Process-489:
2025-12-30 15:42:06,212 [ERROR] Traceback (most recent call last):
2025-12-30 15:42:06,212 [ERROR]   File "/home/william/LLMCompass_GoldData/software_model/matmul.py", line 583, in compile_and_simulate
    cycle_count = self.simulate(
2025-12-30 15:42:06,212 [ERROR]   File "/home/william/LLMCompass_GoldData/software_model/matmul.py", line 1005, in __init__
    self.compute_cycle_count = self.simulate_l2_tile_compute_cycle_count(
2025-12-30 15:42:06,212 [ERROR]   File "/home/william/miniconda3/envs/llmcompass/lib/python3.9/multiprocessing/process.py", line 108, in run
    self._target(*self._args, **self._kwargs)
2025-12-30 15:42:06,212 [ERROR]   File "/home/william/LLMCompass_GoldData/ae/figure8/change_memory_bw.py", line 103, in test_memory_bandwidth
    auto_regression_latency_simulated = model_auto_regression.compile_and_simulate(
2025-12-30 15:42:06,212 [ERROR]   File "/home/william/miniconda3/envs/llmcompass/lib/python3.9/multiprocessing/process.py", line 315, in _bootstrap
    self.run()
2025-12-30 15:42:06,212 [ERROR]   File "/home/william/LLMCompass_GoldData/software_model/transformer.py", line 558, in compile_and_simulate
    self.Q_proj.compile_and_simulate(pcb, compile_mode)
2025-12-30 15:42:06,212 [ERROR]   File "/home/william/LLMCompass_GoldData/software_model/matmul.py", line 1058, in simulate_l2_tile_compute_cycle_count
    l1_tiles[-1, :N_l1_t, :K_l1_t] = Matmul.L1TileSimulator(
2025-12-30 15:42:06,212 [ERROR]   File "/home/william/LLMCompass_GoldData/software_model/matmul.py", line 915, in simulate
    previous_l2_tile = l2_tiles[previous_m, previous_n, previous_k]
2025-12-30 15:42:06,212 [ERROR] Traceback (most recent call last):
2025-12-30 15:42:06,212 [ERROR]   File "/home/william/LLMCompass_GoldData/ae/figure8/change_memory_bw.py", line 103, in test_memory_bandwidth
    auto_regression_latency_simulated = model_auto_regression.compile_and_simulate(
2025-12-30 15:42:06,212 [ERROR]   File "/home/william/miniconda3/envs/llmcompass/lib/python3.9/multiprocessing/process.py", line 108, in run
    self._target(*self._args, **self._kwargs)
2025-12-30 15:42:06,212 [ERROR]   File "/home/william/LLMCompass_GoldData/software_model/matmul.py", line 583, in compile_and_simulate
    cycle_count = self.simulate(
2025-12-30 15:42:06,212 [ERROR]   File "/home/william/miniconda3/envs/llmcompass/lib/python3.9/multiprocessing/process.py", line 315, in _bootstrap
    self.run()
2025-12-30 15:42:06,212 [ERROR] KeyboardInterrupt
2025-12-30 15:42:06,212 [ERROR]   File "/home/william/miniconda3/envs/llmcompass/lib/python3.9/multiprocessing/process.py", line 315, in _bootstrap
    self.run()
2025-12-30 15:42:06,212 [ERROR]   File "/home/william/LLMCompass_GoldData/software_model/matmul.py", line 826, in simulate
    l2_tiles[-1, :N_l2_t, :K_l2_t] = self.L2TileSimulator(
2025-12-30 15:42:06,212 [ERROR] KeyboardInterrupt
2025-12-30 15:42:06,212 [ERROR]   File "/home/william/LLMCompass_GoldData/ae/figure8/change_memory_bw.py", line 103, in test_memory_bandwidth
    auto_regression_latency_simulated = model_auto_regression.compile_and_simulate(
2025-12-30 15:42:06,212 [ERROR] Traceback (most recent call last):
2025-12-30 15:42:06,212 [ERROR]   File "/home/william/LLMCompass_GoldData/software_model/transformer.py", line 558, in compile_and_simulate
    self.Q_proj.compile_and_simulate(pcb, compile_mode)
2025-12-30 15:42:06,212 [ERROR]   File "/home/william/miniconda3/envs/llmcompass/lib/python3.9/multiprocessing/process.py", line 108, in run
    self._target(*self._args, **self._kwargs)
2025-12-30 15:42:06,212 [ERROR]   File "/home/william/LLMCompass_GoldData/software_model/matmul.py", line 1005, in __init__
    self.compute_cycle_count = self.simulate_l2_tile_compute_cycle_count(
2025-12-30 15:42:06,212 [ERROR]   File "/home/william/LLMCompass_GoldData/software_model/transformer.py", line 573, in compile_and_simulate
    self.H_matmul0.compile_and_simulate(pcb, compile_mode)
2025-12-30 15:42:06,212 [ERROR]   File "/home/william/miniconda3/envs/llmcompass/lib/python3.9/multiprocessing/process.py", line 315, in _bootstrap
    self.run()
2025-12-30 15:42:06,212 [ERROR]   File "/home/william/miniconda3/envs/llmcompass/lib/python3.9/multiprocessing/process.py", line 108, in run
    self._target(*self._args, **self._kwargs)
2025-12-30 15:42:06,212 [ERROR]   File "/home/william/LLMCompass_GoldData/software_model/matmul.py", line 1214, in simulate_l2_tile_compute_cycle_count
    current_batch_Read_K_N[temp_k, temp_n] = 1
2025-12-30 15:42:06,212 [ERROR] Process Process-490:
2025-12-30 15:42:06,212 [ERROR]   File "/home/william/LLMCompass_GoldData/ae/figure8/change_memory_bw.py", line 103, in test_memory_bandwidth
    auto_regression_latency_simulated = model_auto_regression.compile_and_simulate(
2025-12-30 15:42:06,212 [ERROR]   File "/home/william/LLMCompass_GoldData/software_model/matmul.py", line 583, in compile_and_simulate
    cycle_count = self.simulate(
2025-12-30 15:42:06,212 [ERROR]   File "/home/william/LLMCompass_GoldData/software_model/matmul.py", line 583, in compile_and_simulate
    cycle_count = self.simulate(
2025-12-30 15:42:06,212 [ERROR] Traceback (most recent call last):
2025-12-30 15:42:06,212 [ERROR]   File "/home/william/miniconda3/envs/llmcompass/lib/python3.9/multiprocessing/process.py", line 108, in run
    self._target(*self._args, **self._kwargs)
2025-12-30 15:42:06,212 [ERROR]   File "/home/william/LLMCompass_GoldData/ae/figure8/change_memory_bw.py", line 103, in test_memory_bandwidth
    auto_regression_latency_simulated = model_auto_regression.compile_and_simulate(
2025-12-30 15:42:06,212 [ERROR]   File "/home/william/miniconda3/envs/llmcompass/lib/python3.9/multiprocessing/process.py", line 315, in _bootstrap
    self.run()
2025-12-30 15:42:06,212 [ERROR] KeyboardInterrupt
2025-12-30 15:42:06,212 [ERROR]   File "/home/william/LLMCompass_GoldData/software_model/transformer.py", line 558, in compile_and_simulate
    self.Q_proj.compile_and_simulate(pcb, compile_mode)
2025-12-30 15:42:06,212 [ERROR]   File "/home/william/LLMCompass_GoldData/software_model/matmul.py", line 915, in simulate
    previous_l2_tile = l2_tiles[previous_m, previous_n, previous_k]
2025-12-30 15:42:06,212 [ERROR]   File "/home/william/LLMCompass_GoldData/software_model/matmul.py", line 930, in simulate
    if k > 0:
2025-12-30 15:42:06,212 [ERROR]   File "/home/william/LLMCompass_GoldData/ae/figure8/change_memory_bw.py", line 103, in test_memory_bandwidth
    auto_regression_latency_simulated = model_auto_regression.compile_and_simulate(
2025-12-30 15:42:06,212 [ERROR]   File "/home/william/LLMCompass_GoldData/software_model/transformer.py", line 558, in compile_and_simulate
    self.Q_proj.compile_and_simulate(pcb, compile_mode)
2025-12-30 15:42:06,212 [ERROR]   File "/home/william/miniconda3/envs/llmcompass/lib/python3.9/multiprocessing/process.py", line 108, in run
    self._target(*self._args, **self._kwargs)
2025-12-30 15:42:06,212 [ERROR]   File "/home/william/LLMCompass_GoldData/software_model/matmul.py", line 583, in compile_and_simulate
    cycle_count = self.simulate(
2025-12-30 15:42:06,212 [ERROR] KeyboardInterrupt
2025-12-30 15:42:06,212 [ERROR]   File "/home/william/LLMCompass_GoldData/software_model/transformer.py", line 558, in compile_and_simulate
    self.Q_proj.compile_and_simulate(pcb, compile_mode)
2025-12-30 15:42:06,212 [ERROR] KeyboardInterrupt
2025-12-30 15:42:06,212 [ERROR]   File "/home/william/miniconda3/envs/llmcompass/lib/python3.9/multiprocessing/process.py", line 315, in _bootstrap
    self.run()
2025-12-30 15:42:06,212 [ERROR]   File "/home/william/LLMCompass_GoldData/software_model/matmul.py", line 583, in compile_and_simulate
    cycle_count = self.simulate(
2025-12-30 15:42:06,212 [ERROR]   File "/home/william/LLMCompass_GoldData/software_model/matmul.py", line 826, in simulate
    l2_tiles[-1, :N_l2_t, :K_l2_t] = self.L2TileSimulator(
2025-12-30 15:42:06,212 [ERROR]   File "/home/william/LLMCompass_GoldData/ae/figure8/change_memory_bw.py", line 103, in test_memory_bandwidth
    auto_regression_latency_simulated = model_auto_regression.compile_and_simulate(
2025-12-30 15:42:06,212 [ERROR]   File "/home/william/LLMCompass_GoldData/software_model/matmul.py", line 583, in compile_and_simulate
    cycle_count = self.simulate(
2025-12-30 15:42:06,212 [ERROR]   File "/home/william/LLMCompass_GoldData/software_model/matmul.py", line 911, in simulate
    if m == 0 and n == 0 and k == 0:
2025-12-30 15:42:06,212 [ERROR]   File "/home/william/LLMCompass_GoldData/software_model/transformer.py", line 558, in compile_and_simulate
    self.Q_proj.compile_and_simulate(pcb, compile_mode)
2025-12-30 15:42:06,212 [ERROR]   File "/home/william/LLMCompass_GoldData/software_model/matmul.py", line 1005, in __init__
    self.compute_cycle_count = self.simulate_l2_tile_compute_cycle_count(
2025-12-30 15:42:06,212 [ERROR]   File "/home/william/LLMCompass_GoldData/software_model/matmul.py", line 763, in simulate
    self.look_up_table.drop_duplicates(
2025-12-30 15:42:06,212 [ERROR]   File "/home/william/LLMCompass_GoldData/software_model/matmul.py", line 583, in compile_and_simulate
    cycle_count = self.simulate(
2025-12-30 15:42:06,212 [ERROR] Traceback (most recent call last):
2025-12-30 15:42:06,212 [ERROR]   File "/home/william/miniconda3/envs/llmcompass/lib/python3.9/site-packages/pandas/core/frame.py", line 6840, in drop_duplicates
    result = self[-self.duplicated(subset, keep=keep)]
2025-12-30 15:42:06,212 [ERROR] KeyboardInterrupt
2025-12-30 15:42:06,212 [ERROR]   File "/home/william/LLMCompass_GoldData/software_model/matmul.py", line 1232, in simulate_l2_tile_compute_cycle_count
    (current_batch_Read_M_K * (~previous_batch_Read_M_K))
2025-12-30 15:42:06,212 [ERROR] Traceback (most recent call last):
2025-12-30 15:42:06,212 [ERROR]   File "/home/william/miniconda3/envs/llmcompass/lib/python3.9/multiprocessing/process.py", line 108, in run
    self._target(*self._args, **self._kwargs)
2025-12-30 15:42:06,212 [ERROR]   File "/home/william/LLMCompass_GoldData/software_model/matmul.py", line 905, in simulate
    for m, n, k in self.generate_tile_loops(
2025-12-30 15:42:06,212 [ERROR]   File "/home/william/miniconda3/envs/llmcompass/lib/python3.9/site-packages/pandas/core/frame.py", line 6980, in duplicated
    labels, shape = map(list, zip(*map(f, vals)))
2025-12-30 15:42:06,212 [ERROR]   File "/home/william/LLMCompass_GoldData/software_model/matmul.py", line 198, in generate_tile_loops
    for m in range(loop_M):
2025-12-30 15:42:06,212 [ERROR]   File "/home/william/LLMCompass_GoldData/ae/figure8/change_memory_bw.py", line 103, in test_memory_bandwidth
    auto_regression_latency_simulated = model_auto_regression.compile_and_simulate(
2025-12-30 15:42:06,212 [ERROR]   File "/home/william/miniconda3/envs/llmcompass/lib/python3.9/site-packages/pandas/core/frame.py", line 6948, in f
    labels, shape = algorithms.factorize(vals, size_hint=len(self))
2025-12-30 15:42:06,212 [ERROR] KeyboardInterrupt
2025-12-30 15:42:06,212 [ERROR]   File "/home/william/LLMCompass_GoldData/software_model/transformer.py", line 558, in compile_and_simulate
    self.Q_proj.compile_and_simulate(pcb, compile_mode)
2025-12-30 15:42:06,212 [ERROR]   File "/home/william/miniconda3/envs/llmcompass/lib/python3.9/site-packages/pandas/core/algorithms.py", line 795, in factorize
    codes, uniques = factorize_array(
2025-12-30 15:42:06,212 [ERROR] KeyboardInterrupt
2025-12-30 15:42:06,212 [ERROR]   File "/home/william/miniconda3/envs/llmcompass/lib/python3.9/multiprocessing/process.py", line 315, in _bootstrap
    self.run()
2025-12-30 15:42:06,212 [ERROR]   File "/home/william/miniconda3/envs/llmcompass/lib/python3.9/multiprocessing/process.py", line 315, in _bootstrap
    self.run()
2025-12-30 15:42:06,212 [ERROR]   File "/home/william/LLMCompass_GoldData/software_model/matmul.py", line 583, in compile_and_simulate
    cycle_count = self.simulate(
2025-12-30 15:42:06,212 [ERROR]   File "/home/william/miniconda3/envs/llmcompass/lib/python3.9/site-packages/pandas/core/algorithms.py", line 595, in factorize_array
    uniques, codes = table.factorize(
2025-12-30 15:42:06,212 [ERROR]   File "/home/william/LLMCompass_GoldData/software_model/matmul.py", line 927, in simulate
    current_tile_read_cycle_count += l2_tile.M_N_io_cycle_count
2025-12-30 15:42:06,212 [ERROR]   File "/home/william/miniconda3/envs/llmcompass/lib/python3.9/multiprocessing/process.py", line 108, in run
    self._target(*self._args, **self._kwargs)
2025-12-30 15:42:06,212 [ERROR]   File "/home/william/miniconda3/envs/llmcompass/lib/python3.9/multiprocessing/process.py", line 108, in run
    self._target(*self._args, **self._kwargs)
2025-12-30 15:42:06,212 [ERROR] KeyboardInterrupt
2025-12-30 15:42:06,212 [ERROR] KeyboardInterrupt
2025-12-30 15:42:06,212 [ERROR]   File "/home/william/LLMCompass_GoldData/ae/figure8/change_memory_bw.py", line 103, in test_memory_bandwidth
    auto_regression_latency_simulated = model_auto_regression.compile_and_simulate(
2025-12-30 15:42:06,212 [ERROR]   File "/home/william/LLMCompass_GoldData/ae/figure8/change_memory_bw.py", line 103, in test_memory_bandwidth
    auto_regression_latency_simulated = model_auto_regression.compile_and_simulate(
2025-12-30 15:42:06,212 [ERROR]   File "/home/william/LLMCompass_GoldData/software_model/transformer.py", line 558, in compile_and_simulate
    self.Q_proj.compile_and_simulate(pcb, compile_mode)
2025-12-30 15:42:06,212 [ERROR]   File "/home/william/LLMCompass_GoldData/software_model/transformer.py", line 558, in compile_and_simulate
    self.Q_proj.compile_and_simulate(pcb, compile_mode)
2025-12-30 15:42:06,212 [ERROR]   File "/home/william/LLMCompass_GoldData/software_model/matmul.py", line 583, in compile_and_simulate
    cycle_count = self.simulate(
2025-12-30 15:42:06,212 [ERROR]   File "/home/william/LLMCompass_GoldData/software_model/matmul.py", line 826, in simulate
    l2_tiles[-1, :N_l2_t, :K_l2_t] = self.L2TileSimulator(
2025-12-30 15:42:06,212 [ERROR]   File "/home/william/LLMCompass_GoldData/software_model/matmul.py", line 583, in compile_and_simulate
    cycle_count = self.simulate(
2025-12-30 15:42:06,212 [ERROR]   File "/home/william/LLMCompass_GoldData/software_model/matmul.py", line 1005, in __init__
    self.compute_cycle_count = self.simulate_l2_tile_compute_cycle_count(
2025-12-30 15:42:06,212 [ERROR]   File "/home/william/LLMCompass_GoldData/software_model/matmul.py", line 826, in simulate
    l2_tiles[-1, :N_l2_t, :K_l2_t] = self.L2TileSimulator(
2025-12-30 15:42:06,212 [ERROR]   File "/home/william/LLMCompass_GoldData/software_model/matmul.py", line 1224, in simulate_l2_tile_compute_cycle_count
    current_batch_compute_cycle_count = max(
2025-12-30 15:42:06,212 [ERROR]   File "/home/william/LLMCompass_GoldData/software_model/matmul.py", line 1005, in __init__
    self.compute_cycle_count = self.simulate_l2_tile_compute_cycle_count(
2025-12-30 15:42:06,212 [ERROR] KeyboardInterrupt
2025-12-30 15:42:06,212 [ERROR]   File "/home/william/LLMCompass_GoldData/software_model/matmul.py", line 1058, in simulate_l2_tile_compute_cycle_count
    l1_tiles[-1, :N_l1_t, :K_l1_t] = Matmul.L1TileSimulator(
2025-12-30 15:42:06,212 [ERROR]   File "/home/william/LLMCompass_GoldData/software_model/matmul.py", line 1308, in __init__
    self.compute_cycle_count = self.simulate_l1_tile_compute_cycle_count(
2025-12-30 15:42:06,212 [ERROR]   File "/home/william/LLMCompass_GoldData/software_model/matmul.py", line 1348, in simulate_l1_tile_compute_cycle_count
    + (K_tiling_factor - 1)
2025-12-30 15:42:06,212 [ERROR] KeyboardInterrupt
2025-12-30 15:42:06,213 [ERROR] Traceback (most recent call last):
2025-12-30 15:42:06,213 [ERROR] Traceback (most recent call last):
2025-12-30 15:42:06,213 [ERROR]   File "/home/william/miniconda3/envs/llmcompass/lib/python3.9/multiprocessing/process.py", line 315, in _bootstrap
    self.run()
2025-12-30 15:42:06,213 [ERROR]   File "/home/william/miniconda3/envs/llmcompass/lib/python3.9/multiprocessing/process.py", line 108, in run
    self._target(*self._args, **self._kwargs)
2025-12-30 15:42:06,213 [ERROR]   File "/home/william/LLMCompass_GoldData/ae/figure8/change_memory_bw.py", line 103, in test_memory_bandwidth
    auto_regression_latency_simulated = model_auto_regression.compile_and_simulate(
2025-12-30 15:42:06,213 [ERROR]   File "/home/william/miniconda3/envs/llmcompass/lib/python3.9/multiprocessing/process.py", line 315, in _bootstrap
    self.run()
2025-12-30 15:42:06,213 [ERROR]   File "/home/william/LLMCompass_GoldData/software_model/transformer.py", line 558, in compile_and_simulate
    self.Q_proj.compile_and_simulate(pcb, compile_mode)
2025-12-30 15:42:06,213 [ERROR]   File "/home/william/LLMCompass_GoldData/software_model/matmul.py", line 583, in compile_and_simulate
    cycle_count = self.simulate(
2025-12-30 15:42:06,213 [ERROR]   File "/home/william/miniconda3/envs/llmcompass/lib/python3.9/multiprocessing/process.py", line 108, in run
    self._target(*self._args, **self._kwargs)
2025-12-30 15:42:06,213 [ERROR]   File "/home/william/LLMCompass_GoldData/software_model/matmul.py", line 749, in simulate
    self.look_up_table = pd.read_csv(
2025-12-30 15:42:06,213 [ERROR]   File "/home/william/LLMCompass_GoldData/ae/figure8/change_memory_bw.py", line 103, in test_memory_bandwidth
    auto_regression_latency_simulated = model_auto_regression.compile_and_simulate(
2025-12-30 15:42:06,213 [ERROR]   File "/home/william/miniconda3/envs/llmcompass/lib/python3.9/site-packages/pandas/io/parsers/readers.py", line 1026, in read_csv
    return _read(filepath_or_buffer, kwds)
2025-12-30 15:42:06,213 [ERROR]   File "/home/william/LLMCompass_GoldData/software_model/transformer.py", line 558, in compile_and_simulate
    self.Q_proj.compile_and_simulate(pcb, compile_mode)
2025-12-30 15:42:06,213 [ERROR]   File "/home/william/miniconda3/envs/llmcompass/lib/python3.9/site-packages/pandas/io/parsers/readers.py", line 620, in _read
    parser = TextFileReader(filepath_or_buffer, **kwds)
2025-12-30 15:42:06,213 [ERROR]   File "/home/william/LLMCompass_GoldData/software_model/matmul.py", line 583, in compile_and_simulate
    cycle_count = self.simulate(
2025-12-30 15:42:06,213 [ERROR]   File "/home/william/miniconda3/envs/llmcompass/lib/python3.9/site-packages/pandas/io/parsers/readers.py", line 1620, in __init__
    self._engine = self._make_engine(f, self.engine)
2025-12-30 15:42:06,213 [ERROR]   File "/home/william/LLMCompass_GoldData/software_model/matmul.py", line 749, in simulate
    self.look_up_table = pd.read_csv(
2025-12-30 15:42:06,213 [ERROR]   File "/home/william/miniconda3/envs/llmcompass/lib/python3.9/site-packages/pandas/io/parsers/readers.py", line 1898, in _make_engine
    return mapping[engine](f, **self.options)
2025-12-30 15:42:06,213 [ERROR]   File "/home/william/miniconda3/envs/llmcompass/lib/python3.9/site-packages/pandas/io/parsers/readers.py", line 1026, in read_csv
    return _read(filepath_or_buffer, kwds)
2025-12-30 15:42:06,213 [ERROR]   File "/home/william/miniconda3/envs/llmcompass/lib/python3.9/site-packages/pandas/io/parsers/c_parser_wrapper.py", line 93, in __init__
    self._reader = parsers.TextReader(src, **kwds)
2025-12-30 15:42:06,213 [ERROR]   File "/home/william/miniconda3/envs/llmcompass/lib/python3.9/site-packages/pandas/io/parsers/readers.py", line 626, in _read
    return parser.read(nrows)
2025-12-30 15:42:06,213 [ERROR]   File "/home/william/miniconda3/envs/llmcompass/lib/python3.9/site-packages/pandas/io/parsers/readers.py", line 1923, in read
    ) = self._engine.read(  # type: ignore[attr-defined]
2025-12-30 15:42:06,213 [ERROR] KeyboardInterrupt
2025-12-30 15:42:06,213 [ERROR]   File "/home/william/miniconda3/envs/llmcompass/lib/python3.9/site-packages/pandas/io/parsers/c_parser_wrapper.py", line 234, in read
    chunks = self._reader.read_low_memory(nrows)
2025-12-30 15:42:06,213 [ERROR]   File "pandas/_libs/parsers.pyx", line 838, in pandas._libs.parsers.TextReader.read_low_memory
2025-12-30 15:42:06,213 [ERROR]   File "pandas/_libs/parsers.pyx", line 905, in pandas._libs.parsers.TextReader._read_rows
2025-12-30 15:42:06,213 [ERROR]   File "pandas/_libs/parsers.pyx", line 874, in pandas._libs.parsers.TextReader._tokenize_rows
2025-12-30 15:42:06,213 [ERROR]   File "pandas/_libs/parsers.pyx", line 891, in pandas._libs.parsers.TextReader._check_tokenize_status
2025-12-30 15:42:06,213 [ERROR]   File "pandas/_libs/parsers.pyx", line 2061, in pandas._libs.parsers.raise_parser_error
2025-12-30 15:42:06,213 [ERROR] pandas.errors.ParserError: Error tokenizing data. C error: Calling read(nbytes) on source failed. Try engine='python'.
2025-12-30 15:42:06,214 [ERROR] Traceback (most recent call last):
2025-12-30 15:42:06,214 [ERROR]   File "/home/william/miniconda3/envs/llmcompass/lib/python3.9/multiprocessing/process.py", line 315, in _bootstrap
    self.run()
2025-12-30 15:42:06,214 [ERROR]   File "/home/william/miniconda3/envs/llmcompass/lib/python3.9/multiprocessing/process.py", line 108, in run
    self._target(*self._args, **self._kwargs)
2025-12-30 15:42:06,214 [ERROR]   File "/home/william/LLMCompass_GoldData/ae/figure8/change_memory_bw.py", line 103, in test_memory_bandwidth
    auto_regression_latency_simulated = model_auto_regression.compile_and_simulate(
2025-12-30 15:42:06,214 [ERROR]   File "/home/william/LLMCompass_GoldData/software_model/transformer.py", line 558, in compile_and_simulate
    self.Q_proj.compile_and_simulate(pcb, compile_mode)
2025-12-30 15:42:06,214 [ERROR]   File "/home/william/LLMCompass_GoldData/software_model/matmul.py", line 583, in compile_and_simulate
    cycle_count = self.simulate(
2025-12-30 15:42:06,214 [ERROR]   File "/home/william/LLMCompass_GoldData/software_model/matmul.py", line 826, in simulate
    l2_tiles[-1, :N_l2_t, :K_l2_t] = self.L2TileSimulator(
2025-12-30 15:42:06,214 [ERROR]   File "/home/william/LLMCompass_GoldData/software_model/matmul.py", line 1005, in __init__
    self.compute_cycle_count = self.simulate_l2_tile_compute_cycle_count(
2025-12-30 15:42:06,214 [ERROR]   File "/home/william/LLMCompass_GoldData/software_model/matmul.py", line 1058, in simulate_l2_tile_compute_cycle_count
    l1_tiles[-1, :N_l1_t, :K_l1_t] = Matmul.L1TileSimulator(
2025-12-30 15:42:06,214 [ERROR]   File "/home/william/LLMCompass_GoldData/software_model/matmul.py", line 1308, in __init__
    self.compute_cycle_count = self.simulate_l1_tile_compute_cycle_count(
2025-12-30 15:42:06,214 [ERROR]   File "/home/william/LLMCompass_GoldData/software_model/matmul.py", line 1338, in simulate_l1_tile_compute_cycle_count
    Matmul.simulate_systolic_array_cycle_count(
2025-12-30 15:42:06,214 [ERROR]   File "/home/william/LLMCompass_GoldData/software_model/matmul.py", line 1405, in simulate_systolic_array_cycle_count
    cycle_count = look_up_table.loc[
2025-12-30 15:42:06,214 [ERROR]   File "/home/william/miniconda3/envs/llmcompass/lib/python3.9/site-packages/pandas/core/indexing.py", line 1185, in __getitem__
    return self._getitem_tuple(key)
2025-12-30 15:42:06,214 [ERROR]   File "/home/william/miniconda3/envs/llmcompass/lib/python3.9/site-packages/pandas/core/indexing.py", line 1369, in _getitem_tuple
    return self._getitem_lowerdim(tup)
2025-12-30 15:42:06,214 [ERROR]   File "/home/william/miniconda3/envs/llmcompass/lib/python3.9/site-packages/pandas/core/indexing.py", line 1042, in _getitem_lowerdim
    return self._getitem_nested_tuple(tup)
2025-12-30 15:42:06,214 [ERROR]   File "/home/william/miniconda3/envs/llmcompass/lib/python3.9/site-packages/pandas/core/indexing.py", line 1154, in _getitem_nested_tuple
    obj = getattr(obj, self.name)._getitem_axis(key, axis=axis)
2025-12-30 15:42:06,214 [ERROR]   File "/home/william/miniconda3/envs/llmcompass/lib/python3.9/site-packages/pandas/core/indexing.py", line 1431, in _getitem_axis
    self._validate_key(key, axis)
2025-12-30 15:42:06,214 [ERROR]   File "/home/william/miniconda3/envs/llmcompass/lib/python3.9/site-packages/pandas/core/indexing.py", line 1233, in _validate_key
    ax = self.obj._get_axis(axis)
2025-12-30 15:42:06,214 [ERROR]   File "/home/william/miniconda3/envs/llmcompass/lib/python3.9/site-packages/pandas/core/generic.py", line 591, in _get_axis
    axis_number = self._get_axis_number(axis)
2025-12-30 15:42:06,214 [ERROR] KeyboardInterrupt
2025-12-30 15:42:06,214 [ERROR] Traceback (most recent call last):
2025-12-30 15:42:06,214 [ERROR] Traceback (most recent call last):
2025-12-30 15:42:06,214 [ERROR]   File "/home/william/miniconda3/envs/llmcompass/lib/python3.9/multiprocessing/process.py", line 315, in _bootstrap
    self.run()
2025-12-30 15:42:06,215 [ERROR]   File "/home/william/miniconda3/envs/llmcompass/lib/python3.9/multiprocessing/process.py", line 315, in _bootstrap
    self.run()
2025-12-30 15:42:06,215 [ERROR]   File "/home/william/miniconda3/envs/llmcompass/lib/python3.9/multiprocessing/process.py", line 108, in run
    self._target(*self._args, **self._kwargs)
2025-12-30 15:42:06,215 [ERROR]   File "/home/william/miniconda3/envs/llmcompass/lib/python3.9/multiprocessing/process.py", line 108, in run
    self._target(*self._args, **self._kwargs)
2025-12-30 15:42:06,215 [ERROR]   File "/home/william/LLMCompass_GoldData/ae/figure8/change_memory_bw.py", line 103, in test_memory_bandwidth
    auto_regression_latency_simulated = model_auto_regression.compile_and_simulate(
2025-12-30 15:42:06,215 [ERROR]   File "/home/william/LLMCompass_GoldData/ae/figure8/change_memory_bw.py", line 103, in test_memory_bandwidth
    auto_regression_latency_simulated = model_auto_regression.compile_and_simulate(
2025-12-30 15:42:06,215 [ERROR]   File "/home/william/LLMCompass_GoldData/software_model/transformer.py", line 558, in compile_and_simulate
    self.Q_proj.compile_and_simulate(pcb, compile_mode)
2025-12-30 15:42:06,215 [ERROR]   File "/home/william/LLMCompass_GoldData/software_model/transformer.py", line 558, in compile_and_simulate
    self.Q_proj.compile_and_simulate(pcb, compile_mode)
2025-12-30 15:42:06,215 [ERROR]   File "/home/william/LLMCompass_GoldData/software_model/matmul.py", line 583, in compile_and_simulate
    cycle_count = self.simulate(
2025-12-30 15:42:06,215 [ERROR]   File "/home/william/LLMCompass_GoldData/software_model/matmul.py", line 583, in compile_and_simulate
    cycle_count = self.simulate(
2025-12-30 15:42:06,215 [ERROR]   File "/home/william/LLMCompass_GoldData/software_model/matmul.py", line 826, in simulate
    l2_tiles[-1, :N_l2_t, :K_l2_t] = self.L2TileSimulator(
2025-12-30 15:42:06,215 [ERROR]   File "/home/william/LLMCompass_GoldData/software_model/matmul.py", line 826, in simulate
    l2_tiles[-1, :N_l2_t, :K_l2_t] = self.L2TileSimulator(
2025-12-30 15:42:06,215 [ERROR]   File "/home/william/LLMCompass_GoldData/software_model/matmul.py", line 1005, in __init__
    self.compute_cycle_count = self.simulate_l2_tile_compute_cycle_count(
2025-12-30 15:42:06,215 [ERROR]   File "/home/william/LLMCompass_GoldData/software_model/matmul.py", line 1005, in __init__
    self.compute_cycle_count = self.simulate_l2_tile_compute_cycle_count(
2025-12-30 15:42:06,215 [ERROR]   File "/home/william/LLMCompass_GoldData/software_model/matmul.py", line 1058, in simulate_l2_tile_compute_cycle_count
    l1_tiles[-1, :N_l1_t, :K_l1_t] = Matmul.L1TileSimulator(
2025-12-30 15:42:06,215 [ERROR]   File "/home/william/LLMCompass_GoldData/software_model/matmul.py", line 1058, in simulate_l2_tile_compute_cycle_count
    l1_tiles[-1, :N_l1_t, :K_l1_t] = Matmul.L1TileSimulator(
2025-12-30 15:42:06,215 [ERROR]   File "/home/william/LLMCompass_GoldData/software_model/matmul.py", line 1308, in __init__
    self.compute_cycle_count = self.simulate_l1_tile_compute_cycle_count(
2025-12-30 15:42:06,215 [ERROR]   File "/home/william/LLMCompass_GoldData/software_model/matmul.py", line 1308, in __init__
    self.compute_cycle_count = self.simulate_l1_tile_compute_cycle_count(
2025-12-30 15:42:06,215 [ERROR]   File "/home/william/LLMCompass_GoldData/software_model/matmul.py", line 1338, in simulate_l1_tile_compute_cycle_count
    Matmul.simulate_systolic_array_cycle_count(
2025-12-30 15:42:06,215 [ERROR]   File "/home/william/LLMCompass_GoldData/software_model/matmul.py", line 1338, in simulate_l1_tile_compute_cycle_count
    Matmul.simulate_systolic_array_cycle_count(
2025-12-30 15:42:06,215 [ERROR]   File "/home/william/LLMCompass_GoldData/software_model/matmul.py", line 1405, in simulate_systolic_array_cycle_count
    cycle_count = look_up_table.loc[
2025-12-30 15:42:06,215 [ERROR]   File "/home/william/LLMCompass_GoldData/software_model/matmul.py", line 1405, in simulate_systolic_array_cycle_count
    cycle_count = look_up_table.loc[
2025-12-30 15:42:06,215 [ERROR]   File "/home/william/miniconda3/envs/llmcompass/lib/python3.9/site-packages/pandas/core/indexing.py", line 1185, in __getitem__
    return self._getitem_tuple(key)
2025-12-30 15:42:06,215 [ERROR]   File "/home/william/miniconda3/envs/llmcompass/lib/python3.9/site-packages/pandas/core/indexing.py", line 1185, in __getitem__
    return self._getitem_tuple(key)
2025-12-30 15:42:06,215 [ERROR]   File "/home/william/miniconda3/envs/llmcompass/lib/python3.9/site-packages/pandas/core/indexing.py", line 1369, in _getitem_tuple
    return self._getitem_lowerdim(tup)
2025-12-30 15:42:06,215 [ERROR]   File "/home/william/miniconda3/envs/llmcompass/lib/python3.9/site-packages/pandas/core/indexing.py", line 1042, in _getitem_lowerdim
    return self._getitem_nested_tuple(tup)
2025-12-30 15:42:06,215 [ERROR]   File "/home/william/miniconda3/envs/llmcompass/lib/python3.9/site-packages/pandas/core/indexing.py", line 1369, in _getitem_tuple
    return self._getitem_lowerdim(tup)
2025-12-30 15:42:06,215 [ERROR]   File "/home/william/miniconda3/envs/llmcompass/lib/python3.9/site-packages/pandas/core/indexing.py", line 1154, in _getitem_nested_tuple
    obj = getattr(obj, self.name)._getitem_axis(key, axis=axis)
2025-12-30 15:42:06,215 [ERROR]   File "/home/william/miniconda3/envs/llmcompass/lib/python3.9/site-packages/pandas/core/indexing.py", line 1042, in _getitem_lowerdim
    return self._getitem_nested_tuple(tup)
2025-12-30 15:42:06,215 [ERROR]   File "/home/william/miniconda3/envs/llmcompass/lib/python3.9/site-packages/pandas/core/indexing.py", line 1432, in _getitem_axis
    return self._get_label(key, axis=axis)
2025-12-30 15:42:06,215 [ERROR]   File "/home/william/miniconda3/envs/llmcompass/lib/python3.9/site-packages/pandas/core/indexing.py", line 1154, in _getitem_nested_tuple
    obj = getattr(obj, self.name)._getitem_axis(key, axis=axis)
2025-12-30 15:42:06,215 [ERROR]   File "/home/william/miniconda3/envs/llmcompass/lib/python3.9/site-packages/pandas/core/indexing.py", line 1382, in _get_label
    return self.obj.xs(label, axis=axis)
2025-12-30 15:42:06,215 [ERROR]   File "/home/william/miniconda3/envs/llmcompass/lib/python3.9/site-packages/pandas/core/indexing.py", line 1432, in _getitem_axis
    return self._get_label(key, axis=axis)
2025-12-30 15:42:06,215 [ERROR]   File "/home/william/miniconda3/envs/llmcompass/lib/python3.9/site-packages/pandas/core/generic.py", line 4315, in xs
    loc, new_index = index._get_loc_level(key, level=0)
2025-12-30 15:42:06,215 [ERROR]   File "/home/william/miniconda3/envs/llmcompass/lib/python3.9/site-packages/pandas/core/indexing.py", line 1382, in _get_label
    return self.obj.xs(label, axis=axis)
2025-12-30 15:42:06,215 [ERROR]   File "/home/william/miniconda3/envs/llmcompass/lib/python3.9/site-packages/pandas/core/indexes/multi.py", line 3235, in _get_loc_level
    if not any(isinstance(k, slice) for k in key):
2025-12-30 15:42:06,215 [ERROR]   File "/home/william/miniconda3/envs/llmcompass/lib/python3.9/site-packages/pandas/core/generic.py", line 4315, in xs
    loc, new_index = index._get_loc_level(key, level=0)
2025-12-30 15:42:06,215 [ERROR]   File "/home/william/miniconda3/envs/llmcompass/lib/python3.9/site-packages/pandas/core/indexes/multi.py", line 3235, in <genexpr>
    if not any(isinstance(k, slice) for k in key):
2025-12-30 15:42:06,215 [ERROR]   File "/home/william/miniconda3/envs/llmcompass/lib/python3.9/site-packages/pandas/core/indexes/multi.py", line 3239, in _get_loc_level
    return (self._engine.get_loc(key), None)
2025-12-30 15:42:06,215 [ERROR] KeyboardInterrupt
2025-12-30 15:42:06,215 [ERROR] KeyboardInterrupt
2025-12-30 15:42:06,215 [ERROR] Traceback (most recent call last):
2025-12-30 15:42:06,215 [ERROR]   File "/home/william/miniconda3/envs/llmcompass/lib/python3.9/multiprocessing/process.py", line 315, in _bootstrap
    self.run()
2025-12-30 15:42:06,216 [ERROR]   File "/home/william/miniconda3/envs/llmcompass/lib/python3.9/multiprocessing/process.py", line 108, in run
    self._target(*self._args, **self._kwargs)
2025-12-30 15:42:06,216 [ERROR]   File "/home/william/LLMCompass_GoldData/ae/figure8/change_memory_bw.py", line 103, in test_memory_bandwidth
    auto_regression_latency_simulated = model_auto_regression.compile_and_simulate(
2025-12-30 15:42:06,216 [ERROR]   File "/home/william/LLMCompass_GoldData/software_model/transformer.py", line 558, in compile_and_simulate
    self.Q_proj.compile_and_simulate(pcb, compile_mode)
2025-12-30 15:42:06,216 [ERROR]   File "/home/william/LLMCompass_GoldData/software_model/matmul.py", line 583, in compile_and_simulate
    cycle_count = self.simulate(
2025-12-30 15:42:06,216 [ERROR]   File "/home/william/LLMCompass_GoldData/software_model/matmul.py", line 826, in simulate
    l2_tiles[-1, :N_l2_t, :K_l2_t] = self.L2TileSimulator(
2025-12-30 15:42:06,216 [ERROR]   File "/home/william/LLMCompass_GoldData/software_model/matmul.py", line 1005, in __init__
    self.compute_cycle_count = self.simulate_l2_tile_compute_cycle_count(
2025-12-30 15:42:06,216 [ERROR]   File "/home/william/LLMCompass_GoldData/software_model/matmul.py", line 1058, in simulate_l2_tile_compute_cycle_count
    l1_tiles[-1, :N_l1_t, :K_l1_t] = Matmul.L1TileSimulator(
2025-12-30 15:42:06,216 [ERROR]   File "/home/william/LLMCompass_GoldData/software_model/matmul.py", line 1308, in __init__
    self.compute_cycle_count = self.simulate_l1_tile_compute_cycle_count(
2025-12-30 15:42:06,216 [ERROR]   File "/home/william/LLMCompass_GoldData/software_model/matmul.py", line 1338, in simulate_l1_tile_compute_cycle_count
    Matmul.simulate_systolic_array_cycle_count(
2025-12-30 15:42:06,216 [ERROR]   File "/home/william/LLMCompass_GoldData/software_model/matmul.py", line 1405, in simulate_systolic_array_cycle_count
    cycle_count = look_up_table.loc[
2025-12-30 15:42:06,216 [ERROR]   File "/home/william/miniconda3/envs/llmcompass/lib/python3.9/site-packages/pandas/core/indexing.py", line 1185, in __getitem__
    return self._getitem_tuple(key)
2025-12-30 15:42:06,216 [ERROR]   File "/home/william/miniconda3/envs/llmcompass/lib/python3.9/site-packages/pandas/core/indexing.py", line 1369, in _getitem_tuple
    return self._getitem_lowerdim(tup)
2025-12-30 15:42:06,216 [ERROR]   File "/home/william/miniconda3/envs/llmcompass/lib/python3.9/site-packages/pandas/core/indexing.py", line 1042, in _getitem_lowerdim
    return self._getitem_nested_tuple(tup)
2025-12-30 15:42:06,216 [ERROR]   File "/home/william/miniconda3/envs/llmcompass/lib/python3.9/site-packages/pandas/core/indexing.py", line 1154, in _getitem_nested_tuple
    obj = getattr(obj, self.name)._getitem_axis(key, axis=axis)
2025-12-30 15:42:06,216 [ERROR]   File "/home/william/miniconda3/envs/llmcompass/lib/python3.9/site-packages/pandas/core/indexing.py", line 1432, in _getitem_axis
    return self._get_label(key, axis=axis)
2025-12-30 15:42:06,216 [ERROR]   File "/home/william/miniconda3/envs/llmcompass/lib/python3.9/site-packages/pandas/core/indexing.py", line 1382, in _get_label
    return self.obj.xs(label, axis=axis)
2025-12-30 15:42:06,216 [ERROR]   File "/home/william/miniconda3/envs/llmcompass/lib/python3.9/site-packages/pandas/core/generic.py", line 4315, in xs
    loc, new_index = index._get_loc_level(key, level=0)
2025-12-30 15:42:06,216 [ERROR]   File "/home/william/miniconda3/envs/llmcompass/lib/python3.9/site-packages/pandas/core/indexes/multi.py", line 3239, in _get_loc_level
    return (self._engine.get_loc(key), None)
2025-12-30 15:42:06,216 [ERROR]   File "pandas/_libs/index.pyx", line 786, in pandas._libs.index.BaseMultiIndexCodesEngine.get_loc
2025-12-30 15:42:06,216 [ERROR]   File "/home/william/miniconda3/envs/llmcompass/lib/python3.9/site-packages/pandas/core/indexes/base.py", line 3810, in get_loc
    casted_key = self._maybe_cast_indexer(key)
2025-12-30 15:42:06,216 [ERROR] KeyboardInterrupt
2025-12-30 15:42:06,450 [ERROR] Process Process-491:
2025-12-30 15:42:06,450 [ERROR] Process Process-495:
2025-12-30 15:42:06,450 [ERROR] Process Process-505:
2025-12-30 15:42:06,450 [ERROR] Process Process-509:
2025-12-30 15:42:06,450 [ERROR] Process Process-513:
2025-12-30 15:42:06,450 [ERROR] Process Process-511:
2025-12-30 15:42:06,450 [ERROR] Process Process-519:
2025-12-30 15:42:06,450 [ERROR] Process Process-515:
2025-12-30 15:42:06,450 [ERROR] Process Process-493:
2025-12-30 15:42:06,450 [ERROR] Process Process-500:
2025-12-30 15:42:06,450 [ERROR] Process Process-510:
2025-12-30 15:42:06,450 [ERROR] Process Process-494:
2025-12-30 15:42:06,450 [ERROR] Process Process-512:
2025-12-30 15:42:06,450 [ERROR] Process Process-518:
2025-12-30 15:42:06,450 [ERROR] Process Process-516:
2025-12-30 15:42:06,450 [ERROR] Process Process-520:
2025-12-30 15:42:06,450 [ERROR] Process Process-492:
2025-12-30 15:42:06,450 [ERROR] Process Process-517:
2025-12-30 15:42:06,450 [ERROR] Process Process-503:
2025-12-30 15:42:06,450 [ERROR] Process Process-499:
2025-12-30 15:42:06,450 [ERROR] Process Process-514:
2025-12-30 15:42:06,450 [ERROR] Process Process-497:
2025-12-30 15:42:06,450 [ERROR] Process Process-504:
2025-12-30 15:42:06,450 [ERROR] Process Process-496:
2025-12-30 15:42:06,450 [ERROR] Process Process-506:
2025-12-30 15:42:06,450 [ERROR] Process Process-522:
2025-12-30 15:42:06,450 [ERROR] Process Process-502:
2025-12-30 15:42:06,450 [ERROR] Process Process-508:
2025-12-30 15:42:06,450 [ERROR] Process Process-525:
2025-12-30 15:42:06,450 [ERROR] Process Process-498:
2025-12-30 15:42:06,450 [ERROR] Process Process-507:
2025-12-30 15:42:06,450 [ERROR] Process Process-501:
2025-12-30 15:42:06,450 [ERROR] Process Process-521:
2025-12-30 15:42:06,451 [ERROR] Traceback (most recent call last):
2025-12-30 15:42:06,451 [ERROR] Traceback (most recent call last):
2025-12-30 15:42:06,451 [ERROR]   File "/home/william/miniconda3/envs/llmcompass/lib/python3.9/multiprocessing/process.py", line 315, in _bootstrap
    self.run()
2025-12-30 15:42:06,451 [ERROR] Traceback (most recent call last):
2025-12-30 15:42:06,451 [ERROR]   File "/home/william/miniconda3/envs/llmcompass/lib/python3.9/multiprocessing/process.py", line 315, in _bootstrap
    self.run()
2025-12-30 15:42:06,451 [ERROR] Traceback (most recent call last):
2025-12-30 15:42:06,451 [ERROR] Traceback (most recent call last):
2025-12-30 15:42:06,451 [ERROR]   File "/home/william/miniconda3/envs/llmcompass/lib/python3.9/multiprocessing/process.py", line 108, in run
    self._target(*self._args, **self._kwargs)
2025-12-30 15:42:06,451 [ERROR]   File "/home/william/miniconda3/envs/llmcompass/lib/python3.9/multiprocessing/process.py", line 108, in run
    self._target(*self._args, **self._kwargs)
2025-12-30 15:42:06,451 [ERROR]   File "/home/william/miniconda3/envs/llmcompass/lib/python3.9/multiprocessing/process.py", line 315, in _bootstrap
    self.run()
2025-12-30 15:42:06,451 [ERROR]   File "/home/william/LLMCompass_GoldData/ae/figure8/change_memory_bw.py", line 103, in test_memory_bandwidth
    auto_regression_latency_simulated = model_auto_regression.compile_and_simulate(
2025-12-30 15:42:06,451 [ERROR]   File "/home/william/LLMCompass_GoldData/ae/figure8/change_memory_bw.py", line 103, in test_memory_bandwidth
    auto_regression_latency_simulated = model_auto_regression.compile_and_simulate(
2025-12-30 15:42:06,451 [ERROR] Traceback (most recent call last):
2025-12-30 15:42:06,451 [ERROR]   File "/home/william/miniconda3/envs/llmcompass/lib/python3.9/multiprocessing/process.py", line 315, in _bootstrap
    self.run()
2025-12-30 15:42:06,451 [ERROR]   File "/home/william/miniconda3/envs/llmcompass/lib/python3.9/multiprocessing/process.py", line 108, in run
    self._target(*self._args, **self._kwargs)
2025-12-30 15:42:06,451 [ERROR]   File "/home/william/LLMCompass_GoldData/software_model/transformer.py", line 558, in compile_and_simulate
    self.Q_proj.compile_and_simulate(pcb, compile_mode)
2025-12-30 15:42:06,451 [ERROR]   File "/home/william/LLMCompass_GoldData/software_model/transformer.py", line 558, in compile_and_simulate
    self.Q_proj.compile_and_simulate(pcb, compile_mode)
2025-12-30 15:42:06,451 [ERROR]   File "/home/william/miniconda3/envs/llmcompass/lib/python3.9/multiprocessing/process.py", line 315, in _bootstrap
    self.run()
2025-12-30 15:42:06,451 [ERROR] Process Process-524:
2025-12-30 15:42:06,451 [ERROR]   File "/home/william/miniconda3/envs/llmcompass/lib/python3.9/multiprocessing/process.py", line 108, in run
    self._target(*self._args, **self._kwargs)
2025-12-30 15:42:06,451 [ERROR]   File "/home/william/LLMCompass_GoldData/ae/figure8/change_memory_bw.py", line 103, in test_memory_bandwidth
    auto_regression_latency_simulated = model_auto_regression.compile_and_simulate(
2025-12-30 15:42:06,451 [ERROR]   File "/home/william/LLMCompass_GoldData/software_model/matmul.py", line 583, in compile_and_simulate
    cycle_count = self.simulate(
2025-12-30 15:42:06,451 [ERROR]   File "/home/william/LLMCompass_GoldData/software_model/matmul.py", line 583, in compile_and_simulate
    cycle_count = self.simulate(
2025-12-30 15:42:06,451 [ERROR]   File "/home/william/LLMCompass_GoldData/ae/figure8/change_memory_bw.py", line 103, in test_memory_bandwidth
    auto_regression_latency_simulated = model_auto_regression.compile_and_simulate(
2025-12-30 15:42:06,451 [ERROR]   File "/home/william/LLMCompass_GoldData/software_model/transformer.py", line 558, in compile_and_simulate
    self.Q_proj.compile_and_simulate(pcb, compile_mode)
2025-12-30 15:42:06,451 [ERROR]   File "/home/william/miniconda3/envs/llmcompass/lib/python3.9/multiprocessing/process.py", line 108, in run
    self._target(*self._args, **self._kwargs)
2025-12-30 15:42:06,451 [ERROR]   File "/home/william/LLMCompass_GoldData/software_model/matmul.py", line 943, in simulate
    max(
2025-12-30 15:42:06,451 [ERROR]   File "/home/william/LLMCompass_GoldData/software_model/matmul.py", line 914, in simulate
    l2_tile = l2_tiles[m, n, k]
2025-12-30 15:42:06,451 [ERROR]   File "/home/william/miniconda3/envs/llmcompass/lib/python3.9/multiprocessing/process.py", line 315, in _bootstrap
    self.run()
2025-12-30 15:42:06,451 [ERROR]   File "/home/william/LLMCompass_GoldData/software_model/transformer.py", line 558, in compile_and_simulate
    self.Q_proj.compile_and_simulate(pcb, compile_mode)
2025-12-30 15:42:06,451 [ERROR]   File "/home/william/LLMCompass_GoldData/software_model/matmul.py", line 583, in compile_and_simulate
    cycle_count = self.simulate(
2025-12-30 15:42:06,451 [ERROR] Traceback (most recent call last):
2025-12-30 15:42:06,451 [ERROR] Traceback (most recent call last):
2025-12-30 15:42:06,451 [ERROR] Traceback (most recent call last):
2025-12-30 15:42:06,451 [ERROR] Traceback (most recent call last):
2025-12-30 15:42:06,451 [ERROR] KeyboardInterrupt
2025-12-30 15:42:06,451 [ERROR] KeyboardInterrupt
2025-12-30 15:42:06,451 [ERROR] Traceback (most recent call last):
2025-12-30 15:42:06,451 [ERROR]   File "/home/william/LLMCompass_GoldData/ae/figure8/change_memory_bw.py", line 103, in test_memory_bandwidth
    auto_regression_latency_simulated = model_auto_regression.compile_and_simulate(
2025-12-30 15:42:06,451 [ERROR]   File "/home/william/LLMCompass_GoldData/software_model/matmul.py", line 583, in compile_and_simulate
    cycle_count = self.simulate(
2025-12-30 15:42:06,451 [ERROR]   File "/home/william/LLMCompass_GoldData/software_model/matmul.py", line 941, in simulate
    if mapping.is_l2_double_buffering:  # pipelined
2025-12-30 15:42:06,451 [ERROR] Traceback (most recent call last):
2025-12-30 15:42:06,451 [ERROR]   File "/home/william/miniconda3/envs/llmcompass/lib/python3.9/multiprocessing/process.py", line 108, in run
    self._target(*self._args, **self._kwargs)
2025-12-30 15:42:06,451 [ERROR] Traceback (most recent call last):
2025-12-30 15:42:06,451 [ERROR]   File "/home/william/miniconda3/envs/llmcompass/lib/python3.9/multiprocessing/process.py", line 315, in _bootstrap
    self.run()
2025-12-30 15:42:06,451 [ERROR] Traceback (most recent call last):
2025-12-30 15:42:06,451 [ERROR]   File "/home/william/miniconda3/envs/llmcompass/lib/python3.9/multiprocessing/process.py", line 315, in _bootstrap
    self.run()
2025-12-30 15:42:06,451 [ERROR]   File "/home/william/LLMCompass_GoldData/software_model/matmul.py", line 846, in simulate
    l2_tiles[:M_l2_t, :N_l2_t, -1] = self.L2TileSimulator(
2025-12-30 15:42:06,451 [ERROR]   File "/home/william/miniconda3/envs/llmcompass/lib/python3.9/multiprocessing/process.py", line 315, in _bootstrap
    self.run()
2025-12-30 15:42:06,451 [ERROR]   File "/home/william/LLMCompass_GoldData/software_model/transformer.py", line 558, in compile_and_simulate
    self.Q_proj.compile_and_simulate(pcb, compile_mode)
2025-12-30 15:42:06,451 [ERROR] KeyboardInterrupt
2025-12-30 15:42:06,451 [ERROR] Traceback (most recent call last):
2025-12-30 15:42:06,451 [ERROR] Traceback (most recent call last):
2025-12-30 15:42:06,451 [ERROR]   File "/home/william/LLMCompass_GoldData/ae/figure8/change_memory_bw.py", line 103, in test_memory_bandwidth
    auto_regression_latency_simulated = model_auto_regression.compile_and_simulate(
2025-12-30 15:42:06,451 [ERROR]   File "/home/william/miniconda3/envs/llmcompass/lib/python3.9/multiprocessing/process.py", line 315, in _bootstrap
    self.run()
2025-12-30 15:42:06,451 [ERROR]   File "/home/william/miniconda3/envs/llmcompass/lib/python3.9/multiprocessing/process.py", line 315, in _bootstrap
    self.run()
2025-12-30 15:42:06,451 [ERROR]   File "/home/william/miniconda3/envs/llmcompass/lib/python3.9/multiprocessing/process.py", line 315, in _bootstrap
    self.run()
2025-12-30 15:42:06,451 [ERROR]   File "/home/william/LLMCompass_GoldData/software_model/matmul.py", line 1005, in __init__
    self.compute_cycle_count = self.simulate_l2_tile_compute_cycle_count(
2025-12-30 15:42:06,451 [ERROR]   File "/home/william/miniconda3/envs/llmcompass/lib/python3.9/multiprocessing/process.py", line 108, in run
    self._target(*self._args, **self._kwargs)
2025-12-30 15:42:06,451 [ERROR] Traceback (most recent call last):
2025-12-30 15:42:06,451 [ERROR]   File "/home/william/miniconda3/envs/llmcompass/lib/python3.9/multiprocessing/process.py", line 108, in run
    self._target(*self._args, **self._kwargs)
2025-12-30 15:42:06,451 [ERROR]   File "/home/william/miniconda3/envs/llmcompass/lib/python3.9/multiprocessing/process.py", line 315, in _bootstrap
    self.run()
2025-12-30 15:42:06,451 [ERROR]   File "/home/william/LLMCompass_GoldData/software_model/matmul.py", line 583, in compile_and_simulate
    cycle_count = self.simulate(
2025-12-30 15:42:06,451 [ERROR]   File "/home/william/miniconda3/envs/llmcompass/lib/python3.9/multiprocessing/process.py", line 108, in run
    self._target(*self._args, **self._kwargs)
2025-12-30 15:42:06,451 [ERROR]   File "/home/william/miniconda3/envs/llmcompass/lib/python3.9/multiprocessing/process.py", line 315, in _bootstrap
    self.run()
2025-12-30 15:42:06,451 [ERROR] Traceback (most recent call last):
2025-12-30 15:42:06,451 [ERROR] Traceback (most recent call last):
2025-12-30 15:42:06,451 [ERROR]   File "/home/william/LLMCompass_GoldData/software_model/transformer.py", line 573, in compile_and_simulate
    self.H_matmul0.compile_and_simulate(pcb, compile_mode)
2025-12-30 15:42:06,451 [ERROR]   File "/home/william/LLMCompass_GoldData/software_model/matmul.py", line 1048, in simulate_l2_tile_compute_cycle_count
    l1_tiles[:M_l1_t, :N_l1_t, :K_l1_t] = Matmul.L1TileSimulator(
2025-12-30 15:42:06,451 [ERROR]   File "/home/william/miniconda3/envs/llmcompass/lib/python3.9/multiprocessing/process.py", line 108, in run
    self._target(*self._args, **self._kwargs)
2025-12-30 15:42:06,451 [ERROR]   File "/home/william/miniconda3/envs/llmcompass/lib/python3.9/multiprocessing/process.py", line 108, in run
    self._target(*self._args, **self._kwargs)
2025-12-30 15:42:06,451 [ERROR]   File "/home/william/miniconda3/envs/llmcompass/lib/python3.9/multiprocessing/process.py", line 108, in run
    self._target(*self._args, **self._kwargs)
2025-12-30 15:42:06,451 [ERROR]   File "/home/william/LLMCompass_GoldData/ae/figure8/change_memory_bw.py", line 103, in test_memory_bandwidth
    auto_regression_latency_simulated = model_auto_regression.compile_and_simulate(
2025-12-30 15:42:06,451 [ERROR]   File "/home/william/miniconda3/envs/llmcompass/lib/python3.9/multiprocessing/process.py", line 315, in _bootstrap
    self.run()
2025-12-30 15:42:06,451 [ERROR]   File "/home/william/miniconda3/envs/llmcompass/lib/python3.9/multiprocessing/process.py", line 315, in _bootstrap
    self.run()
2025-12-30 15:42:06,451 [ERROR]   File "/home/william/miniconda3/envs/llmcompass/lib/python3.9/multiprocessing/process.py", line 108, in run
    self._target(*self._args, **self._kwargs)
2025-12-30 15:42:06,451 [ERROR]   File "/home/william/LLMCompass_GoldData/ae/figure8/change_memory_bw.py", line 103, in test_memory_bandwidth
    auto_regression_latency_simulated = model_auto_regression.compile_and_simulate(
2025-12-30 15:42:06,451 [ERROR]   File "/home/william/LLMCompass_GoldData/software_model/matmul.py", line 905, in simulate
    for m, n, k in self.generate_tile_loops(
2025-12-30 15:42:06,451 [ERROR]   File "/home/william/LLMCompass_GoldData/ae/figure8/change_memory_bw.py", line 103, in test_memory_bandwidth
    auto_regression_latency_simulated = model_auto_regression.compile_and_simulate(
2025-12-30 15:42:06,451 [ERROR]   File "/home/william/miniconda3/envs/llmcompass/lib/python3.9/multiprocessing/process.py", line 108, in run
    self._target(*self._args, **self._kwargs)
2025-12-30 15:42:06,451 [ERROR] Traceback (most recent call last):
2025-12-30 15:42:06,451 [ERROR] Traceback (most recent call last):
2025-12-30 15:42:06,451 [ERROR]   File "/home/william/miniconda3/envs/llmcompass/lib/python3.9/multiprocessing/process.py", line 315, in _bootstrap
    self.run()
2025-12-30 15:42:06,451 [ERROR] KeyboardInterrupt
2025-12-30 15:42:06,451 [ERROR]   File "/home/william/LLMCompass_GoldData/software_model/matmul.py", line 583, in compile_and_simulate
    cycle_count = self.simulate(
2025-12-30 15:42:06,451 [ERROR]   File "/home/william/LLMCompass_GoldData/ae/figure8/change_memory_bw.py", line 103, in test_memory_bandwidth
    auto_regression_latency_simulated = model_auto_regression.compile_and_simulate(
2025-12-30 15:42:06,451 [ERROR]   File "/home/william/LLMCompass_GoldData/ae/figure8/change_memory_bw.py", line 103, in test_memory_bandwidth
    auto_regression_latency_simulated = model_auto_regression.compile_and_simulate(
2025-12-30 15:42:06,451 [ERROR]   File "/home/william/LLMCompass_GoldData/software_model/transformer.py", line 558, in compile_and_simulate
    self.Q_proj.compile_and_simulate(pcb, compile_mode)
2025-12-30 15:42:06,451 [ERROR]   File "/home/william/LLMCompass_GoldData/ae/figure8/change_memory_bw.py", line 103, in test_memory_bandwidth
    auto_regression_latency_simulated = model_auto_regression.compile_and_simulate(
2025-12-30 15:42:06,451 [ERROR] Traceback (most recent call last):
2025-12-30 15:42:06,451 [ERROR]   File "/home/william/miniconda3/envs/llmcompass/lib/python3.9/multiprocessing/process.py", line 315, in _bootstrap
    self.run()
2025-12-30 15:42:06,451 [ERROR]   File "/home/william/LLMCompass_GoldData/ae/figure8/change_memory_bw.py", line 103, in test_memory_bandwidth
    auto_regression_latency_simulated = model_auto_regression.compile_and_simulate(
2025-12-30 15:42:06,451 [ERROR]   File "/home/william/miniconda3/envs/llmcompass/lib/python3.9/multiprocessing/process.py", line 108, in run
    self._target(*self._args, **self._kwargs)
2025-12-30 15:42:06,451 [ERROR]   File "/home/william/miniconda3/envs/llmcompass/lib/python3.9/multiprocessing/process.py", line 315, in _bootstrap
    self.run()
2025-12-30 15:42:06,451 [ERROR]   File "/home/william/LLMCompass_GoldData/software_model/transformer.py", line 558, in compile_and_simulate
    self.Q_proj.compile_and_simulate(pcb, compile_mode)
2025-12-30 15:42:06,451 [ERROR]   File "/home/william/LLMCompass_GoldData/software_model/matmul.py", line 198, in generate_tile_loops
    for m in range(loop_M):
2025-12-30 15:42:06,451 [ERROR]   File "/home/william/miniconda3/envs/llmcompass/lib/python3.9/multiprocessing/process.py", line 108, in run
    self._target(*self._args, **self._kwargs)
2025-12-30 15:42:06,451 [ERROR] Traceback (most recent call last):
2025-12-30 15:42:06,451 [ERROR] Traceback (most recent call last):
2025-12-30 15:42:06,451 [ERROR]   File "/home/william/LLMCompass_GoldData/software_model/transformer.py", line 558, in compile_and_simulate
    self.Q_proj.compile_and_simulate(pcb, compile_mode)
2025-12-30 15:42:06,451 [ERROR]   File "/home/william/LLMCompass_GoldData/ae/figure8/change_memory_bw.py", line 103, in test_memory_bandwidth
    auto_regression_latency_simulated = model_auto_regression.compile_and_simulate(
2025-12-30 15:42:06,451 [ERROR]   File "/home/william/LLMCompass_GoldData/software_model/transformer.py", line 558, in compile_and_simulate
    self.Q_proj.compile_and_simulate(pcb, compile_mode)
2025-12-30 15:42:06,451 [ERROR]   File "/home/william/LLMCompass_GoldData/software_model/matmul.py", line 866, in simulate
    l2_tiles[-1, :N_l2_t, -1] = self.L2TileSimulator(
2025-12-30 15:42:06,451 [ERROR]   File "/home/william/LLMCompass_GoldData/software_model/transformer.py", line 558, in compile_and_simulate
    self.Q_proj.compile_and_simulate(pcb, compile_mode)
2025-12-30 15:42:06,451 [ERROR]   File "/home/william/miniconda3/envs/llmcompass/lib/python3.9/multiprocessing/process.py", line 108, in run
    self._target(*self._args, **self._kwargs)
2025-12-30 15:42:06,451 [ERROR]   File "/home/william/LLMCompass_GoldData/software_model/matmul.py", line 583, in compile_and_simulate
    cycle_count = self.simulate(
2025-12-30 15:42:06,451 [ERROR]   File "/home/william/miniconda3/envs/llmcompass/lib/python3.9/multiprocessing/process.py", line 315, in _bootstrap
    self.run()
2025-12-30 15:42:06,451 [ERROR]   File "/home/william/LLMCompass_GoldData/software_model/transformer.py", line 558, in compile_and_simulate
    self.Q_proj.compile_and_simulate(pcb, compile_mode)
2025-12-30 15:42:06,451 [ERROR]   File "/home/william/LLMCompass_GoldData/software_model/transformer.py", line 558, in compile_and_simulate
    self.Q_proj.compile_and_simulate(pcb, compile_mode)
2025-12-30 15:42:06,451 [ERROR]   File "/home/william/miniconda3/envs/llmcompass/lib/python3.9/multiprocessing/process.py", line 315, in _bootstrap
    self.run()
2025-12-30 15:42:06,451 [ERROR]   File "/home/william/miniconda3/envs/llmcompass/lib/python3.9/multiprocessing/process.py", line 108, in run
    self._target(*self._args, **self._kwargs)
2025-12-30 15:42:06,451 [ERROR]   File "/home/william/LLMCompass_GoldData/ae/figure8/change_memory_bw.py", line 103, in test_memory_bandwidth
    auto_regression_latency_simulated = model_auto_regression.compile_and_simulate(
2025-12-30 15:42:06,451 [ERROR]   File "/home/william/LLMCompass_GoldData/software_model/matmul.py", line 583, in compile_and_simulate
    cycle_count = self.simulate(
2025-12-30 15:42:06,451 [ERROR]   File "/home/william/miniconda3/envs/llmcompass/lib/python3.9/multiprocessing/process.py", line 108, in run
    self._target(*self._args, **self._kwargs)
2025-12-30 15:42:06,451 [ERROR] KeyboardInterrupt
2025-12-30 15:42:06,451 [ERROR]   File "/home/william/LLMCompass_GoldData/ae/figure8/change_memory_bw.py", line 103, in test_memory_bandwidth
    auto_regression_latency_simulated = model_auto_regression.compile_and_simulate(
2025-12-30 15:42:06,451 [ERROR]   File "/home/william/miniconda3/envs/llmcompass/lib/python3.9/multiprocessing/process.py", line 315, in _bootstrap
    self.run()
2025-12-30 15:42:06,451 [ERROR]   File "/home/william/LLMCompass_GoldData/software_model/matmul.py", line 583, in compile_and_simulate
    cycle_count = self.simulate(
2025-12-30 15:42:06,451 [ERROR]   File "/home/william/LLMCompass_GoldData/software_model/matmul.py", line 583, in compile_and_simulate
    cycle_count = self.simulate(
2025-12-30 15:42:06,451 [ERROR] Traceback (most recent call last):
2025-12-30 15:42:06,451 [ERROR]   File "/home/william/LLMCompass_GoldData/software_model/transformer.py", line 558, in compile_and_simulate
    self.Q_proj.compile_and_simulate(pcb, compile_mode)
2025-12-30 15:42:06,451 [ERROR]   File "/home/william/miniconda3/envs/llmcompass/lib/python3.9/multiprocessing/process.py", line 315, in _bootstrap
    self.run()
2025-12-30 15:42:06,451 [ERROR]   File "/home/william/LLMCompass_GoldData/software_model/matmul.py", line 973, in __init__
    def __init__(
2025-12-30 15:42:06,451 [ERROR]   File "/home/william/LLMCompass_GoldData/software_model/matmul.py", line 583, in compile_and_simulate
    cycle_count = self.simulate(
2025-12-30 15:42:06,451 [ERROR]   File "/home/william/LLMCompass_GoldData/software_model/matmul.py", line 905, in simulate
    for m, n, k in self.generate_tile_loops(
2025-12-30 15:42:06,451 [ERROR]   File "/home/william/LLMCompass_GoldData/software_model/matmul.py", line 583, in compile_and_simulate
    cycle_count = self.simulate(
2025-12-30 15:42:06,451 [ERROR]   File "/home/william/LLMCompass_GoldData/ae/figure8/change_memory_bw.py", line 103, in test_memory_bandwidth
    auto_regression_latency_simulated = model_auto_regression.compile_and_simulate(
2025-12-30 15:42:06,451 [ERROR]   File "/home/william/LLMCompass_GoldData/software_model/matmul.py", line 583, in compile_and_simulate
    cycle_count = self.simulate(
2025-12-30 15:42:06,451 [ERROR]   File "/home/william/miniconda3/envs/llmcompass/lib/python3.9/multiprocessing/process.py", line 108, in run
    self._target(*self._args, **self._kwargs)
2025-12-30 15:42:06,451 [ERROR]   File "/home/william/miniconda3/envs/llmcompass/lib/python3.9/multiprocessing/process.py", line 315, in _bootstrap
    self.run()
2025-12-30 15:42:06,451 [ERROR]   File "/home/william/LLMCompass_GoldData/software_model/transformer.py", line 558, in compile_and_simulate
    self.Q_proj.compile_and_simulate(pcb, compile_mode)
2025-12-30 15:42:06,451 [ERROR]   File "/home/william/LLMCompass_GoldData/ae/figure8/change_memory_bw.py", line 103, in test_memory_bandwidth
    auto_regression_latency_simulated = model_auto_regression.compile_and_simulate(
2025-12-30 15:42:06,451 [ERROR]   File "/home/william/LLMCompass_GoldData/software_model/matmul.py", line 826, in simulate
    l2_tiles[-1, :N_l2_t, :K_l2_t] = self.L2TileSimulator(
2025-12-30 15:42:06,451 [ERROR]   File "/home/william/LLMCompass_GoldData/ae/figure8/change_memory_bw.py", line 103, in test_memory_bandwidth
    auto_regression_latency_simulated = model_auto_regression.compile_and_simulate(
2025-12-30 15:42:06,451 [ERROR]   File "/home/william/miniconda3/envs/llmcompass/lib/python3.9/multiprocessing/process.py", line 108, in run
    self._target(*self._args, **self._kwargs)
2025-12-30 15:42:06,451 [ERROR]   File "/home/william/miniconda3/envs/llmcompass/lib/python3.9/multiprocessing/process.py", line 108, in run
    self._target(*self._args, **self._kwargs)
2025-12-30 15:42:06,451 [ERROR]   File "/home/william/LLMCompass_GoldData/software_model/matmul.py", line 826, in simulate
    l2_tiles[-1, :N_l2_t, :K_l2_t] = self.L2TileSimulator(
2025-12-30 15:42:06,451 [ERROR]   File "/home/william/LLMCompass_GoldData/software_model/transformer.py", line 558, in compile_and_simulate
    self.Q_proj.compile_and_simulate(pcb, compile_mode)
2025-12-30 15:42:06,451 [ERROR]   File "/home/william/LLMCompass_GoldData/software_model/matmul.py", line 826, in simulate
    l2_tiles[-1, :N_l2_t, :K_l2_t] = self.L2TileSimulator(
2025-12-30 15:42:06,451 [ERROR]   File "/home/william/LLMCompass_GoldData/software_model/matmul.py", line 583, in compile_and_simulate
    cycle_count = self.simulate(
2025-12-30 15:42:06,451 [ERROR]   File "/home/william/miniconda3/envs/llmcompass/lib/python3.9/multiprocessing/process.py", line 108, in run
    self._target(*self._args, **self._kwargs)
2025-12-30 15:42:06,451 [ERROR]   File "/home/william/LLMCompass_GoldData/software_model/matmul.py", line 198, in generate_tile_loops
    for m in range(loop_M):
2025-12-30 15:42:06,451 [ERROR]   File "/home/william/LLMCompass_GoldData/software_model/matmul.py", line 905, in simulate
    for m, n, k in self.generate_tile_loops(
2025-12-30 15:42:06,451 [ERROR]   File "/home/william/LLMCompass_GoldData/software_model/matmul.py", line 905, in simulate
    for m, n, k in self.generate_tile_loops(
2025-12-30 15:42:06,451 [ERROR] KeyboardInterrupt
2025-12-30 15:42:06,452 [ERROR]   File "/home/william/LLMCompass_GoldData/software_model/transformer.py", line 558, in compile_and_simulate
    self.Q_proj.compile_and_simulate(pcb, compile_mode)
2025-12-30 15:42:06,452 [ERROR]   File "/home/william/LLMCompass_GoldData/software_model/matmul.py", line 915, in simulate
    previous_l2_tile = l2_tiles[previous_m, previous_n, previous_k]
2025-12-30 15:42:06,452 [ERROR]   File "/home/william/LLMCompass_GoldData/ae/figure8/change_memory_bw.py", line 103, in test_memory_bandwidth
    auto_regression_latency_simulated = model_auto_regression.compile_and_simulate(
2025-12-30 15:42:06,452 [ERROR]   File "/home/william/miniconda3/envs/llmcompass/lib/python3.9/multiprocessing/process.py", line 315, in _bootstrap
    self.run()
2025-12-30 15:42:06,452 [ERROR]   File "/home/william/LLMCompass_GoldData/software_model/matmul.py", line 583, in compile_and_simulate
    cycle_count = self.simulate(
2025-12-30 15:42:06,452 [ERROR]   File "/home/william/LLMCompass_GoldData/software_model/matmul.py", line 1005, in __init__
    self.compute_cycle_count = self.simulate_l2_tile_compute_cycle_count(
2025-12-30 15:42:06,452 [ERROR]   File "/home/william/LLMCompass_GoldData/software_model/transformer.py", line 558, in compile_and_simulate
    self.Q_proj.compile_and_simulate(pcb, compile_mode)
2025-12-30 15:42:06,452 [ERROR]   File "/home/william/LLMCompass_GoldData/software_model/matmul.py", line 583, in compile_and_simulate
    cycle_count = self.simulate(
2025-12-30 15:42:06,452 [ERROR]   File "/home/william/miniconda3/envs/llmcompass/lib/python3.9/multiprocessing/process.py", line 108, in run
    self._target(*self._args, **self._kwargs)
2025-12-30 15:42:06,452 [ERROR]   File "/home/william/LLMCompass_GoldData/software_model/transformer.py", line 558, in compile_and_simulate
    self.Q_proj.compile_and_simulate(pcb, compile_mode)
2025-12-30 15:42:06,452 [ERROR]   File "/home/william/LLMCompass_GoldData/software_model/matmul.py", line 1005, in __init__
    self.compute_cycle_count = self.simulate_l2_tile_compute_cycle_count(
2025-12-30 15:42:06,452 [ERROR]   File "/home/william/LLMCompass_GoldData/ae/figure8/change_memory_bw.py", line 103, in test_memory_bandwidth
    auto_regression_latency_simulated = model_auto_regression.compile_and_simulate(
2025-12-30 15:42:06,452 [ERROR]   File "/home/william/LLMCompass_GoldData/ae/figure8/change_memory_bw.py", line 103, in test_memory_bandwidth
    auto_regression_latency_simulated = model_auto_regression.compile_and_simulate(
2025-12-30 15:42:06,452 [ERROR]   File "/home/william/LLMCompass_GoldData/software_model/matmul.py", line 583, in compile_and_simulate
    cycle_count = self.simulate(
2025-12-30 15:42:06,452 [ERROR]   File "/home/william/LLMCompass_GoldData/software_model/matmul.py", line 1005, in __init__
    self.compute_cycle_count = self.simulate_l2_tile_compute_cycle_count(
2025-12-30 15:42:06,452 [ERROR]   File "/home/william/LLMCompass_GoldData/software_model/matmul.py", line 198, in generate_tile_loops
    for m in range(loop_M):
2025-12-30 15:42:06,452 [ERROR]   File "/home/william/LLMCompass_GoldData/ae/figure8/change_memory_bw.py", line 103, in test_memory_bandwidth
    auto_regression_latency_simulated = model_auto_regression.compile_and_simulate(
2025-12-30 15:42:06,452 [ERROR]   File "/home/william/LLMCompass_GoldData/software_model/matmul.py", line 943, in simulate
    max(
2025-12-30 15:42:06,452 [ERROR] KeyboardInterrupt
2025-12-30 15:42:06,452 [ERROR]   File "/home/william/LLMCompass_GoldData/software_model/matmul.py", line 199, in generate_tile_loops
    yield m, n, k
2025-12-30 15:42:06,452 [ERROR]   File "/home/william/LLMCompass_GoldData/software_model/transformer.py", line 558, in compile_and_simulate
    self.Q_proj.compile_and_simulate(pcb, compile_mode)
2025-12-30 15:42:06,452 [ERROR]   File "/home/william/LLMCompass_GoldData/software_model/transformer.py", line 558, in compile_and_simulate
    self.Q_proj.compile_and_simulate(pcb, compile_mode)
2025-12-30 15:42:06,452 [ERROR] KeyboardInterrupt
2025-12-30 15:42:06,452 [ERROR]   File "/home/william/LLMCompass_GoldData/software_model/matmul.py", line 930, in simulate
    if k > 0:
2025-12-30 15:42:06,452 [ERROR]   File "/home/william/miniconda3/envs/llmcompass/lib/python3.9/multiprocessing/process.py", line 108, in run
    self._target(*self._args, **self._kwargs)
2025-12-30 15:42:06,452 [ERROR]   File "/home/william/LLMCompass_GoldData/software_model/matmul.py", line 1058, in simulate_l2_tile_compute_cycle_count
    l1_tiles[-1, :N_l1_t, :K_l1_t] = Matmul.L1TileSimulator(
2025-12-30 15:42:06,452 [ERROR]   File "/home/william/LLMCompass_GoldData/software_model/matmul.py", line 583, in compile_and_simulate
    cycle_count = self.simulate(
2025-12-30 15:42:06,452 [ERROR]   File "/home/william/LLMCompass_GoldData/software_model/matmul.py", line 826, in simulate
    l2_tiles[-1, :N_l2_t, :K_l2_t] = self.L2TileSimulator(
2025-12-30 15:42:06,452 [ERROR]   File "/home/william/LLMCompass_GoldData/software_model/matmul.py", line 1257, in simulate_l2_tile_compute_cycle_count
    current_batch_read_cycle_count = ceil(
2025-12-30 15:42:06,452 [ERROR]   File "/home/william/LLMCompass_GoldData/software_model/transformer.py", line 558, in compile_and_simulate
    self.Q_proj.compile_and_simulate(pcb, compile_mode)
2025-12-30 15:42:06,452 [ERROR]   File "/home/william/LLMCompass_GoldData/software_model/matmul.py", line 583, in compile_and_simulate
    cycle_count = self.simulate(
2025-12-30 15:42:06,452 [ERROR]   File "/home/william/LLMCompass_GoldData/ae/figure8/change_memory_bw.py", line 103, in test_memory_bandwidth
    auto_regression_latency_simulated = model_auto_regression.compile_and_simulate(
2025-12-30 15:42:06,452 [ERROR]   File "/home/william/LLMCompass_GoldData/software_model/matmul.py", line 914, in simulate
    l2_tile = l2_tiles[m, n, k]
2025-12-30 15:42:06,452 [ERROR] KeyboardInterrupt
2025-12-30 15:42:06,452 [ERROR]   File "/home/william/LLMCompass_GoldData/software_model/matmul.py", line 1058, in simulate_l2_tile_compute_cycle_count
    l1_tiles[-1, :N_l1_t, :K_l1_t] = Matmul.L1TileSimulator(
2025-12-30 15:42:06,452 [ERROR]   File "/home/william/LLMCompass_GoldData/software_model/transformer.py", line 558, in compile_and_simulate
    self.Q_proj.compile_and_simulate(pcb, compile_mode)
2025-12-30 15:42:06,452 [ERROR] KeyboardInterrupt
2025-12-30 15:42:06,452 [ERROR] KeyboardInterrupt
2025-12-30 15:42:06,452 [ERROR]   File "/home/william/LLMCompass_GoldData/software_model/matmul.py", line 583, in compile_and_simulate
    cycle_count = self.simulate(
2025-12-30 15:42:06,452 [ERROR]   File "/home/william/LLMCompass_GoldData/software_model/matmul.py", line 583, in compile_and_simulate
    cycle_count = self.simulate(
2025-12-30 15:42:06,452 [ERROR] KeyboardInterrupt
2025-12-30 15:42:06,452 [ERROR]   File "/home/william/LLMCompass_GoldData/ae/figure8/change_memory_bw.py", line 103, in test_memory_bandwidth
    auto_regression_latency_simulated = model_auto_regression.compile_and_simulate(
2025-12-30 15:42:06,452 [ERROR]   File "/home/william/LLMCompass_GoldData/software_model/matmul.py", line 1308, in __init__
    self.compute_cycle_count = self.simulate_l1_tile_compute_cycle_count(
2025-12-30 15:42:06,452 [ERROR]   File "/home/william/LLMCompass_GoldData/software_model/matmul.py", line 915, in simulate
    previous_l2_tile = l2_tiles[previous_m, previous_n, previous_k]
2025-12-30 15:42:06,452 [ERROR]   File "/home/william/LLMCompass_GoldData/software_model/matmul.py", line 583, in compile_and_simulate
    cycle_count = self.simulate(
2025-12-30 15:42:06,452 [ERROR]   File "/home/william/LLMCompass_GoldData/software_model/matmul.py", line 1005, in __init__
    self.compute_cycle_count = self.simulate_l2_tile_compute_cycle_count(
2025-12-30 15:42:06,452 [ERROR] KeyboardInterrupt
2025-12-30 15:42:06,452 [ERROR]   File "/home/william/LLMCompass_GoldData/software_model/matmul.py", line 905, in simulate
    for m, n, k in self.generate_tile_loops(
2025-12-30 15:42:06,452 [ERROR]   File "/home/william/LLMCompass_GoldData/software_model/transformer.py", line 558, in compile_and_simulate
    self.Q_proj.compile_and_simulate(pcb, compile_mode)
2025-12-30 15:42:06,452 [ERROR]   File "/home/william/LLMCompass_GoldData/software_model/matmul.py", line 583, in compile_and_simulate
    cycle_count = self.simulate(
2025-12-30 15:42:06,452 [ERROR] KeyboardInterrupt
2025-12-30 15:42:06,452 [ERROR] KeyboardInterrupt
2025-12-30 15:42:06,452 [ERROR]   File "/home/william/LLMCompass_GoldData/software_model/matmul.py", line 943, in simulate
    max(
2025-12-30 15:42:06,452 [ERROR]   File "/home/william/LLMCompass_GoldData/software_model/matmul.py", line 932, in simulate
    previous_l2_tile.K_reduction_cycle_count
2025-12-30 15:42:06,452 [ERROR]   File "/home/william/LLMCompass_GoldData/software_model/matmul.py", line 1338, in simulate_l1_tile_compute_cycle_count
    Matmul.simulate_systolic_array_cycle_count(
2025-12-30 15:42:06,452 [ERROR]   File "/home/william/LLMCompass_GoldData/software_model/matmul.py", line 866, in simulate
    l2_tiles[-1, :N_l2_t, -1] = self.L2TileSimulator(
2025-12-30 15:42:06,452 [ERROR]   File "/home/william/LLMCompass_GoldData/software_model/transformer.py", line 558, in compile_and_simulate
    self.Q_proj.compile_and_simulate(pcb, compile_mode)
2025-12-30 15:42:06,452 [ERROR]   File "/home/william/LLMCompass_GoldData/software_model/matmul.py", line 1058, in simulate_l2_tile_compute_cycle_count
    l1_tiles[-1, :N_l1_t, :K_l1_t] = Matmul.L1TileSimulator(
2025-12-30 15:42:06,452 [ERROR]   File "/home/william/LLMCompass_GoldData/software_model/matmul.py", line 199, in generate_tile_loops
    yield m, n, k
2025-12-30 15:42:06,452 [ERROR] KeyboardInterrupt
2025-12-30 15:42:06,452 [ERROR]   File "/home/william/LLMCompass_GoldData/software_model/matmul.py", line 583, in compile_and_simulate
    cycle_count = self.simulate(
2025-12-30 15:42:06,452 [ERROR]   File "/home/william/LLMCompass_GoldData/software_model/matmul.py", line 826, in simulate
    l2_tiles[-1, :N_l2_t, :K_l2_t] = self.L2TileSimulator(
2025-12-30 15:42:06,452 [ERROR]   File "/home/william/LLMCompass_GoldData/software_model/matmul.py", line 1477, in simulate_systolic_array_cycle_count
    return ceil(cycle_count / mac_per_clock)
2025-12-30 15:42:06,452 [ERROR]   File "/home/william/LLMCompass_GoldData/software_model/matmul.py", line 1005, in __init__
    self.compute_cycle_count = self.simulate_l2_tile_compute_cycle_count(
2025-12-30 15:42:06,452 [ERROR] KeyboardInterrupt
2025-12-30 15:42:06,452 [ERROR] KeyboardInterrupt
2025-12-30 15:42:06,452 [ERROR]   File "/home/william/LLMCompass_GoldData/software_model/matmul.py", line 918, in simulate
    if m == previous_m and k == previous_k:
2025-12-30 15:42:06,452 [ERROR]   File "/home/william/LLMCompass_GoldData/software_model/matmul.py", line 583, in compile_and_simulate
    cycle_count = self.simulate(
2025-12-30 15:42:06,452 [ERROR] KeyboardInterrupt
2025-12-30 15:42:06,452 [ERROR]   File "/home/william/LLMCompass_GoldData/software_model/matmul.py", line 1005, in __init__
    self.compute_cycle_count = self.simulate_l2_tile_compute_cycle_count(
2025-12-30 15:42:06,452 [ERROR]   File "/home/william/LLMCompass_GoldData/software_model/matmul.py", line 1058, in simulate_l2_tile_compute_cycle_count
    l1_tiles[-1, :N_l1_t, :K_l1_t] = Matmul.L1TileSimulator(
2025-12-30 15:42:06,452 [ERROR] KeyboardInterrupt
2025-12-30 15:42:06,452 [ERROR] KeyboardInterrupt
2025-12-30 15:42:06,452 [ERROR]   File "/home/william/LLMCompass_GoldData/software_model/matmul.py", line 846, in simulate
    l2_tiles[:M_l2_t, :N_l2_t, -1] = self.L2TileSimulator(
2025-12-30 15:42:06,452 [ERROR]   File "/home/william/LLMCompass_GoldData/software_model/matmul.py", line 1058, in simulate_l2_tile_compute_cycle_count
    l1_tiles[-1, :N_l1_t, :K_l1_t] = Matmul.L1TileSimulator(
2025-12-30 15:42:06,452 [ERROR]   File "/home/william/LLMCompass_GoldData/software_model/matmul.py", line 1308, in __init__
    self.compute_cycle_count = self.simulate_l1_tile_compute_cycle_count(
2025-12-30 15:42:06,452 [ERROR] Traceback (most recent call last):
2025-12-30 15:42:06,452 [ERROR] KeyboardInterrupt
2025-12-30 15:42:06,452 [ERROR]   File "/home/william/LLMCompass_GoldData/software_model/matmul.py", line 1308, in __init__
    self.compute_cycle_count = self.simulate_l1_tile_compute_cycle_count(
2025-12-30 15:42:06,452 [ERROR]   File "/home/william/LLMCompass_GoldData/software_model/matmul.py", line 1338, in simulate_l1_tile_compute_cycle_count
    Matmul.simulate_systolic_array_cycle_count(
2025-12-30 15:42:06,452 [ERROR]   File "/home/william/LLMCompass_GoldData/software_model/matmul.py", line 1005, in __init__
    self.compute_cycle_count = self.simulate_l2_tile_compute_cycle_count(
2025-12-30 15:42:06,452 [ERROR]   File "/home/william/LLMCompass_GoldData/software_model/matmul.py", line 1338, in simulate_l1_tile_compute_cycle_count
    Matmul.simulate_systolic_array_cycle_count(
2025-12-30 15:42:06,452 [ERROR]   File "/home/william/LLMCompass_GoldData/software_model/matmul.py", line 1405, in simulate_systolic_array_cycle_count
    cycle_count = look_up_table.loc[
2025-12-30 15:42:06,452 [ERROR]   File "/home/william/LLMCompass_GoldData/software_model/matmul.py", line 1239, in simulate_l2_tile_compute_cycle_count
    current_batch_M_N_read_count = np.sum(
2025-12-30 15:42:06,452 [ERROR]   File "/home/william/LLMCompass_GoldData/software_model/matmul.py", line 1405, in simulate_systolic_array_cycle_count
    cycle_count = look_up_table.loc[
2025-12-30 15:42:06,452 [ERROR]   File "/home/william/miniconda3/envs/llmcompass/lib/python3.9/site-packages/pandas/core/indexing.py", line 1185, in __getitem__
    return self._getitem_tuple(key)
2025-12-30 15:42:06,452 [ERROR]   File "/home/william/miniconda3/envs/llmcompass/lib/python3.9/site-packages/pandas/core/indexing.py", line 1185, in __getitem__
    return self._getitem_tuple(key)
2025-12-30 15:42:06,452 [ERROR]   File "/home/william/miniconda3/envs/llmcompass/lib/python3.9/site-packages/numpy/_core/fromnumeric.py", line 2389, in sum
    return _wrapreduction(
2025-12-30 15:42:06,452 [ERROR]   File "/home/william/miniconda3/envs/llmcompass/lib/python3.9/site-packages/pandas/core/indexing.py", line 1369, in _getitem_tuple
    return self._getitem_lowerdim(tup)
2025-12-30 15:42:06,452 [ERROR]   File "/home/william/miniconda3/envs/llmcompass/lib/python3.9/site-packages/pandas/core/indexing.py", line 1367, in _getitem_tuple
    with suppress(IndexingError):
2025-12-30 15:42:06,452 [ERROR]   File "/home/william/miniconda3/envs/llmcompass/lib/python3.9/multiprocessing/process.py", line 315, in _bootstrap
    self.run()
2025-12-30 15:42:06,452 [ERROR]   File "/home/william/miniconda3/envs/llmcompass/lib/python3.9/site-packages/pandas/core/indexing.py", line 1042, in _getitem_lowerdim
    return self._getitem_nested_tuple(tup)
2025-12-30 15:42:06,452 [ERROR]   File "/home/william/miniconda3/envs/llmcompass/lib/python3.9/site-packages/numpy/_core/fromnumeric.py", line 86, in _wrapreduction
    return ufunc.reduce(obj, axis, dtype, out, **passkwargs)
2025-12-30 15:42:06,452 [ERROR]   File "/home/william/miniconda3/envs/llmcompass/lib/python3.9/contextlib.py", line 379, in __enter__
    def __enter__(self):
2025-12-30 15:42:06,452 [ERROR]   File "/home/william/miniconda3/envs/llmcompass/lib/python3.9/site-packages/pandas/core/indexing.py", line 1154, in _getitem_nested_tuple
    obj = getattr(obj, self.name)._getitem_axis(key, axis=axis)
2025-12-30 15:42:06,452 [ERROR]   File "/home/william/miniconda3/envs/llmcompass/lib/python3.9/multiprocessing/process.py", line 108, in run
    self._target(*self._args, **self._kwargs)
2025-12-30 15:42:06,452 [ERROR]   File "/home/william/miniconda3/envs/llmcompass/lib/python3.9/site-packages/pandas/core/indexing.py", line 1413, in _getitem_axis
    elif com.is_bool_indexer(key):
2025-12-30 15:42:06,452 [ERROR] KeyboardInterrupt
2025-12-30 15:42:06,452 [ERROR] KeyboardInterrupt
2025-12-30 15:42:06,452 [ERROR]   File "/home/william/miniconda3/envs/llmcompass/lib/python3.9/site-packages/pandas/core/common.py", line 125, in is_bool_indexer
    if isinstance(
2025-12-30 15:42:06,452 [ERROR]   File "/home/william/LLMCompass_GoldData/ae/figure8/change_memory_bw.py", line 103, in test_memory_bandwidth
    auto_regression_latency_simulated = model_auto_regression.compile_and_simulate(
2025-12-30 15:42:06,452 [ERROR]   File "/home/william/miniconda3/envs/llmcompass/lib/python3.9/site-packages/pandas/core/dtypes/generic.py", line 44, in _instancecheck
    return _check(inst) and not isinstance(inst, type)
2025-12-30 15:42:06,452 [ERROR] Traceback (most recent call last):
2025-12-30 15:42:06,452 [ERROR]   File "/home/william/LLMCompass_GoldData/software_model/transformer.py", line 558, in compile_and_simulate
    self.Q_proj.compile_and_simulate(pcb, compile_mode)
2025-12-30 15:42:06,452 [ERROR]   File "/home/william/miniconda3/envs/llmcompass/lib/python3.9/site-packages/pandas/core/dtypes/generic.py", line 38, in _check
    return getattr(inst, attr, "_typ") in comp
2025-12-30 15:42:06,452 [ERROR]   File "/home/william/LLMCompass_GoldData/software_model/matmul.py", line 583, in compile_and_simulate
    cycle_count = self.simulate(
2025-12-30 15:42:06,452 [ERROR] KeyboardInterrupt
2025-12-30 15:42:06,452 [ERROR]   File "/home/william/LLMCompass_GoldData/software_model/matmul.py", line 749, in simulate
    self.look_up_table = pd.read_csv(
2025-12-30 15:42:06,452 [ERROR]   File "/home/william/miniconda3/envs/llmcompass/lib/python3.9/multiprocessing/process.py", line 315, in _bootstrap
    self.run()
2025-12-30 15:42:06,452 [ERROR]   File "/home/william/miniconda3/envs/llmcompass/lib/python3.9/site-packages/pandas/io/parsers/readers.py", line 1026, in read_csv
    return _read(filepath_or_buffer, kwds)
2025-12-30 15:42:06,452 [ERROR]   File "/home/william/miniconda3/envs/llmcompass/lib/python3.9/site-packages/pandas/io/parsers/readers.py", line 620, in _read
    parser = TextFileReader(filepath_or_buffer, **kwds)
2025-12-30 15:42:06,452 [ERROR]   File "/home/william/miniconda3/envs/llmcompass/lib/python3.9/multiprocessing/process.py", line 108, in run
    self._target(*self._args, **self._kwargs)
2025-12-30 15:42:06,452 [ERROR]   File "/home/william/miniconda3/envs/llmcompass/lib/python3.9/site-packages/pandas/io/parsers/readers.py", line 1620, in __init__
    self._engine = self._make_engine(f, self.engine)
2025-12-30 15:42:06,452 [ERROR]   File "/home/william/LLMCompass_GoldData/ae/figure8/change_memory_bw.py", line 103, in test_memory_bandwidth
    auto_regression_latency_simulated = model_auto_regression.compile_and_simulate(
2025-12-30 15:42:06,452 [ERROR]   File "/home/william/miniconda3/envs/llmcompass/lib/python3.9/site-packages/pandas/io/parsers/readers.py", line 1880, in _make_engine
    self.handles = get_handle(
2025-12-30 15:42:06,452 [ERROR]   File "/home/william/LLMCompass_GoldData/software_model/transformer.py", line 558, in compile_and_simulate
    self.Q_proj.compile_and_simulate(pcb, compile_mode)
2025-12-30 15:42:06,452 [ERROR]   File "/home/william/miniconda3/envs/llmcompass/lib/python3.9/site-packages/pandas/io/common.py", line 728, in get_handle
    ioargs = _get_filepath_or_buffer(
2025-12-30 15:42:06,452 [ERROR]   File "/home/william/LLMCompass_GoldData/software_model/matmul.py", line 583, in compile_and_simulate
    cycle_count = self.simulate(
2025-12-30 15:42:06,452 [ERROR]   File "/home/william/miniconda3/envs/llmcompass/lib/python3.9/site-packages/pandas/io/common.py", line 338, in _get_filepath_or_buffer
    compression_method, compression = get_compression_method(compression)
2025-12-30 15:42:06,452 [ERROR]   File "/home/william/LLMCompass_GoldData/software_model/matmul.py", line 749, in simulate
    self.look_up_table = pd.read_csv(
2025-12-30 15:42:06,452 [ERROR]   File "/home/william/miniconda3/envs/llmcompass/lib/python3.9/site-packages/pandas/io/common.py", line 538, in get_compression_method
    if isinstance(compression, Mapping):
2025-12-30 15:42:06,452 [ERROR]   File "/home/william/miniconda3/envs/llmcompass/lib/python3.9/site-packages/pandas/io/parsers/readers.py", line 1026, in read_csv
    return _read(filepath_or_buffer, kwds)
2025-12-30 15:42:06,452 [ERROR]   File "/home/william/miniconda3/envs/llmcompass/lib/python3.9/abc.py", line 119, in __instancecheck__
    return _abc_instancecheck(cls, instance)
2025-12-30 15:42:06,452 [ERROR]   File "/home/william/miniconda3/envs/llmcompass/lib/python3.9/site-packages/pandas/io/parsers/readers.py", line 626, in _read
    return parser.read(nrows)
2025-12-30 15:42:06,452 [ERROR]   File "/home/william/miniconda3/envs/llmcompass/lib/python3.9/abc.py", line 123, in __subclasscheck__
    return _abc_subclasscheck(cls, subclass)
2025-12-30 15:42:06,452 [ERROR]   File "/home/william/miniconda3/envs/llmcompass/lib/python3.9/site-packages/pandas/io/parsers/readers.py", line 1923, in read
    ) = self._engine.read(  # type: ignore[attr-defined]
2025-12-30 15:42:06,452 [ERROR]   File "/home/william/miniconda3/envs/llmcompass/lib/python3.9/abc.py", line 123, in __subclasscheck__
    return _abc_subclasscheck(cls, subclass)
2025-12-30 15:42:06,452 [ERROR]   File "/home/william/miniconda3/envs/llmcompass/lib/python3.9/site-packages/pandas/io/parsers/c_parser_wrapper.py", line 234, in read
    chunks = self._reader.read_low_memory(nrows)
2025-12-30 15:42:06,452 [ERROR]   File "/home/william/miniconda3/envs/llmcompass/lib/python3.9/abc.py", line 121, in __subclasscheck__
    def __subclasscheck__(cls, subclass):
2025-12-30 15:42:06,452 [ERROR]   File "pandas/_libs/parsers.pyx", line 838, in pandas._libs.parsers.TextReader.read_low_memory
2025-12-30 15:42:06,452 [ERROR]   File "pandas/_libs/parsers.pyx", line 905, in pandas._libs.parsers.TextReader._read_rows
2025-12-30 15:42:06,452 [ERROR] KeyboardInterrupt
2025-12-30 15:42:06,452 [ERROR]   File "pandas/_libs/parsers.pyx", line 874, in pandas._libs.parsers.TextReader._tokenize_rows
2025-12-30 15:42:06,452 [ERROR]   File "pandas/_libs/parsers.pyx", line 891, in pandas._libs.parsers.TextReader._check_tokenize_status
2025-12-30 15:42:06,452 [ERROR]   File "pandas/_libs/parsers.pyx", line 2061, in pandas._libs.parsers.raise_parser_error
2025-12-30 15:42:06,452 [ERROR] pandas.errors.ParserError: Error tokenizing data. C error: Calling read(nbytes) on source failed. Try engine='python'.
2025-12-30 15:42:06,452 [ERROR] Traceback (most recent call last):
2025-12-30 15:42:06,453 [ERROR]   File "/home/william/miniconda3/envs/llmcompass/lib/python3.9/multiprocessing/process.py", line 315, in _bootstrap
    self.run()
2025-12-30 15:42:06,453 [ERROR]   File "/home/william/miniconda3/envs/llmcompass/lib/python3.9/multiprocessing/process.py", line 108, in run
    self._target(*self._args, **self._kwargs)
2025-12-30 15:42:06,453 [ERROR]   File "/home/william/LLMCompass_GoldData/ae/figure8/change_memory_bw.py", line 103, in test_memory_bandwidth
    auto_regression_latency_simulated = model_auto_regression.compile_and_simulate(
2025-12-30 15:42:06,453 [ERROR]   File "/home/william/LLMCompass_GoldData/software_model/transformer.py", line 558, in compile_and_simulate
    self.Q_proj.compile_and_simulate(pcb, compile_mode)
2025-12-30 15:42:06,453 [ERROR]   File "/home/william/LLMCompass_GoldData/software_model/matmul.py", line 583, in compile_and_simulate
    cycle_count = self.simulate(
2025-12-30 15:42:06,453 [ERROR]   File "/home/william/LLMCompass_GoldData/software_model/matmul.py", line 826, in simulate
    l2_tiles[-1, :N_l2_t, :K_l2_t] = self.L2TileSimulator(
2025-12-30 15:42:06,453 [ERROR]   File "/home/william/LLMCompass_GoldData/software_model/matmul.py", line 1005, in __init__
    self.compute_cycle_count = self.simulate_l2_tile_compute_cycle_count(
2025-12-30 15:42:06,453 [ERROR]   File "/home/william/LLMCompass_GoldData/software_model/matmul.py", line 1058, in simulate_l2_tile_compute_cycle_count
    l1_tiles[-1, :N_l1_t, :K_l1_t] = Matmul.L1TileSimulator(
2025-12-30 15:42:06,453 [ERROR]   File "/home/william/LLMCompass_GoldData/software_model/matmul.py", line 1308, in __init__
    self.compute_cycle_count = self.simulate_l1_tile_compute_cycle_count(
2025-12-30 15:42:06,453 [ERROR]   File "/home/william/LLMCompass_GoldData/software_model/matmul.py", line 1338, in simulate_l1_tile_compute_cycle_count
    Matmul.simulate_systolic_array_cycle_count(
2025-12-30 15:42:06,453 [ERROR]   File "/home/william/LLMCompass_GoldData/software_model/matmul.py", line 1405, in simulate_systolic_array_cycle_count
    cycle_count = look_up_table.loc[
2025-12-30 15:42:06,453 [ERROR]   File "/home/william/miniconda3/envs/llmcompass/lib/python3.9/site-packages/pandas/core/indexing.py", line 1185, in __getitem__
    return self._getitem_tuple(key)
2025-12-30 15:42:06,453 [ERROR]   File "/home/william/miniconda3/envs/llmcompass/lib/python3.9/site-packages/pandas/core/indexing.py", line 1369, in _getitem_tuple
    return self._getitem_lowerdim(tup)
2025-12-30 15:42:06,453 [ERROR]   File "/home/william/miniconda3/envs/llmcompass/lib/python3.9/site-packages/pandas/core/indexing.py", line 1042, in _getitem_lowerdim
    return self._getitem_nested_tuple(tup)
2025-12-30 15:42:06,453 [ERROR]   File "/home/william/miniconda3/envs/llmcompass/lib/python3.9/site-packages/pandas/core/indexing.py", line 1154, in _getitem_nested_tuple
    obj = getattr(obj, self.name)._getitem_axis(key, axis=axis)
2025-12-30 15:42:06,453 [ERROR]   File "/home/william/miniconda3/envs/llmcompass/lib/python3.9/site-packages/pandas/core/indexing.py", line 1431, in _getitem_axis
    self._validate_key(key, axis)
2025-12-30 15:42:06,453 [ERROR]   File "/home/william/miniconda3/envs/llmcompass/lib/python3.9/site-packages/pandas/core/indexing.py", line 1233, in _validate_key
    ax = self.obj._get_axis(axis)
2025-12-30 15:42:06,453 [ERROR]   File "/home/william/miniconda3/envs/llmcompass/lib/python3.9/site-packages/pandas/core/generic.py", line 593, in _get_axis
    return self.index if axis_number == 0 else self.columns
2025-12-30 15:42:06,453 [ERROR] KeyboardInterrupt
2025-12-30 15:42:06,453 [ERROR] Traceback (most recent call last):
2025-12-30 15:42:06,453 [ERROR]   File "/home/william/miniconda3/envs/llmcompass/lib/python3.9/multiprocessing/process.py", line 315, in _bootstrap
    self.run()
2025-12-30 15:42:06,453 [ERROR]   File "/home/william/miniconda3/envs/llmcompass/lib/python3.9/multiprocessing/process.py", line 108, in run
    self._target(*self._args, **self._kwargs)
2025-12-30 15:42:06,453 [ERROR]   File "/home/william/LLMCompass_GoldData/ae/figure8/change_memory_bw.py", line 103, in test_memory_bandwidth
    auto_regression_latency_simulated = model_auto_regression.compile_and_simulate(
2025-12-30 15:42:06,453 [ERROR]   File "/home/william/LLMCompass_GoldData/software_model/transformer.py", line 558, in compile_and_simulate
    self.Q_proj.compile_and_simulate(pcb, compile_mode)
2025-12-30 15:42:06,453 [ERROR]   File "/home/william/LLMCompass_GoldData/software_model/matmul.py", line 583, in compile_and_simulate
    cycle_count = self.simulate(
2025-12-30 15:42:06,453 [ERROR]   File "/home/william/LLMCompass_GoldData/software_model/matmul.py", line 763, in simulate
    self.look_up_table.drop_duplicates(
2025-12-30 15:42:06,453 [ERROR]   File "/home/william/miniconda3/envs/llmcompass/lib/python3.9/site-packages/pandas/core/frame.py", line 6840, in drop_duplicates
    result = self[-self.duplicated(subset, keep=keep)]
2025-12-30 15:42:06,453 [ERROR]   File "/home/william/miniconda3/envs/llmcompass/lib/python3.9/site-packages/pandas/core/frame.py", line 6980, in duplicated
    labels, shape = map(list, zip(*map(f, vals)))
2025-12-30 15:42:06,453 [ERROR]   File "/home/william/miniconda3/envs/llmcompass/lib/python3.9/site-packages/pandas/core/frame.py", line 6948, in f
    labels, shape = algorithms.factorize(vals, size_hint=len(self))
2025-12-30 15:42:06,453 [ERROR]   File "/home/william/miniconda3/envs/llmcompass/lib/python3.9/site-packages/pandas/core/algorithms.py", line 795, in factorize
    codes, uniques = factorize_array(
2025-12-30 15:42:06,453 [ERROR]   File "/home/william/miniconda3/envs/llmcompass/lib/python3.9/site-packages/pandas/core/algorithms.py", line 592, in factorize_array
    hash_klass, values = _get_hashtable_algo(values)
2025-12-30 15:42:06,453 [ERROR]   File "/home/william/miniconda3/envs/llmcompass/lib/python3.9/site-packages/pandas/core/algorithms.py", line 275, in _get_hashtable_algo
    ndtype = _check_object_for_strings(values)
2025-12-30 15:42:06,453 [ERROR]   File "/home/william/miniconda3/envs/llmcompass/lib/python3.9/site-packages/pandas/core/algorithms.py", line 297, in _check_object_for_strings
    if lib.is_string_array(values, skipna=False):
2025-12-30 15:42:06,453 [ERROR] KeyboardInterrupt
2025-12-30 15:42:06,454 [ERROR] Traceback (most recent call last):
2025-12-30 15:42:06,454 [ERROR] Traceback (most recent call last):
2025-12-30 15:42:06,454 [ERROR]   File "/home/william/miniconda3/envs/llmcompass/lib/python3.9/multiprocessing/process.py", line 315, in _bootstrap
    self.run()
2025-12-30 15:42:06,454 [ERROR]   File "/home/william/miniconda3/envs/llmcompass/lib/python3.9/multiprocessing/process.py", line 108, in run
    self._target(*self._args, **self._kwargs)
2025-12-30 15:42:06,454 [ERROR] Exception ignored in:
2025-12-30 15:42:06,454 [ERROR]   File "/home/william/miniconda3/envs/llmcompass/lib/python3.9/multiprocessing/process.py", line 315, in _bootstrap
    self.run()
2025-12-30 15:42:06,454 [ERROR]   File "/home/william/LLMCompass_GoldData/ae/figure8/change_memory_bw.py", line 103, in test_memory_bandwidth
    auto_regression_latency_simulated = model_auto_regression.compile_and_simulate(
2025-12-30 15:42:06,454 [ERROR]   File "/home/william/miniconda3/envs/llmcompass/lib/python3.9/multiprocessing/process.py", line 108, in run
    self._target(*self._args, **self._kwargs)
2025-12-30 15:42:06,454 [ERROR]   File "/home/william/LLMCompass_GoldData/software_model/transformer.py", line 558, in compile_and_simulate
    self.Q_proj.compile_and_simulate(pcb, compile_mode)
2025-12-30 15:42:06,454 [ERROR] <function _releaseLock at 0x7220b04398b0>
2025-12-30 15:42:06,454 [ERROR]   File "/home/william/LLMCompass_GoldData/ae/figure8/change_memory_bw.py", line 103, in test_memory_bandwidth
    auto_regression_latency_simulated = model_auto_regression.compile_and_simulate(
2025-12-30 15:42:06,454 [ERROR]   File "/home/william/LLMCompass_GoldData/software_model/matmul.py", line 583, in compile_and_simulate
    cycle_count = self.simulate(
2025-12-30 15:42:06,454 [ERROR]   File "/home/william/LLMCompass_GoldData/software_model/transformer.py", line 558, in compile_and_simulate
    self.Q_proj.compile_and_simulate(pcb, compile_mode)
2025-12-30 15:42:06,454 [ERROR] Traceback (most recent call last):
2025-12-30 15:42:06,454 [ERROR]   File "/home/william/LLMCompass_GoldData/software_model/matmul.py", line 583, in compile_and_simulate
    cycle_count = self.simulate(
2025-12-30 15:42:06,454 [ERROR]   File "/home/william/LLMCompass_GoldData/software_model/matmul.py", line 826, in simulate
    l2_tiles[-1, :N_l2_t, :K_l2_t] = self.L2TileSimulator(
2025-12-30 15:42:06,454 [ERROR]   File "/home/william/miniconda3/envs/llmcompass/lib/python3.9/logging/__init__.py", line 227, in _releaseLock
2025-12-30 15:42:06,454 [ERROR]   File "/home/william/LLMCompass_GoldData/software_model/matmul.py", line 846, in simulate
    l2_tiles[:M_l2_t, :N_l2_t, -1] = self.L2TileSimulator(
2025-12-30 15:42:06,454 [ERROR]   File "/home/william/LLMCompass_GoldData/software_model/matmul.py", line 1005, in __init__
    self.compute_cycle_count = self.simulate_l2_tile_compute_cycle_count(
2025-12-30 15:42:06,454 [ERROR]   File "/home/william/LLMCompass_GoldData/software_model/matmul.py", line 1005, in __init__
    self.compute_cycle_count = self.simulate_l2_tile_compute_cycle_count(
2025-12-30 15:42:06,454 [ERROR]   File "/home/william/LLMCompass_GoldData/software_model/matmul.py", line 1058, in simulate_l2_tile_compute_cycle_count
    l1_tiles[-1, :N_l1_t, :K_l1_t] = Matmul.L1TileSimulator(
2025-12-30 15:42:06,454 [ERROR]   File "/home/william/LLMCompass_GoldData/software_model/matmul.py", line 1048, in simulate_l2_tile_compute_cycle_count
    l1_tiles[:M_l1_t, :N_l1_t, :K_l1_t] = Matmul.L1TileSimulator(
2025-12-30 15:42:06,454 [ERROR]   File "/home/william/LLMCompass_GoldData/software_model/matmul.py", line 1308, in __init__
    self.compute_cycle_count = self.simulate_l1_tile_compute_cycle_count(
2025-12-30 15:42:06,454 [ERROR]   File "/home/william/LLMCompass_GoldData/software_model/matmul.py", line 1308, in __init__
    self.compute_cycle_count = self.simulate_l1_tile_compute_cycle_count(
2025-12-30 15:42:06,454 [ERROR]   File "/home/william/LLMCompass_GoldData/software_model/matmul.py", line 1338, in simulate_l1_tile_compute_cycle_count
    Matmul.simulate_systolic_array_cycle_count(
2025-12-30 15:42:06,454 [ERROR]   File "/home/william/LLMCompass_GoldData/software_model/matmul.py", line 1338, in simulate_l1_tile_compute_cycle_count
    Matmul.simulate_systolic_array_cycle_count(
2025-12-30 15:42:06,454 [ERROR]   File "/home/william/LLMCompass_GoldData/software_model/matmul.py", line 1405, in simulate_systolic_array_cycle_count
    cycle_count = look_up_table.loc[
2025-12-30 15:42:06,454 [ERROR]   File "/home/william/LLMCompass_GoldData/software_model/matmul.py", line 1405, in simulate_systolic_array_cycle_count
    cycle_count = look_up_table.loc[
2025-12-30 15:42:06,454 [ERROR]   File "/home/william/miniconda3/envs/llmcompass/lib/python3.9/site-packages/pandas/core/indexing.py", line 1185, in __getitem__
    return self._getitem_tuple(key)
2025-12-30 15:42:06,454 [ERROR]   File "/home/william/miniconda3/envs/llmcompass/lib/python3.9/site-packages/pandas/core/indexing.py", line 1185, in __getitem__
    return self._getitem_tuple(key)
2025-12-30 15:42:06,454 [ERROR]   File "/home/william/miniconda3/envs/llmcompass/lib/python3.9/site-packages/pandas/core/indexing.py", line 1369, in _getitem_tuple
    return self._getitem_lowerdim(tup)
2025-12-30 15:42:06,454 [ERROR]   File "/home/william/miniconda3/envs/llmcompass/lib/python3.9/site-packages/pandas/core/indexing.py", line 1042, in _getitem_lowerdim
    return self._getitem_nested_tuple(tup)
2025-12-30 15:42:06,454 [ERROR]   File "/home/william/miniconda3/envs/llmcompass/lib/python3.9/site-packages/pandas/core/indexing.py", line 1369, in _getitem_tuple
    return self._getitem_lowerdim(tup)
2025-12-30 15:42:06,454 [ERROR]   File "/home/william/miniconda3/envs/llmcompass/lib/python3.9/site-packages/pandas/core/indexing.py", line 1154, in _getitem_nested_tuple
    obj = getattr(obj, self.name)._getitem_axis(key, axis=axis)
2025-12-30 15:42:06,454 [ERROR]   File "/home/william/miniconda3/envs/llmcompass/lib/python3.9/site-packages/pandas/core/indexing.py", line 1042, in _getitem_lowerdim
    return self._getitem_nested_tuple(tup)
2025-12-30 15:42:06,454 [ERROR]   File "/home/william/miniconda3/envs/llmcompass/lib/python3.9/site-packages/pandas/core/indexing.py", line 1432, in _getitem_axis
    return self._get_label(key, axis=axis)
2025-12-30 15:42:06,454 [ERROR]   File "/home/william/miniconda3/envs/llmcompass/lib/python3.9/site-packages/pandas/core/indexing.py", line 1154, in _getitem_nested_tuple
    obj = getattr(obj, self.name)._getitem_axis(key, axis=axis)
2025-12-30 15:42:06,454 [ERROR]   File "/home/william/miniconda3/envs/llmcompass/lib/python3.9/site-packages/pandas/core/indexing.py", line 1382, in _get_label
    return self.obj.xs(label, axis=axis)
2025-12-30 15:42:06,454 [ERROR]   File "/home/william/miniconda3/envs/llmcompass/lib/python3.9/site-packages/pandas/core/generic.py", line 4315, in xs
    loc, new_index = index._get_loc_level(key, level=0)
2025-12-30 15:42:06,454 [ERROR]   File "/home/william/miniconda3/envs/llmcompass/lib/python3.9/site-packages/pandas/core/indexing.py", line 1432, in _getitem_axis
    return self._get_label(key, axis=axis)
2025-12-30 15:42:06,454 [ERROR]   File "/home/william/miniconda3/envs/llmcompass/lib/python3.9/site-packages/pandas/core/indexes/multi.py", line 3228, in _get_loc_level
    if key in self.levels[0]:
2025-12-30 15:42:06,454 [ERROR]   File "/home/william/miniconda3/envs/llmcompass/lib/python3.9/site-packages/pandas/core/indexing.py", line 1382, in _get_label
    return self.obj.xs(label, axis=axis)
2025-12-30 15:42:06,454 [ERROR]   File "/home/william/miniconda3/envs/llmcompass/lib/python3.9/site-packages/pandas/core/indexes/base.py", line 5372, in __contains__
    return key in self._engine
2025-12-30 15:42:06,454 [ERROR]   File "/home/william/miniconda3/envs/llmcompass/lib/python3.9/site-packages/pandas/core/generic.py", line 4315, in xs
    loc, new_index = index._get_loc_level(key, level=0)
2025-12-30 15:42:06,454 [ERROR] KeyboardInterrupt
2025-12-30 15:42:06,454 [ERROR] def _releaseLock():
2025-12-30 15:42:06,454 [ERROR] Traceback (most recent call last):
2025-12-30 15:42:06,454 [ERROR]   File "/home/william/miniconda3/envs/llmcompass/lib/python3.9/site-packages/pandas/core/indexes/multi.py", line 3239, in _get_loc_level
    return (self._engine.get_loc(key), None)
2025-12-30 15:42:06,454 [ERROR] KeyboardInterrupt
2025-12-30 15:42:06,454 [ERROR]   File "pandas/_libs/index.pyx", line 792, in pandas._libs.index.BaseMultiIndexCodesEngine.get_loc
2025-12-30 15:42:06,454 [ERROR] :
2025-12-30 15:42:06,454 [ERROR]   File "/home/william/miniconda3/envs/llmcompass/lib/python3.9/site-packages/pandas/core/indexes/multi.py", line 162, in _codes_to_ints
    return np.bitwise_or.reduce(codes)
2025-12-30 15:42:06,454 [ERROR] Traceback (most recent call last):
2025-12-30 15:42:06,454 [ERROR] KeyboardInterrupt
2025-12-30 15:42:06,454 [ERROR]   File "/home/william/miniconda3/envs/llmcompass/lib/python3.9/multiprocessing/process.py", line 315, in _bootstrap
    self.run()
2025-12-30 15:42:06,454 [ERROR]   File "/home/william/miniconda3/envs/llmcompass/lib/python3.9/multiprocessing/process.py", line 108, in run
    self._target(*self._args, **self._kwargs)
2025-12-30 15:42:06,454 [ERROR]   File "/home/william/miniconda3/envs/llmcompass/lib/python3.9/multiprocessing/process.py", line 315, in _bootstrap
    self.run()
2025-12-30 15:42:06,454 [ERROR]   File "/home/william/LLMCompass_GoldData/ae/figure8/change_memory_bw.py", line 103, in test_memory_bandwidth
    auto_regression_latency_simulated = model_auto_regression.compile_and_simulate(
2025-12-30 15:42:06,454 [ERROR]   File "/home/william/miniconda3/envs/llmcompass/lib/python3.9/multiprocessing/process.py", line 108, in run
    self._target(*self._args, **self._kwargs)
2025-12-30 15:42:06,454 [ERROR]   File "/home/william/LLMCompass_GoldData/software_model/transformer.py", line 558, in compile_and_simulate
    self.Q_proj.compile_and_simulate(pcb, compile_mode)
2025-12-30 15:42:06,454 [ERROR]   File "/home/william/LLMCompass_GoldData/ae/figure8/change_memory_bw.py", line 103, in test_memory_bandwidth
    auto_regression_latency_simulated = model_auto_regression.compile_and_simulate(
2025-12-30 15:42:06,454 [ERROR]   File "/home/william/LLMCompass_GoldData/software_model/matmul.py", line 583, in compile_and_simulate
    cycle_count = self.simulate(
2025-12-30 15:42:06,454 [ERROR] Traceback (most recent call last):
2025-12-30 15:42:06,455 [ERROR]   File "/home/william/LLMCompass_GoldData/software_model/matmul.py", line 826, in simulate
    l2_tiles[-1, :N_l2_t, :K_l2_t] = self.L2TileSimulator(
2025-12-30 15:42:06,455 [ERROR]   File "/home/william/LLMCompass_GoldData/software_model/transformer.py", line 558, in compile_and_simulate
    self.Q_proj.compile_and_simulate(pcb, compile_mode)
2025-12-30 15:42:06,455 [ERROR]   File "/home/william/LLMCompass_GoldData/software_model/matmul.py", line 1005, in __init__
    self.compute_cycle_count = self.simulate_l2_tile_compute_cycle_count(
2025-12-30 15:42:06,455 [ERROR]   File "/home/william/LLMCompass_GoldData/software_model/matmul.py", line 583, in compile_and_simulate
    cycle_count = self.simulate(
2025-12-30 15:42:06,455 [ERROR]   File "/home/william/LLMCompass_GoldData/software_model/matmul.py", line 1058, in simulate_l2_tile_compute_cycle_count
    l1_tiles[-1, :N_l1_t, :K_l1_t] = Matmul.L1TileSimulator(
2025-12-30 15:42:06,455 [ERROR]   File "/home/william/LLMCompass_GoldData/software_model/matmul.py", line 826, in simulate
    l2_tiles[-1, :N_l2_t, :K_l2_t] = self.L2TileSimulator(
2025-12-30 15:42:06,455 [ERROR]   File "/home/william/LLMCompass_GoldData/software_model/matmul.py", line 1308, in __init__
    self.compute_cycle_count = self.simulate_l1_tile_compute_cycle_count(
2025-12-30 15:42:06,455 [ERROR]   File "/home/william/LLMCompass_GoldData/software_model/matmul.py", line 1005, in __init__
    self.compute_cycle_count = self.simulate_l2_tile_compute_cycle_count(
2025-12-30 15:42:06,455 [ERROR]   File "/home/william/miniconda3/envs/llmcompass/lib/python3.9/multiprocessing/process.py", line 315, in _bootstrap
    self.run()
2025-12-30 15:42:06,455 [ERROR]   File "/home/william/LLMCompass_GoldData/software_model/matmul.py", line 1338, in simulate_l1_tile_compute_cycle_count
    Matmul.simulate_systolic_array_cycle_count(
2025-12-30 15:42:06,455 [ERROR]   File "/home/william/LLMCompass_GoldData/software_model/matmul.py", line 1058, in simulate_l2_tile_compute_cycle_count
    l1_tiles[-1, :N_l1_t, :K_l1_t] = Matmul.L1TileSimulator(
2025-12-30 15:42:06,455 [ERROR]   File "/home/william/miniconda3/envs/llmcompass/lib/python3.9/multiprocessing/process.py", line 108, in run
    self._target(*self._args, **self._kwargs)
2025-12-30 15:42:06,455 [ERROR]   File "/home/william/LLMCompass_GoldData/software_model/matmul.py", line 1405, in simulate_systolic_array_cycle_count
    cycle_count = look_up_table.loc[
2025-12-30 15:42:06,455 [ERROR]   File "/home/william/LLMCompass_GoldData/software_model/matmul.py", line 1308, in __init__
    self.compute_cycle_count = self.simulate_l1_tile_compute_cycle_count(
2025-12-30 15:42:06,455 [ERROR]   File "/home/william/LLMCompass_GoldData/ae/figure8/change_memory_bw.py", line 103, in test_memory_bandwidth
    auto_regression_latency_simulated = model_auto_regression.compile_and_simulate(
2025-12-30 15:42:06,455 [ERROR]   File "/home/william/miniconda3/envs/llmcompass/lib/python3.9/site-packages/pandas/core/indexing.py", line 1185, in __getitem__
    return self._getitem_tuple(key)
2025-12-30 15:42:06,455 [ERROR]   File "/home/william/LLMCompass_GoldData/software_model/matmul.py", line 1338, in simulate_l1_tile_compute_cycle_count
    Matmul.simulate_systolic_array_cycle_count(
2025-12-30 15:42:06,455 [ERROR]   File "/home/william/LLMCompass_GoldData/software_model/transformer.py", line 558, in compile_and_simulate
    self.Q_proj.compile_and_simulate(pcb, compile_mode)
2025-12-30 15:42:06,455 [ERROR]   File "/home/william/miniconda3/envs/llmcompass/lib/python3.9/site-packages/pandas/core/indexing.py", line 1369, in _getitem_tuple
    return self._getitem_lowerdim(tup)
2025-12-30 15:42:06,455 [ERROR]   File "/home/william/LLMCompass_GoldData/software_model/matmul.py", line 1405, in simulate_systolic_array_cycle_count
    cycle_count = look_up_table.loc[
2025-12-30 15:42:06,455 [ERROR]   File "/home/william/LLMCompass_GoldData/software_model/matmul.py", line 583, in compile_and_simulate
    cycle_count = self.simulate(
2025-12-30 15:42:06,455 [ERROR]   File "/home/william/miniconda3/envs/llmcompass/lib/python3.9/site-packages/pandas/core/indexing.py", line 1042, in _getitem_lowerdim
    return self._getitem_nested_tuple(tup)
2025-12-30 15:42:06,455 [ERROR]   File "/home/william/miniconda3/envs/llmcompass/lib/python3.9/site-packages/pandas/core/indexing.py", line 1185, in __getitem__
    return self._getitem_tuple(key)
2025-12-30 15:42:06,455 [ERROR]   File "/home/william/LLMCompass_GoldData/software_model/matmul.py", line 749, in simulate
    self.look_up_table = pd.read_csv(
2025-12-30 15:42:06,455 [ERROR]   File "/home/william/miniconda3/envs/llmcompass/lib/python3.9/site-packages/pandas/core/indexing.py", line 1154, in _getitem_nested_tuple
    obj = getattr(obj, self.name)._getitem_axis(key, axis=axis)
2025-12-30 15:42:06,455 [ERROR]   File "/home/william/miniconda3/envs/llmcompass/lib/python3.9/site-packages/pandas/core/indexing.py", line 1369, in _getitem_tuple
    return self._getitem_lowerdim(tup)
2025-12-30 15:42:06,455 [ERROR]   File "/home/william/miniconda3/envs/llmcompass/lib/python3.9/site-packages/pandas/io/parsers/readers.py", line 1026, in read_csv
    return _read(filepath_or_buffer, kwds)
2025-12-30 15:42:06,455 [ERROR]   File "/home/william/miniconda3/envs/llmcompass/lib/python3.9/site-packages/pandas/core/indexing.py", line 1432, in _getitem_axis
    return self._get_label(key, axis=axis)
2025-12-30 15:42:06,455 [ERROR]   File "/home/william/miniconda3/envs/llmcompass/lib/python3.9/site-packages/pandas/core/indexing.py", line 1042, in _getitem_lowerdim
    return self._getitem_nested_tuple(tup)
2025-12-30 15:42:06,455 [ERROR]   File "/home/william/miniconda3/envs/llmcompass/lib/python3.9/site-packages/pandas/io/parsers/readers.py", line 626, in _read
    return parser.read(nrows)
2025-12-30 15:42:06,455 [ERROR]   File "/home/william/miniconda3/envs/llmcompass/lib/python3.9/site-packages/pandas/core/indexing.py", line 1382, in _get_label
    return self.obj.xs(label, axis=axis)
2025-12-30 15:42:06,455 [ERROR]   File "/home/william/miniconda3/envs/llmcompass/lib/python3.9/site-packages/pandas/core/indexing.py", line 1154, in _getitem_nested_tuple
    obj = getattr(obj, self.name)._getitem_axis(key, axis=axis)
2025-12-30 15:42:06,455 [ERROR]   File "/home/william/miniconda3/envs/llmcompass/lib/python3.9/site-packages/pandas/io/parsers/readers.py", line 1968, in read
    df = DataFrame(
2025-12-30 15:42:06,455 [ERROR]   File "/home/william/miniconda3/envs/llmcompass/lib/python3.9/site-packages/pandas/core/generic.py", line 4315, in xs
    loc, new_index = index._get_loc_level(key, level=0)
2025-12-30 15:42:06,455 [ERROR]   File "/home/william/miniconda3/envs/llmcompass/lib/python3.9/site-packages/pandas/core/indexing.py", line 1432, in _getitem_axis
    return self._get_label(key, axis=axis)
2025-12-30 15:42:06,455 [ERROR]   File "/home/william/miniconda3/envs/llmcompass/lib/python3.9/site-packages/pandas/core/frame.py", line 782, in __init__
    mgr = dict_to_mgr(data, index, columns, dtype=dtype, copy=copy, typ=manager)
2025-12-30 15:42:06,455 [ERROR]   File "/home/william/miniconda3/envs/llmcompass/lib/python3.9/site-packages/pandas/core/indexes/multi.py", line 3239, in _get_loc_level
    return (self._engine.get_loc(key), None)
2025-12-30 15:42:06,455 [ERROR]   File "/home/william/miniconda3/envs/llmcompass/lib/python3.9/site-packages/pandas/core/indexing.py", line 1382, in _get_label
    return self.obj.xs(label, axis=axis)
2025-12-30 15:42:06,455 [ERROR]   File "/home/william/miniconda3/envs/llmcompass/lib/python3.9/site-packages/pandas/core/internals/construction.py", line 443, in dict_to_mgr
    arrays = Series(data, index=columns, dtype=object)
2025-12-30 15:42:06,455 [ERROR]   File "pandas/_libs/index.pyx", line 792, in pandas._libs.index.BaseMultiIndexCodesEngine.get_loc
2025-12-30 15:42:06,455 [ERROR]   File "/home/william/miniconda3/envs/llmcompass/lib/python3.9/site-packages/pandas/core/generic.py", line 4315, in xs
    loc, new_index = index._get_loc_level(key, level=0)
2025-12-30 15:42:06,455 [ERROR]   File "/home/william/miniconda3/envs/llmcompass/lib/python3.9/site-packages/pandas/core/series.py", line 540, in __init__
    data, index = self._init_dict(data, index, dtype)
2025-12-30 15:42:06,455 [ERROR]   File "/home/william/miniconda3/envs/llmcompass/lib/python3.9/site-packages/pandas/core/indexes/multi.py", line 155, in _codes_to_ints
    codes <<= self.offsets
2025-12-30 15:42:06,455 [ERROR]   File "/home/william/miniconda3/envs/llmcompass/lib/python3.9/site-packages/pandas/core/series.py", line 654, in _init_dict
    s = Series(values, index=keys, dtype=dtype)
2025-12-30 15:42:06,455 [ERROR]   File "/home/william/miniconda3/envs/llmcompass/lib/python3.9/site-packages/pandas/core/indexes/multi.py", line 3235, in _get_loc_level
    if not any(isinstance(k, slice) for k in key):
2025-12-30 15:42:06,455 [ERROR]   File "/home/william/miniconda3/envs/llmcompass/lib/python3.9/site-packages/pandas/core/series.py", line 589, in __init__
    manager = _get_option("mode.data_manager", silent=True)
2025-12-30 15:42:06,455 [ERROR] KeyboardInterrupt
2025-12-30 15:42:06,455 [ERROR] KeyboardInterrupt
2025-12-30 15:42:06,455 [ERROR]   File "/home/william/miniconda3/envs/llmcompass/lib/python3.9/site-packages/pandas/_config/config.py", line 146, in _get_option
    key = _get_single_key(pat, silent)
2025-12-30 15:42:06,455 [ERROR]   File "/home/william/miniconda3/envs/llmcompass/lib/python3.9/site-packages/pandas/_config/config.py", line 140, in _get_single_key
    key = _translate_key(key)
2025-12-30 15:42:06,455 [ERROR]   File "/home/william/miniconda3/envs/llmcompass/lib/python3.9/site-packages/pandas/_config/config.py", line 682, in _translate_key
    if d:
2025-12-30 15:42:06,455 [ERROR] KeyboardInterrupt
2025-12-30 15:42:06,456 [ERROR] Process Process-523:
2025-12-30 15:42:06,457 [ERROR] Traceback (most recent call last):
2025-12-30 15:42:06,457 [ERROR]   File "/home/william/miniconda3/envs/llmcompass/lib/python3.9/multiprocessing/process.py", line 315, in _bootstrap
    self.run()
2025-12-30 15:42:06,457 [ERROR]   File "/home/william/miniconda3/envs/llmcompass/lib/python3.9/multiprocessing/process.py", line 108, in run
    self._target(*self._args, **self._kwargs)
2025-12-30 15:42:06,457 [ERROR]   File "/home/william/LLMCompass_GoldData/ae/figure8/change_memory_bw.py", line 103, in test_memory_bandwidth
    auto_regression_latency_simulated = model_auto_regression.compile_and_simulate(
2025-12-30 15:42:06,457 [ERROR]   File "/home/william/LLMCompass_GoldData/software_model/transformer.py", line 558, in compile_and_simulate
    self.Q_proj.compile_and_simulate(pcb, compile_mode)
2025-12-30 15:42:06,457 [ERROR]   File "/home/william/LLMCompass_GoldData/software_model/matmul.py", line 583, in compile_and_simulate
    cycle_count = self.simulate(
2025-12-30 15:42:06,457 [ERROR]   File "/home/william/LLMCompass_GoldData/software_model/matmul.py", line 749, in simulate
    self.look_up_table = pd.read_csv(
2025-12-30 15:42:06,457 [ERROR]   File "/home/william/miniconda3/envs/llmcompass/lib/python3.9/site-packages/pandas/io/parsers/readers.py", line 1026, in read_csv
    return _read(filepath_or_buffer, kwds)
2025-12-30 15:42:06,457 [ERROR]   File "/home/william/miniconda3/envs/llmcompass/lib/python3.9/site-packages/pandas/io/parsers/readers.py", line 626, in _read
    return parser.read(nrows)
2025-12-30 15:42:06,457 [ERROR]   File "/home/william/miniconda3/envs/llmcompass/lib/python3.9/site-packages/pandas/io/parsers/readers.py", line 1923, in read
    ) = self._engine.read(  # type: ignore[attr-defined]
2025-12-30 15:42:06,457 [ERROR]   File "/home/william/miniconda3/envs/llmcompass/lib/python3.9/site-packages/pandas/io/parsers/c_parser_wrapper.py", line 234, in read
    chunks = self._reader.read_low_memory(nrows)
2025-12-30 15:42:06,457 [ERROR] KeyboardInterrupt
2025-12-30 15:42:06,663 [ERROR] Process Process-527:
2025-12-30 15:42:06,663 [ERROR] Process Process-526:
2025-12-30 15:42:06,663 [ERROR] Process Process-537:
2025-12-30 15:42:06,663 [ERROR] Process Process-528:
2025-12-30 15:42:06,663 [ERROR] Process Process-544:
2025-12-30 15:42:06,663 [ERROR] Process Process-542:
2025-12-30 15:42:06,663 [ERROR] Process Process-543:
2025-12-30 15:42:06,663 [ERROR] Process Process-532:
2025-12-30 15:42:06,663 [ERROR] Process Process-535:
2025-12-30 15:42:06,663 [ERROR] Process Process-553:
2025-12-30 15:42:06,663 [ERROR] Process Process-547:
2025-12-30 15:42:06,663 [ERROR] Process Process-529:
2025-12-30 15:42:06,663 [ERROR] Process Process-550:
2025-12-30 15:42:06,663 [ERROR] Process Process-548:
2025-12-30 15:42:06,663 [ERROR] Process Process-533:
2025-12-30 15:42:06,663 [ERROR] Process Process-539:
2025-12-30 15:42:06,663 [ERROR] Process Process-540:
2025-12-30 15:42:06,663 [ERROR] Process Process-531:
2025-12-30 15:42:06,663 [ERROR] Process Process-556:
2025-12-30 15:42:06,663 [ERROR] Process Process-534:
2025-12-30 15:42:06,663 [ERROR] Process Process-541:
2025-12-30 15:42:06,663 [ERROR] Process Process-549:
2025-12-30 15:42:06,663 [ERROR] Process Process-536:
2025-12-30 15:42:06,663 [ERROR] Process Process-546:
2025-12-30 15:42:06,663 [ERROR] Process Process-530:
2025-12-30 15:42:06,663 [ERROR] Process Process-545:
2025-12-30 15:42:06,663 [ERROR] Process Process-551:
2025-12-30 15:42:06,663 [ERROR] Process Process-538:
2025-12-30 15:42:06,663 [ERROR] Traceback (most recent call last):
2025-12-30 15:42:06,663 [ERROR]   File "/home/william/miniconda3/envs/llmcompass/lib/python3.9/multiprocessing/process.py", line 315, in _bootstrap
    self.run()
2025-12-30 15:42:06,663 [ERROR]   File "/home/william/miniconda3/envs/llmcompass/lib/python3.9/multiprocessing/process.py", line 108, in run
    self._target(*self._args, **self._kwargs)
2025-12-30 15:42:06,663 [ERROR] Traceback (most recent call last):
2025-12-30 15:42:06,663 [ERROR]   File "/home/william/LLMCompass_GoldData/ae/figure8/change_memory_bw.py", line 103, in test_memory_bandwidth
    auto_regression_latency_simulated = model_auto_regression.compile_and_simulate(
2025-12-30 15:42:06,663 [ERROR] Traceback (most recent call last):
2025-12-30 15:42:06,663 [ERROR]   File "/home/william/LLMCompass_GoldData/software_model/transformer.py", line 558, in compile_and_simulate
    self.Q_proj.compile_and_simulate(pcb, compile_mode)
2025-12-30 15:42:06,664 [ERROR]   File "/home/william/miniconda3/envs/llmcompass/lib/python3.9/multiprocessing/process.py", line 315, in _bootstrap
    self.run()
2025-12-30 15:42:06,664 [ERROR]   File "/home/william/LLMCompass_GoldData/software_model/matmul.py", line 583, in compile_and_simulate
    cycle_count = self.simulate(
2025-12-30 15:42:06,664 [ERROR] Traceback (most recent call last):
2025-12-30 15:42:06,664 [ERROR] Traceback (most recent call last):
2025-12-30 15:42:06,663 [ERROR] Traceback (most recent call last):
2025-12-30 15:42:06,664 [ERROR]   File "/home/william/miniconda3/envs/llmcompass/lib/python3.9/multiprocessing/process.py", line 108, in run
    self._target(*self._args, **self._kwargs)
2025-12-30 15:42:06,664 [ERROR]   File "/home/william/LLMCompass_GoldData/software_model/matmul.py", line 846, in simulate
    l2_tiles[:M_l2_t, :N_l2_t, -1] = self.L2TileSimulator(
2025-12-30 15:42:06,663 [ERROR] Traceback (most recent call last):
2025-12-30 15:42:06,664 [ERROR] Traceback (most recent call last):
2025-12-30 15:42:06,664 [ERROR]   File "/home/william/miniconda3/envs/llmcompass/lib/python3.9/multiprocessing/process.py", line 315, in _bootstrap
    self.run()
2025-12-30 15:42:06,664 [ERROR] Traceback (most recent call last):
2025-12-30 15:42:06,664 [ERROR] Traceback (most recent call last):
2025-12-30 15:42:06,664 [ERROR]   File "/home/william/miniconda3/envs/llmcompass/lib/python3.9/multiprocessing/process.py", line 315, in _bootstrap
    self.run()
2025-12-30 15:42:06,664 [ERROR]   File "/home/william/LLMCompass_GoldData/software_model/matmul.py", line 1005, in __init__
    self.compute_cycle_count = self.simulate_l2_tile_compute_cycle_count(
2025-12-30 15:42:06,664 [ERROR]   File "/home/william/LLMCompass_GoldData/ae/figure8/change_memory_bw.py", line 103, in test_memory_bandwidth
    auto_regression_latency_simulated = model_auto_regression.compile_and_simulate(
2025-12-30 15:42:06,664 [ERROR] Traceback (most recent call last):
2025-12-30 15:42:06,664 [ERROR]   File "/home/william/miniconda3/envs/llmcompass/lib/python3.9/multiprocessing/process.py", line 315, in _bootstrap
    self.run()
2025-12-30 15:42:06,664 [ERROR] Traceback (most recent call last):
2025-12-30 15:42:06,664 [ERROR]   File "/home/william/miniconda3/envs/llmcompass/lib/python3.9/multiprocessing/process.py", line 315, in _bootstrap
    self.run()
2025-12-30 15:42:06,664 [ERROR]   File "/home/william/miniconda3/envs/llmcompass/lib/python3.9/multiprocessing/process.py", line 108, in run
    self._target(*self._args, **self._kwargs)
2025-12-30 15:42:06,664 [ERROR]   File "/home/william/LLMCompass_GoldData/software_model/matmul.py", line 1224, in simulate_l2_tile_compute_cycle_count
    current_batch_compute_cycle_count = max(
2025-12-30 15:42:06,664 [ERROR]   File "/home/william/LLMCompass_GoldData/software_model/transformer.py", line 558, in compile_and_simulate
    self.Q_proj.compile_and_simulate(pcb, compile_mode)
2025-12-30 15:42:06,664 [ERROR]   File "/home/william/miniconda3/envs/llmcompass/lib/python3.9/multiprocessing/process.py", line 108, in run
    self._target(*self._args, **self._kwargs)
2025-12-30 15:42:06,664 [ERROR]   File "/home/william/miniconda3/envs/llmcompass/lib/python3.9/multiprocessing/process.py", line 315, in _bootstrap
    self.run()
2025-12-30 15:42:06,664 [ERROR]   File "/home/william/miniconda3/envs/llmcompass/lib/python3.9/multiprocessing/process.py", line 315, in _bootstrap
    self.run()
2025-12-30 15:42:06,664 [ERROR]   File "/home/william/miniconda3/envs/llmcompass/lib/python3.9/multiprocessing/process.py", line 315, in _bootstrap
    self.run()
2025-12-30 15:42:06,664 [ERROR]   File "/home/william/miniconda3/envs/llmcompass/lib/python3.9/multiprocessing/process.py", line 108, in run
    self._target(*self._args, **self._kwargs)
2025-12-30 15:42:06,664 [ERROR] Process Process-555:
2025-12-30 15:42:06,664 [ERROR]   File "/home/william/LLMCompass_GoldData/software_model/matmul.py", line 583, in compile_and_simulate
    cycle_count = self.simulate(
2025-12-30 15:42:06,664 [ERROR] Traceback (most recent call last):
2025-12-30 15:42:06,664 [ERROR]   File "/home/william/LLMCompass_GoldData/ae/figure8/change_memory_bw.py", line 103, in test_memory_bandwidth
    auto_regression_latency_simulated = model_auto_regression.compile_and_simulate(
2025-12-30 15:42:06,664 [ERROR] KeyboardInterrupt
2025-12-30 15:42:06,664 [ERROR]   File "/home/william/LLMCompass_GoldData/ae/figure8/change_memory_bw.py", line 103, in test_memory_bandwidth
    auto_regression_latency_simulated = model_auto_regression.compile_and_simulate(
2025-12-30 15:42:06,664 [ERROR]   File "/home/william/miniconda3/envs/llmcompass/lib/python3.9/multiprocessing/process.py", line 315, in _bootstrap
    self.run()
2025-12-30 15:42:06,664 [ERROR] Traceback (most recent call last):
2025-12-30 15:42:06,664 [ERROR]   File "/home/william/miniconda3/envs/llmcompass/lib/python3.9/multiprocessing/process.py", line 315, in _bootstrap
    self.run()
2025-12-30 15:42:06,664 [ERROR] Traceback (most recent call last):
2025-12-30 15:42:06,664 [ERROR]   File "/home/william/miniconda3/envs/llmcompass/lib/python3.9/multiprocessing/process.py", line 108, in run
    self._target(*self._args, **self._kwargs)
2025-12-30 15:42:06,664 [ERROR]   File "/home/william/miniconda3/envs/llmcompass/lib/python3.9/multiprocessing/process.py", line 108, in run
    self._target(*self._args, **self._kwargs)
2025-12-30 15:42:06,664 [ERROR]   File "/home/william/miniconda3/envs/llmcompass/lib/python3.9/multiprocessing/process.py", line 108, in run
    self._target(*self._args, **self._kwargs)
2025-12-30 15:42:06,664 [ERROR] Traceback (most recent call last):
2025-12-30 15:42:06,664 [ERROR]   File "/home/william/miniconda3/envs/llmcompass/lib/python3.9/multiprocessing/process.py", line 315, in _bootstrap
    self.run()
2025-12-30 15:42:06,664 [ERROR]   File "/home/william/LLMCompass_GoldData/ae/figure8/change_memory_bw.py", line 103, in test_memory_bandwidth
    auto_regression_latency_simulated = model_auto_regression.compile_and_simulate(
2025-12-30 15:42:06,664 [ERROR]   File "/home/william/miniconda3/envs/llmcompass/lib/python3.9/multiprocessing/process.py", line 108, in run
    self._target(*self._args, **self._kwargs)
2025-12-30 15:42:06,664 [ERROR]   File "/home/william/LLMCompass_GoldData/software_model/matmul.py", line 905, in simulate
    for m, n, k in self.generate_tile_loops(
2025-12-30 15:42:06,664 [ERROR] Traceback (most recent call last):
2025-12-30 15:42:06,664 [ERROR]   File "/home/william/LLMCompass_GoldData/software_model/transformer.py", line 558, in compile_and_simulate
    self.Q_proj.compile_and_simulate(pcb, compile_mode)
2025-12-30 15:42:06,664 [ERROR]   File "/home/william/miniconda3/envs/llmcompass/lib/python3.9/multiprocessing/process.py", line 108, in run
    self._target(*self._args, **self._kwargs)
2025-12-30 15:42:06,664 [ERROR]   File "/home/william/LLMCompass_GoldData/software_model/transformer.py", line 558, in compile_and_simulate
    self.Q_proj.compile_and_simulate(pcb, compile_mode)
2025-12-30 15:42:06,664 [ERROR]   File "/home/william/miniconda3/envs/llmcompass/lib/python3.9/multiprocessing/process.py", line 315, in _bootstrap
    self.run()
2025-12-30 15:42:06,664 [ERROR] Traceback (most recent call last):
2025-12-30 15:42:06,664 [ERROR] Traceback (most recent call last):
2025-12-30 15:42:06,664 [ERROR]   File "/home/william/miniconda3/envs/llmcompass/lib/python3.9/multiprocessing/process.py", line 108, in run
    self._target(*self._args, **self._kwargs)
2025-12-30 15:42:06,664 [ERROR]   File "/home/william/LLMCompass_GoldData/ae/figure8/change_memory_bw.py", line 103, in test_memory_bandwidth
    auto_regression_latency_simulated = model_auto_regression.compile_and_simulate(
2025-12-30 15:42:06,664 [ERROR]   File "/home/william/LLMCompass_GoldData/ae/figure8/change_memory_bw.py", line 103, in test_memory_bandwidth
    auto_regression_latency_simulated = model_auto_regression.compile_and_simulate(
2025-12-30 15:42:06,664 [ERROR]   File "/home/william/miniconda3/envs/llmcompass/lib/python3.9/multiprocessing/process.py", line 315, in _bootstrap
    self.run()
2025-12-30 15:42:06,664 [ERROR]   File "/home/william/LLMCompass_GoldData/software_model/transformer.py", line 558, in compile_and_simulate
    self.Q_proj.compile_and_simulate(pcb, compile_mode)
2025-12-30 15:42:06,664 [ERROR]   File "/home/william/LLMCompass_GoldData/ae/figure8/change_memory_bw.py", line 103, in test_memory_bandwidth
    auto_regression_latency_simulated = model_auto_regression.compile_and_simulate(
2025-12-30 15:42:06,664 [ERROR]   File "/home/william/LLMCompass_GoldData/software_model/matmul.py", line 198, in generate_tile_loops
    for m in range(loop_M):
2025-12-30 15:42:06,664 [ERROR]   File "/home/william/miniconda3/envs/llmcompass/lib/python3.9/multiprocessing/process.py", line 108, in run
    self._target(*self._args, **self._kwargs)
2025-12-30 15:42:06,664 [ERROR] Traceback (most recent call last):
2025-12-30 15:42:06,664 [ERROR]   File "/home/william/LLMCompass_GoldData/ae/figure8/change_memory_bw.py", line 103, in test_memory_bandwidth
    auto_regression_latency_simulated = model_auto_regression.compile_and_simulate(
2025-12-30 15:42:06,664 [ERROR]   File "/home/william/miniconda3/envs/llmcompass/lib/python3.9/multiprocessing/process.py", line 315, in _bootstrap
    self.run()
2025-12-30 15:42:06,664 [ERROR]   File "/home/william/miniconda3/envs/llmcompass/lib/python3.9/multiprocessing/process.py", line 315, in _bootstrap
    self.run()
2025-12-30 15:42:06,664 [ERROR]   File "/home/william/LLMCompass_GoldData/software_model/matmul.py", line 583, in compile_and_simulate
    cycle_count = self.simulate(
2025-12-30 15:42:06,664 [ERROR]   File "/home/william/LLMCompass_GoldData/ae/figure8/change_memory_bw.py", line 103, in test_memory_bandwidth
    auto_regression_latency_simulated = model_auto_regression.compile_and_simulate(
2025-12-30 15:42:06,664 [ERROR]   File "/home/william/LLMCompass_GoldData/software_model/matmul.py", line 583, in compile_and_simulate
    cycle_count = self.simulate(
2025-12-30 15:42:06,664 [ERROR] Traceback (most recent call last):
2025-12-30 15:42:06,664 [ERROR] Traceback (most recent call last):
2025-12-30 15:42:06,664 [ERROR]   File "/home/william/miniconda3/envs/llmcompass/lib/python3.9/multiprocessing/process.py", line 108, in run
    self._target(*self._args, **self._kwargs)
2025-12-30 15:42:06,664 [ERROR]   File "/home/william/LLMCompass_GoldData/ae/figure8/change_memory_bw.py", line 103, in test_memory_bandwidth
    auto_regression_latency_simulated = model_auto_regression.compile_and_simulate(
2025-12-30 15:42:06,664 [ERROR]   File "/home/william/miniconda3/envs/llmcompass/lib/python3.9/multiprocessing/process.py", line 315, in _bootstrap
    self.run()
2025-12-30 15:42:06,664 [ERROR]   File "/home/william/LLMCompass_GoldData/software_model/transformer.py", line 558, in compile_and_simulate
    self.Q_proj.compile_and_simulate(pcb, compile_mode)
2025-12-30 15:42:06,664 [ERROR]   File "/home/william/miniconda3/envs/llmcompass/lib/python3.9/multiprocessing/process.py", line 315, in _bootstrap
    self.run()
2025-12-30 15:42:06,664 [ERROR] Traceback (most recent call last):
2025-12-30 15:42:06,664 [ERROR]   File "/home/william/LLMCompass_GoldData/software_model/transformer.py", line 558, in compile_and_simulate
    self.Q_proj.compile_and_simulate(pcb, compile_mode)
2025-12-30 15:42:06,664 [ERROR]   File "/home/william/LLMCompass_GoldData/software_model/matmul.py", line 583, in compile_and_simulate
    cycle_count = self.simulate(
2025-12-30 15:42:06,664 [ERROR]   File "/home/william/miniconda3/envs/llmcompass/lib/python3.9/multiprocessing/process.py", line 315, in _bootstrap
    self.run()
2025-12-30 15:42:06,664 [ERROR]   File "/home/william/miniconda3/envs/llmcompass/lib/python3.9/multiprocessing/process.py", line 108, in run
    self._target(*self._args, **self._kwargs)
2025-12-30 15:42:06,664 [ERROR] KeyboardInterrupt
2025-12-30 15:42:06,664 [ERROR]   File "/home/william/LLMCompass_GoldData/ae/figure8/change_memory_bw.py", line 103, in test_memory_bandwidth
    auto_regression_latency_simulated = model_auto_regression.compile_and_simulate(
2025-12-30 15:42:06,664 [ERROR]   File "/home/william/LLMCompass_GoldData/software_model/transformer.py", line 558, in compile_and_simulate
    self.Q_proj.compile_and_simulate(pcb, compile_mode)
2025-12-30 15:42:06,664 [ERROR]   File "/home/william/LLMCompass_GoldData/software_model/transformer.py", line 558, in compile_and_simulate
    self.Q_proj.compile_and_simulate(pcb, compile_mode)
2025-12-30 15:42:06,664 [ERROR]   File "/home/william/LLMCompass_GoldData/software_model/matmul.py", line 950, in simulate
    current_tile_read_cycle_count
2025-12-30 15:42:06,664 [ERROR]   File "/home/william/LLMCompass_GoldData/software_model/transformer.py", line 558, in compile_and_simulate
    self.Q_proj.compile_and_simulate(pcb, compile_mode)
2025-12-30 15:42:06,664 [ERROR]   File "/home/william/miniconda3/envs/llmcompass/lib/python3.9/multiprocessing/process.py", line 108, in run
    self._target(*self._args, **self._kwargs)
2025-12-30 15:42:06,664 [ERROR]   File "/home/william/miniconda3/envs/llmcompass/lib/python3.9/multiprocessing/process.py", line 108, in run
    self._target(*self._args, **self._kwargs)
2025-12-30 15:42:06,664 [ERROR]   File "/home/william/LLMCompass_GoldData/software_model/matmul.py", line 905, in simulate
    for m, n, k in self.generate_tile_loops(
2025-12-30 15:42:06,664 [ERROR]   File "/home/william/miniconda3/envs/llmcompass/lib/python3.9/multiprocessing/process.py", line 315, in _bootstrap
    self.run()
2025-12-30 15:42:06,664 [ERROR]   File "/home/william/LLMCompass_GoldData/ae/figure8/change_memory_bw.py", line 103, in test_memory_bandwidth
    auto_regression_latency_simulated = model_auto_regression.compile_and_simulate(
2025-12-30 15:42:06,664 [ERROR]   File "/home/william/LLMCompass_GoldData/software_model/matmul.py", line 583, in compile_and_simulate
    cycle_count = self.simulate(
2025-12-30 15:42:06,664 [ERROR]   File "/home/william/LLMCompass_GoldData/software_model/transformer.py", line 558, in compile_and_simulate
    self.Q_proj.compile_and_simulate(pcb, compile_mode)
2025-12-30 15:42:06,664 [ERROR]   File "/home/william/LLMCompass_GoldData/software_model/matmul.py", line 583, in compile_and_simulate
    cycle_count = self.simulate(
2025-12-30 15:42:06,664 [ERROR]   File "/home/william/miniconda3/envs/llmcompass/lib/python3.9/multiprocessing/process.py", line 108, in run
    self._target(*self._args, **self._kwargs)
2025-12-30 15:42:06,664 [ERROR]   File "/home/william/miniconda3/envs/llmcompass/lib/python3.9/multiprocessing/process.py", line 108, in run
    self._target(*self._args, **self._kwargs)
2025-12-30 15:42:06,664 [ERROR]   File "/home/william/LLMCompass_GoldData/software_model/matmul.py", line 583, in compile_and_simulate
    cycle_count = self.simulate(
2025-12-30 15:42:06,664 [ERROR]   File "/home/william/LLMCompass_GoldData/software_model/matmul.py", line 943, in simulate
    max(
2025-12-30 15:42:06,664 [ERROR]   File "/home/william/LLMCompass_GoldData/software_model/matmul.py", line 919, in simulate
    current_tile_read_cycle_count = l2_tile.K_N_io_cycle_count
2025-12-30 15:42:06,664 [ERROR]   File "/home/william/miniconda3/envs/llmcompass/lib/python3.9/multiprocessing/process.py", line 315, in _bootstrap
    self.run()
2025-12-30 15:42:06,664 [ERROR]   File "/home/william/miniconda3/envs/llmcompass/lib/python3.9/multiprocessing/process.py", line 315, in _bootstrap
    self.run()
2025-12-30 15:42:06,664 [ERROR]   File "/home/william/LLMCompass_GoldData/software_model/transformer.py", line 558, in compile_and_simulate
    self.Q_proj.compile_and_simulate(pcb, compile_mode)
2025-12-30 15:42:06,664 [ERROR]   File "/home/william/miniconda3/envs/llmcompass/lib/python3.9/multiprocessing/process.py", line 108, in run
    self._target(*self._args, **self._kwargs)
2025-12-30 15:42:06,664 [ERROR]   File "/home/william/LLMCompass_GoldData/ae/figure8/change_memory_bw.py", line 103, in test_memory_bandwidth
    auto_regression_latency_simulated = model_auto_regression.compile_and_simulate(
2025-12-30 15:42:06,664 [ERROR]   File "/home/william/miniconda3/envs/llmcompass/lib/python3.9/multiprocessing/process.py", line 315, in _bootstrap
    self.run()
2025-12-30 15:42:06,664 [ERROR]   File "/home/william/LLMCompass_GoldData/software_model/matmul.py", line 583, in compile_and_simulate
    cycle_count = self.simulate(
2025-12-30 15:42:06,664 [ERROR] KeyboardInterrupt
2025-12-30 15:42:06,664 [ERROR]   File "/home/william/LLMCompass_GoldData/software_model/matmul.py", line 583, in compile_and_simulate
    cycle_count = self.simulate(
2025-12-30 15:42:06,664 [ERROR]   File "/home/william/LLMCompass_GoldData/ae/figure8/change_memory_bw.py", line 103, in test_memory_bandwidth
    auto_regression_latency_simulated = model_auto_regression.compile_and_simulate(
2025-12-30 15:42:06,664 [ERROR]   File "/home/william/LLMCompass_GoldData/software_model/matmul.py", line 198, in generate_tile_loops
    for m in range(loop_M):
2025-12-30 15:42:06,664 [ERROR]   File "/home/william/LLMCompass_GoldData/ae/figure8/change_memory_bw.py", line 103, in test_memory_bandwidth
    auto_regression_latency_simulated = model_auto_regression.compile_and_simulate(
2025-12-30 15:42:06,664 [ERROR]   File "/home/william/miniconda3/envs/llmcompass/lib/python3.9/multiprocessing/process.py", line 108, in run
    self._target(*self._args, **self._kwargs)
2025-12-30 15:42:06,664 [ERROR]   File "/home/william/LLMCompass_GoldData/software_model/transformer.py", line 558, in compile_and_simulate
    self.Q_proj.compile_and_simulate(pcb, compile_mode)
2025-12-30 15:42:06,664 [ERROR]   File "/home/william/LLMCompass_GoldData/software_model/matmul.py", line 583, in compile_and_simulate
    cycle_count = self.simulate(
2025-12-30 15:42:06,664 [ERROR]   File "/home/william/LLMCompass_GoldData/software_model/matmul.py", line 930, in simulate
    if k > 0:
2025-12-30 15:42:06,664 [ERROR]   File "/home/william/LLMCompass_GoldData/software_model/matmul.py", line 905, in simulate
    for m, n, k in self.generate_tile_loops(
2025-12-30 15:42:06,664 [ERROR]   File "/home/william/LLMCompass_GoldData/ae/figure8/change_memory_bw.py", line 103, in test_memory_bandwidth
    auto_regression_latency_simulated = model_auto_regression.compile_and_simulate(
2025-12-30 15:42:06,664 [ERROR]   File "/home/william/LLMCompass_GoldData/ae/figure8/change_memory_bw.py", line 103, in test_memory_bandwidth
    auto_regression_latency_simulated = model_auto_regression.compile_and_simulate(
2025-12-30 15:42:06,664 [ERROR] KeyboardInterrupt
2025-12-30 15:42:06,664 [ERROR] KeyboardInterrupt
2025-12-30 15:42:06,664 [ERROR]   File "/home/william/LLMCompass_GoldData/software_model/matmul.py", line 583, in compile_and_simulate
    cycle_count = self.simulate(
2025-12-30 15:42:06,664 [ERROR]   File "/home/william/LLMCompass_GoldData/software_model/matmul.py", line 198, in generate_tile_loops
    for m in range(loop_M):
2025-12-30 15:42:06,664 [ERROR]   File "/home/william/miniconda3/envs/llmcompass/lib/python3.9/multiprocessing/process.py", line 108, in run
    self._target(*self._args, **self._kwargs)
2025-12-30 15:42:06,664 [ERROR]   File "/home/william/miniconda3/envs/llmcompass/lib/python3.9/multiprocessing/process.py", line 108, in run
    self._target(*self._args, **self._kwargs)
2025-12-30 15:42:06,664 [ERROR]   File "/home/william/LLMCompass_GoldData/software_model/matmul.py", line 826, in simulate
    l2_tiles[-1, :N_l2_t, :K_l2_t] = self.L2TileSimulator(
2025-12-30 15:42:06,664 [ERROR]   File "/home/william/LLMCompass_GoldData/software_model/transformer.py", line 573, in compile_and_simulate
    self.H_matmul0.compile_and_simulate(pcb, compile_mode)
2025-12-30 15:42:06,664 [ERROR]   File "/home/william/LLMCompass_GoldData/ae/figure8/change_memory_bw.py", line 103, in test_memory_bandwidth
    auto_regression_latency_simulated = model_auto_regression.compile_and_simulate(
2025-12-30 15:42:06,664 [ERROR]   File "/home/william/LLMCompass_GoldData/software_model/transformer.py", line 558, in compile_and_simulate
    self.Q_proj.compile_and_simulate(pcb, compile_mode)
2025-12-30 15:42:06,664 [ERROR]   File "/home/william/miniconda3/envs/llmcompass/lib/python3.9/multiprocessing/process.py", line 108, in run
    self._target(*self._args, **self._kwargs)
2025-12-30 15:42:06,664 [ERROR]   File "/home/william/LLMCompass_GoldData/software_model/matmul.py", line 915, in simulate
    previous_l2_tile = l2_tiles[previous_m, previous_n, previous_k]
2025-12-30 15:42:06,664 [ERROR] KeyboardInterrupt
2025-12-30 15:42:06,664 [ERROR]   File "/home/william/LLMCompass_GoldData/ae/figure8/change_memory_bw.py", line 103, in test_memory_bandwidth
    auto_regression_latency_simulated = model_auto_regression.compile_and_simulate(
2025-12-30 15:42:06,664 [ERROR]   File "/home/william/LLMCompass_GoldData/software_model/transformer.py", line 558, in compile_and_simulate
    self.Q_proj.compile_and_simulate(pcb, compile_mode)
2025-12-30 15:42:06,664 [ERROR]   File "/home/william/LLMCompass_GoldData/software_model/matmul.py", line 583, in compile_and_simulate
    cycle_count = self.simulate(
2025-12-30 15:42:06,664 [ERROR]   File "/home/william/LLMCompass_GoldData/software_model/matmul.py", line 938, in simulate
    previous_tile_write_cycle_count = previous_l2_tile.M_N_io_cycle_count
2025-12-30 15:42:06,664 [ERROR] KeyboardInterrupt
2025-12-30 15:42:06,664 [ERROR]   File "/home/william/LLMCompass_GoldData/software_model/matmul.py", line 826, in simulate
    l2_tiles[-1, :N_l2_t, :K_l2_t] = self.L2TileSimulator(
2025-12-30 15:42:06,664 [ERROR]   File "/home/william/LLMCompass_GoldData/software_model/transformer.py", line 558, in compile_and_simulate
    self.Q_proj.compile_and_simulate(pcb, compile_mode)
2025-12-30 15:42:06,664 [ERROR]   File "/home/william/LLMCompass_GoldData/software_model/transformer.py", line 558, in compile_and_simulate
    self.Q_proj.compile_and_simulate(pcb, compile_mode)
2025-12-30 15:42:06,664 [ERROR]   File "/home/william/LLMCompass_GoldData/software_model/transformer.py", line 558, in compile_and_simulate
    self.Q_proj.compile_and_simulate(pcb, compile_mode)
2025-12-30 15:42:06,664 [ERROR]   File "/home/william/LLMCompass_GoldData/software_model/matmul.py", line 1005, in __init__
    self.compute_cycle_count = self.simulate_l2_tile_compute_cycle_count(
2025-12-30 15:42:06,664 [ERROR] KeyboardInterrupt
2025-12-30 15:42:06,664 [ERROR]   File "/home/william/LLMCompass_GoldData/ae/figure8/change_memory_bw.py", line 103, in test_memory_bandwidth
    auto_regression_latency_simulated = model_auto_regression.compile_and_simulate(
2025-12-30 15:42:06,664 [ERROR]   File "/home/william/LLMCompass_GoldData/software_model/matmul.py", line 583, in compile_and_simulate
    cycle_count = self.simulate(
2025-12-30 15:42:06,664 [ERROR] KeyboardInterrupt
2025-12-30 15:42:06,664 [ERROR]   File "/home/william/LLMCompass_GoldData/software_model/matmul.py", line 583, in compile_and_simulate
    cycle_count = self.simulate(
2025-12-30 15:42:06,664 [ERROR]   File "/home/william/LLMCompass_GoldData/ae/figure8/change_memory_bw.py", line 103, in test_memory_bandwidth
    auto_regression_latency_simulated = model_auto_regression.compile_and_simulate(
2025-12-30 15:42:06,664 [ERROR]   File "/home/william/LLMCompass_GoldData/software_model/transformer.py", line 558, in compile_and_simulate
    self.Q_proj.compile_and_simulate(pcb, compile_mode)
2025-12-30 15:42:06,664 [ERROR]   File "/home/william/LLMCompass_GoldData/ae/figure8/change_memory_bw.py", line 103, in test_memory_bandwidth
    auto_regression_latency_simulated = model_auto_regression.compile_and_simulate(
2025-12-30 15:42:06,664 [ERROR]   File "/home/william/LLMCompass_GoldData/software_model/matmul.py", line 583, in compile_and_simulate
    cycle_count = self.simulate(
2025-12-30 15:42:06,664 [ERROR]   File "/home/william/LLMCompass_GoldData/software_model/matmul.py", line 905, in simulate
    for m, n, k in self.generate_tile_loops(
2025-12-30 15:42:06,664 [ERROR]   File "/home/william/LLMCompass_GoldData/software_model/transformer.py", line 558, in compile_and_simulate
    self.Q_proj.compile_and_simulate(pcb, compile_mode)
2025-12-30 15:42:06,664 [ERROR]   File "/home/william/LLMCompass_GoldData/software_model/matmul.py", line 1005, in __init__
    self.compute_cycle_count = self.simulate_l2_tile_compute_cycle_count(
2025-12-30 15:42:06,664 [ERROR] KeyboardInterrupt
2025-12-30 15:42:06,664 [ERROR]   File "/home/william/LLMCompass_GoldData/software_model/matmul.py", line 583, in compile_and_simulate
    cycle_count = self.simulate(
2025-12-30 15:42:06,664 [ERROR]   File "/home/william/LLMCompass_GoldData/software_model/matmul.py", line 1232, in simulate_l2_tile_compute_cycle_count
    (current_batch_Read_M_K * (~previous_batch_Read_M_K))
2025-12-30 15:42:06,664 [ERROR]   File "/home/william/LLMCompass_GoldData/software_model/matmul.py", line 583, in compile_and_simulate
    cycle_count = self.simulate(
2025-12-30 15:42:06,664 [ERROR]   File "/home/william/LLMCompass_GoldData/software_model/matmul.py", line 583, in compile_and_simulate
    cycle_count = self.simulate(
2025-12-30 15:42:06,664 [ERROR]   File "/home/william/LLMCompass_GoldData/software_model/matmul.py", line 926, in simulate
    if k > 0 and not (m == previous_m and n == previous_n):
2025-12-30 15:42:06,664 [ERROR]   File "/home/william/LLMCompass_GoldData/software_model/transformer.py", line 558, in compile_and_simulate
    self.Q_proj.compile_and_simulate(pcb, compile_mode)
2025-12-30 15:42:06,664 [ERROR]   File "/home/william/LLMCompass_GoldData/software_model/matmul.py", line 905, in simulate
    for m, n, k in self.generate_tile_loops(
2025-12-30 15:42:06,664 [ERROR]   File "/home/william/LLMCompass_GoldData/software_model/transformer.py", line 558, in compile_and_simulate
    self.Q_proj.compile_and_simulate(pcb, compile_mode)
2025-12-30 15:42:06,664 [ERROR]   File "/home/william/LLMCompass_GoldData/software_model/matmul.py", line 583, in compile_and_simulate
    cycle_count = self.simulate(
2025-12-30 15:42:06,664 [ERROR]   File "/home/william/LLMCompass_GoldData/software_model/matmul.py", line 826, in simulate
    l2_tiles[-1, :N_l2_t, :K_l2_t] = self.L2TileSimulator(
2025-12-30 15:42:06,664 [ERROR]   File "/home/william/LLMCompass_GoldData/software_model/matmul.py", line 1222, in simulate_l2_tile_compute_cycle_count
    / chiplet_module.compute_module.core.vector_unit.total_vector_flops_per_cycle
2025-12-30 15:42:06,664 [ERROR]   File "/home/william/LLMCompass_GoldData/software_model/matmul.py", line 583, in compile_and_simulate
    cycle_count = self.simulate(
2025-12-30 15:42:06,664 [ERROR]   File "/home/william/LLMCompass_GoldData/software_model/matmul.py", line 826, in simulate
    l2_tiles[-1, :N_l2_t, :K_l2_t] = self.L2TileSimulator(
2025-12-30 15:42:06,664 [ERROR] Traceback (most recent call last):
2025-12-30 15:42:06,664 [ERROR] KeyboardInterrupt
2025-12-30 15:42:06,664 [ERROR] KeyboardInterrupt
2025-12-30 15:42:06,664 [ERROR]   File "/home/william/LLMCompass_GoldData/software_model/matmul.py", line 938, in simulate
    previous_tile_write_cycle_count = previous_l2_tile.M_N_io_cycle_count
2025-12-30 15:42:06,664 [ERROR]   File "/home/william/LLMCompass_GoldData/software_model/matmul.py", line 932, in simulate
    previous_l2_tile.K_reduction_cycle_count
2025-12-30 15:42:06,664 [ERROR] KeyboardInterrupt
2025-12-30 15:42:06,664 [ERROR]   File "/home/william/LLMCompass_GoldData/software_model/matmul.py", line 198, in generate_tile_loops
    for m in range(loop_M):
2025-12-30 15:42:06,664 [ERROR]   File "/home/william/LLMCompass_GoldData/software_model/matmul.py", line 583, in compile_and_simulate
    cycle_count = self.simulate(
2025-12-30 15:42:06,664 [ERROR]   File "/home/william/LLMCompass_GoldData/software_model/matmul.py", line 583, in compile_and_simulate
    cycle_count = self.simulate(
2025-12-30 15:42:06,664 [ERROR]   File "/home/william/LLMCompass_GoldData/software_model/matmul.py", line 1005, in __init__
    self.compute_cycle_count = self.simulate_l2_tile_compute_cycle_count(
2025-12-30 15:42:06,664 [ERROR]   File "/home/william/LLMCompass_GoldData/software_model/matmul.py", line 1005, in __init__
    self.compute_cycle_count = self.simulate_l2_tile_compute_cycle_count(
2025-12-30 15:42:06,664 [ERROR] KeyboardInterrupt
2025-12-30 15:42:06,664 [ERROR]   File "/home/william/LLMCompass_GoldData/software_model/matmul.py", line 914, in simulate
    l2_tile = l2_tiles[m, n, k]
2025-12-30 15:42:06,664 [ERROR]   File "/home/william/LLMCompass_GoldData/software_model/matmul.py", line 866, in simulate
    l2_tiles[-1, :N_l2_t, -1] = self.L2TileSimulator(
2025-12-30 15:42:06,664 [ERROR]   File "/home/william/LLMCompass_GoldData/software_model/matmul.py", line 1231, in simulate_l2_tile_compute_cycle_count
    current_batch_M_K_read_count = np.sum(
2025-12-30 15:42:06,664 [ERROR] KeyboardInterrupt
2025-12-30 15:42:06,664 [ERROR]   File "/home/william/LLMCompass_GoldData/software_model/matmul.py", line 905, in simulate
    for m, n, k in self.generate_tile_loops(
2025-12-30 15:42:06,664 [ERROR] KeyboardInterrupt
2025-12-30 15:42:06,664 [ERROR] KeyboardInterrupt
2025-12-30 15:42:06,664 [ERROR]   File "/home/william/LLMCompass_GoldData/software_model/matmul.py", line 915, in simulate
    previous_l2_tile = l2_tiles[previous_m, previous_n, previous_k]
2025-12-30 15:42:06,664 [ERROR]   File "/home/william/LLMCompass_GoldData/software_model/matmul.py", line 1005, in __init__
    self.compute_cycle_count = self.simulate_l2_tile_compute_cycle_count(
2025-12-30 15:42:06,664 [ERROR]   File "/home/william/LLMCompass_GoldData/software_model/matmul.py", line 1184, in simulate_l2_tile_compute_cycle_count
    m == ceil(M / l1_tile_M) - 1
2025-12-30 15:42:06,664 [ERROR]   File "/home/william/miniconda3/envs/llmcompass/lib/python3.9/site-packages/numpy/_core/fromnumeric.py", line 2389, in sum
    return _wrapreduction(
2025-12-30 15:42:06,664 [ERROR]   File "/home/william/miniconda3/envs/llmcompass/lib/python3.9/multiprocessing/process.py", line 315, in _bootstrap
    self.run()
2025-12-30 15:42:06,664 [ERROR] KeyboardInterrupt
2025-12-30 15:42:06,664 [ERROR]   File "/home/william/LLMCompass_GoldData/software_model/matmul.py", line 198, in generate_tile_loops
    for m in range(loop_M):
2025-12-30 15:42:06,664 [ERROR]   File "/home/william/miniconda3/envs/llmcompass/lib/python3.9/site-packages/numpy/_core/fromnumeric.py", line 73, in _wrapreduction
    if type(obj) is not mu.ndarray:
2025-12-30 15:42:06,664 [ERROR] KeyboardInterrupt
2025-12-30 15:42:06,664 [ERROR]   File "/home/william/LLMCompass_GoldData/software_model/matmul.py", line 1247, in simulate_l2_tile_compute_cycle_count
    (previous_batch_Write_M_N * (~current_batch_Read_M_N))
2025-12-30 15:42:06,664 [ERROR] KeyboardInterrupt
2025-12-30 15:42:06,664 [ERROR]   File "/home/william/miniconda3/envs/llmcompass/lib/python3.9/multiprocessing/process.py", line 108, in run
    self._target(*self._args, **self._kwargs)
2025-12-30 15:42:06,664 [ERROR] KeyboardInterrupt
2025-12-30 15:42:06,664 [ERROR] KeyboardInterrupt
2025-12-30 15:42:06,664 [ERROR] KeyboardInterrupt
2025-12-30 15:42:06,664 [ERROR]   File "/home/william/LLMCompass_GoldData/ae/figure8/change_memory_bw.py", line 103, in test_memory_bandwidth
    auto_regression_latency_simulated = model_auto_regression.compile_and_simulate(
2025-12-30 15:42:06,665 [ERROR]   File "/home/william/LLMCompass_GoldData/software_model/transformer.py", line 558, in compile_and_simulate
    self.Q_proj.compile_and_simulate(pcb, compile_mode)
2025-12-30 15:42:06,665 [ERROR]   File "/home/william/LLMCompass_GoldData/software_model/matmul.py", line 583, in compile_and_simulate
    cycle_count = self.simulate(
2025-12-30 15:42:06,665 [ERROR]   File "/home/william/LLMCompass_GoldData/software_model/matmul.py", line 826, in simulate
    l2_tiles[-1, :N_l2_t, :K_l2_t] = self.L2TileSimulator(
2025-12-30 15:42:06,665 [ERROR]   File "/home/william/LLMCompass_GoldData/software_model/matmul.py", line 1005, in __init__
    self.compute_cycle_count = self.simulate_l2_tile_compute_cycle_count(
2025-12-30 15:42:06,665 [ERROR]   File "/home/william/LLMCompass_GoldData/software_model/matmul.py", line 1058, in simulate_l2_tile_compute_cycle_count
    l1_tiles[-1, :N_l1_t, :K_l1_t] = Matmul.L1TileSimulator(
2025-12-30 15:42:06,665 [ERROR]   File "/home/william/LLMCompass_GoldData/software_model/matmul.py", line 1308, in __init__
    self.compute_cycle_count = self.simulate_l1_tile_compute_cycle_count(
2025-12-30 15:42:06,665 [ERROR] Traceback (most recent call last):
2025-12-30 15:42:06,665 [ERROR]   File "/home/william/LLMCompass_GoldData/software_model/matmul.py", line 1338, in simulate_l1_tile_compute_cycle_count
    Matmul.simulate_systolic_array_cycle_count(
2025-12-30 15:42:06,665 [ERROR]   File "/home/william/LLMCompass_GoldData/software_model/matmul.py", line 1405, in simulate_systolic_array_cycle_count
    cycle_count = look_up_table.loc[
2025-12-30 15:42:06,665 [ERROR]   File "/home/william/miniconda3/envs/llmcompass/lib/python3.9/site-packages/pandas/core/indexing.py", line 1185, in __getitem__
    return self._getitem_tuple(key)
2025-12-30 15:42:06,665 [ERROR]   File "/home/william/miniconda3/envs/llmcompass/lib/python3.9/site-packages/pandas/core/indexing.py", line 1369, in _getitem_tuple
    return self._getitem_lowerdim(tup)
2025-12-30 15:42:06,665 [ERROR] Traceback (most recent call last):
2025-12-30 15:42:06,665 [ERROR]   File "/home/william/miniconda3/envs/llmcompass/lib/python3.9/site-packages/pandas/core/indexing.py", line 1042, in _getitem_lowerdim
    return self._getitem_nested_tuple(tup)
2025-12-30 15:42:06,665 [ERROR]   File "/home/william/miniconda3/envs/llmcompass/lib/python3.9/site-packages/pandas/core/indexing.py", line 1154, in _getitem_nested_tuple
    obj = getattr(obj, self.name)._getitem_axis(key, axis=axis)
2025-12-30 15:42:06,665 [ERROR]   File "/home/william/miniconda3/envs/llmcompass/lib/python3.9/multiprocessing/process.py", line 315, in _bootstrap
    self.run()
2025-12-30 15:42:06,665 [ERROR]   File "/home/william/miniconda3/envs/llmcompass/lib/python3.9/site-packages/pandas/core/indexing.py", line 1415, in _getitem_axis
    elif is_list_like_indexer(key):
2025-12-30 15:42:06,665 [ERROR]   File "/home/william/miniconda3/envs/llmcompass/lib/python3.9/multiprocessing/process.py", line 315, in _bootstrap
    self.run()
2025-12-30 15:42:06,665 [ERROR]   File "/home/william/miniconda3/envs/llmcompass/lib/python3.9/site-packages/pandas/core/indexers/utils.py", line 75, in is_list_like_indexer
    return is_list_like(key) and not (isinstance(key, tuple) and type(key) is not tuple)
2025-12-30 15:42:06,665 [ERROR]   File "/home/william/miniconda3/envs/llmcompass/lib/python3.9/multiprocessing/process.py", line 108, in run
    self._target(*self._args, **self._kwargs)
2025-12-30 15:42:06,665 [ERROR]   File "/home/william/miniconda3/envs/llmcompass/lib/python3.9/multiprocessing/process.py", line 108, in run
    self._target(*self._args, **self._kwargs)
2025-12-30 15:42:06,665 [ERROR] KeyboardInterrupt
2025-12-30 15:42:06,665 [ERROR]   File "/home/william/LLMCompass_GoldData/ae/figure8/change_memory_bw.py", line 103, in test_memory_bandwidth
    auto_regression_latency_simulated = model_auto_regression.compile_and_simulate(
2025-12-30 15:42:06,665 [ERROR]   File "/home/william/LLMCompass_GoldData/ae/figure8/change_memory_bw.py", line 103, in test_memory_bandwidth
    auto_regression_latency_simulated = model_auto_regression.compile_and_simulate(
2025-12-30 15:42:06,665 [ERROR]   File "/home/william/LLMCompass_GoldData/software_model/transformer.py", line 558, in compile_and_simulate
    self.Q_proj.compile_and_simulate(pcb, compile_mode)
2025-12-30 15:42:06,665 [ERROR]   File "/home/william/LLMCompass_GoldData/software_model/transformer.py", line 558, in compile_and_simulate
    self.Q_proj.compile_and_simulate(pcb, compile_mode)
2025-12-30 15:42:06,665 [ERROR]   File "/home/william/LLMCompass_GoldData/software_model/matmul.py", line 583, in compile_and_simulate
    cycle_count = self.simulate(
2025-12-30 15:42:06,665 [ERROR]   File "/home/william/LLMCompass_GoldData/software_model/matmul.py", line 583, in compile_and_simulate
    cycle_count = self.simulate(
2025-12-30 15:42:06,665 [ERROR]   File "/home/william/LLMCompass_GoldData/software_model/matmul.py", line 749, in simulate
    self.look_up_table = pd.read_csv(
2025-12-30 15:42:06,665 [ERROR]   File "/home/william/LLMCompass_GoldData/software_model/matmul.py", line 749, in simulate
    self.look_up_table = pd.read_csv(
2025-12-30 15:42:06,665 [ERROR]   File "/home/william/miniconda3/envs/llmcompass/lib/python3.9/site-packages/pandas/io/parsers/readers.py", line 1026, in read_csv
    return _read(filepath_or_buffer, kwds)
2025-12-30 15:42:06,665 [ERROR]   File "/home/william/miniconda3/envs/llmcompass/lib/python3.9/site-packages/pandas/io/parsers/readers.py", line 1026, in read_csv
    return _read(filepath_or_buffer, kwds)
2025-12-30 15:42:06,665 [ERROR]   File "/home/william/miniconda3/envs/llmcompass/lib/python3.9/site-packages/pandas/io/parsers/readers.py", line 626, in _read
    return parser.read(nrows)
2025-12-30 15:42:06,665 [ERROR]   File "/home/william/miniconda3/envs/llmcompass/lib/python3.9/site-packages/pandas/io/parsers/readers.py", line 620, in _read
    parser = TextFileReader(filepath_or_buffer, **kwds)
2025-12-30 15:42:06,665 [ERROR]   File "/home/william/miniconda3/envs/llmcompass/lib/python3.9/site-packages/pandas/io/parsers/readers.py", line 1923, in read
    ) = self._engine.read(  # type: ignore[attr-defined]
2025-12-30 15:42:06,665 [ERROR]   File "/home/william/miniconda3/envs/llmcompass/lib/python3.9/site-packages/pandas/io/parsers/readers.py", line 1620, in __init__
    self._engine = self._make_engine(f, self.engine)
2025-12-30 15:42:06,665 [ERROR]   File "/home/william/miniconda3/envs/llmcompass/lib/python3.9/site-packages/pandas/io/parsers/c_parser_wrapper.py", line 234, in read
    chunks = self._reader.read_low_memory(nrows)
2025-12-30 15:42:06,665 [ERROR]   File "pandas/_libs/parsers.pyx", line 838, in pandas._libs.parsers.TextReader.read_low_memory
2025-12-30 15:42:06,665 [ERROR]   File "/home/william/miniconda3/envs/llmcompass/lib/python3.9/site-packages/pandas/io/parsers/readers.py", line 1880, in _make_engine
    self.handles = get_handle(
2025-12-30 15:42:06,665 [ERROR]   File "pandas/_libs/parsers.pyx", line 905, in pandas._libs.parsers.TextReader._read_rows
2025-12-30 15:42:06,665 [ERROR]   File "/home/william/miniconda3/envs/llmcompass/lib/python3.9/site-packages/pandas/io/common.py", line 719, in get_handle
    if _is_binary_mode(path_or_buf, mode) and "b" not in mode:
2025-12-30 15:42:06,665 [ERROR]   File "pandas/_libs/parsers.pyx", line 874, in pandas._libs.parsers.TextReader._tokenize_rows
2025-12-30 15:42:06,665 [ERROR]   File "/home/william/miniconda3/envs/llmcompass/lib/python3.9/site-packages/pandas/io/common.py", line 1181, in _is_binary_mode
    return isinstance(handle, _get_binary_io_classes()) or "b" in getattr(
2025-12-30 15:42:06,665 [ERROR]   File "pandas/_libs/parsers.pyx", line 891, in pandas._libs.parsers.TextReader._check_tokenize_status
2025-12-30 15:42:06,665 [ERROR]   File "/home/william/miniconda3/envs/llmcompass/lib/python3.9/site-packages/pandas/io/common.py", line 1196, in _get_binary_io_classes
    zstd = import_optional_dependency("zstandard", errors="ignore")
2025-12-30 15:42:06,665 [ERROR]   File "pandas/_libs/parsers.pyx", line 2061, in pandas._libs.parsers.raise_parser_error
2025-12-30 15:42:06,665 [ERROR]   File "/home/william/miniconda3/envs/llmcompass/lib/python3.9/site-packages/pandas/compat/_optional.py", line 135, in import_optional_dependency
    module = importlib.import_module(name)
2025-12-30 15:42:06,665 [ERROR] pandas.errors.ParserError: Error tokenizing data. C error: Calling read(nbytes) on source failed. Try engine='python'.
2025-12-30 15:42:06,665 [ERROR]   File "/home/william/miniconda3/envs/llmcompass/lib/python3.9/importlib/__init__.py", line 127, in import_module
    return _bootstrap._gcd_import(name[level:], package, level)
2025-12-30 15:42:06,665 [ERROR]   File "<frozen importlib._bootstrap>", line 1030, in _gcd_import
2025-12-30 15:42:06,665 [ERROR]   File "<frozen importlib._bootstrap>", line 1007, in _find_and_load
2025-12-30 15:42:06,665 [ERROR]   File "<frozen importlib._bootstrap>", line 982, in _find_and_load_unlocked
2025-12-30 15:42:06,665 [ERROR]   File "<frozen importlib._bootstrap>", line 925, in _find_spec
2025-12-30 15:42:06,665 [ERROR]   File "<frozen importlib._bootstrap_external>", line 1423, in find_spec
2025-12-30 15:42:06,665 [ERROR]   File "<frozen importlib._bootstrap_external>", line 1395, in _get_spec
2025-12-30 15:42:06,665 [ERROR]   File "<frozen importlib._bootstrap_external>", line 1522, in find_spec
2025-12-30 15:42:06,665 [ERROR]   File "<frozen importlib._bootstrap_external>", line 135, in _path_stat
2025-12-30 15:42:06,665 [ERROR] KeyboardInterrupt
2025-12-30 15:42:06,666 [ERROR] Traceback (most recent call last):
2025-12-30 15:42:06,666 [ERROR]   File "/home/william/miniconda3/envs/llmcompass/lib/python3.9/multiprocessing/process.py", line 315, in _bootstrap
    self.run()
2025-12-30 15:42:06,666 [ERROR]   File "/home/william/miniconda3/envs/llmcompass/lib/python3.9/multiprocessing/process.py", line 108, in run
    self._target(*self._args, **self._kwargs)
2025-12-30 15:42:06,666 [ERROR]   File "/home/william/LLMCompass_GoldData/ae/figure8/change_memory_bw.py", line 103, in test_memory_bandwidth
    auto_regression_latency_simulated = model_auto_regression.compile_and_simulate(
2025-12-30 15:42:06,666 [ERROR]   File "/home/william/LLMCompass_GoldData/software_model/transformer.py", line 558, in compile_and_simulate
    self.Q_proj.compile_and_simulate(pcb, compile_mode)
2025-12-30 15:42:06,666 [ERROR]   File "/home/william/LLMCompass_GoldData/software_model/matmul.py", line 583, in compile_and_simulate
    cycle_count = self.simulate(
2025-12-30 15:42:06,666 [ERROR]   File "/home/william/LLMCompass_GoldData/software_model/matmul.py", line 749, in simulate
    self.look_up_table = pd.read_csv(
2025-12-30 15:42:06,666 [ERROR]   File "/home/william/miniconda3/envs/llmcompass/lib/python3.9/site-packages/pandas/io/parsers/readers.py", line 1026, in read_csv
    return _read(filepath_or_buffer, kwds)
2025-12-30 15:42:06,666 [ERROR]   File "/home/william/miniconda3/envs/llmcompass/lib/python3.9/site-packages/pandas/io/parsers/readers.py", line 626, in _read
    return parser.read(nrows)
2025-12-30 15:42:06,666 [ERROR]   File "/home/william/miniconda3/envs/llmcompass/lib/python3.9/site-packages/pandas/io/parsers/readers.py", line 1968, in read
    df = DataFrame(
2025-12-30 15:42:06,666 [ERROR] Traceback (most recent call last):
2025-12-30 15:42:06,666 [ERROR]   File "/home/william/miniconda3/envs/llmcompass/lib/python3.9/site-packages/pandas/core/frame.py", line 782, in __init__
    mgr = dict_to_mgr(data, index, columns, dtype=dtype, copy=copy, typ=manager)
2025-12-30 15:42:06,666 [ERROR]   File "/home/william/miniconda3/envs/llmcompass/lib/python3.9/site-packages/pandas/core/internals/construction.py", line 503, in dict_to_mgr
    return arrays_to_mgr(arrays, columns, index, dtype=dtype, typ=typ, consolidate=copy)
2025-12-30 15:42:06,666 [ERROR]   File "/home/william/miniconda3/envs/llmcompass/lib/python3.9/site-packages/pandas/core/internals/construction.py", line 152, in arrays_to_mgr
    return create_block_manager_from_column_arrays(
2025-12-30 15:42:06,666 [ERROR]   File "/home/william/miniconda3/envs/llmcompass/lib/python3.9/site-packages/pandas/core/internals/managers.py", line 2163, in create_block_manager_from_column_arrays
    mgr._consolidate_inplace()
2025-12-30 15:42:06,666 [ERROR]   File "/home/william/miniconda3/envs/llmcompass/lib/python3.9/multiprocessing/process.py", line 315, in _bootstrap
    self.run()
2025-12-30 15:42:06,666 [ERROR]   File "/home/william/miniconda3/envs/llmcompass/lib/python3.9/site-packages/pandas/core/internals/managers.py", line 1807, in _consolidate_inplace
    self.blocks = _consolidate(self.blocks)
2025-12-30 15:42:06,666 [ERROR]   File "/home/william/miniconda3/envs/llmcompass/lib/python3.9/site-packages/pandas/core/internals/managers.py", line 2283, in _consolidate
    gkey = lambda x: x._consolidate_key
2025-12-30 15:42:06,666 [ERROR]   File "/home/william/miniconda3/envs/llmcompass/lib/python3.9/multiprocessing/process.py", line 108, in run
    self._target(*self._args, **self._kwargs)
2025-12-30 15:42:06,667 [ERROR]   File "/home/william/LLMCompass_GoldData/ae/figure8/change_memory_bw.py", line 103, in test_memory_bandwidth
    auto_regression_latency_simulated = model_auto_regression.compile_and_simulate(
2025-12-30 15:42:06,667 [ERROR] KeyboardInterrupt
2025-12-30 15:42:06,667 [ERROR]   File "/home/william/LLMCompass_GoldData/software_model/transformer.py", line 558, in compile_and_simulate
    self.Q_proj.compile_and_simulate(pcb, compile_mode)
2025-12-30 15:42:06,667 [ERROR]   File "/home/william/LLMCompass_GoldData/software_model/matmul.py", line 583, in compile_and_simulate
    cycle_count = self.simulate(
2025-12-30 15:42:06,667 [ERROR]   File "/home/william/LLMCompass_GoldData/software_model/matmul.py", line 866, in simulate
    l2_tiles[-1, :N_l2_t, -1] = self.L2TileSimulator(
2025-12-30 15:42:06,667 [ERROR]   File "/home/william/LLMCompass_GoldData/software_model/matmul.py", line 1005, in __init__
    self.compute_cycle_count = self.simulate_l2_tile_compute_cycle_count(
2025-12-30 15:42:06,667 [ERROR]   File "/home/william/LLMCompass_GoldData/software_model/matmul.py", line 1058, in simulate_l2_tile_compute_cycle_count
    l1_tiles[-1, :N_l1_t, :K_l1_t] = Matmul.L1TileSimulator(
2025-12-30 15:42:06,667 [ERROR]   File "/home/william/LLMCompass_GoldData/software_model/matmul.py", line 1308, in __init__
    self.compute_cycle_count = self.simulate_l1_tile_compute_cycle_count(
2025-12-30 15:42:06,667 [ERROR]   File "/home/william/LLMCompass_GoldData/software_model/matmul.py", line 1338, in simulate_l1_tile_compute_cycle_count
    Matmul.simulate_systolic_array_cycle_count(
2025-12-30 15:42:06,667 [ERROR]   File "/home/william/LLMCompass_GoldData/software_model/matmul.py", line 1405, in simulate_systolic_array_cycle_count
    cycle_count = look_up_table.loc[
2025-12-30 15:42:06,667 [ERROR]   File "/home/william/miniconda3/envs/llmcompass/lib/python3.9/site-packages/pandas/core/indexing.py", line 1185, in __getitem__
    return self._getitem_tuple(key)
2025-12-30 15:42:06,667 [ERROR]   File "/home/william/miniconda3/envs/llmcompass/lib/python3.9/site-packages/pandas/core/indexing.py", line 1369, in _getitem_tuple
    return self._getitem_lowerdim(tup)
2025-12-30 15:42:06,667 [ERROR]   File "/home/william/miniconda3/envs/llmcompass/lib/python3.9/site-packages/pandas/core/indexing.py", line 1042, in _getitem_lowerdim
    return self._getitem_nested_tuple(tup)
2025-12-30 15:42:06,667 [ERROR]   File "/home/william/miniconda3/envs/llmcompass/lib/python3.9/site-packages/pandas/core/indexing.py", line 1154, in _getitem_nested_tuple
    obj = getattr(obj, self.name)._getitem_axis(key, axis=axis)
2025-12-30 15:42:06,667 [ERROR]   File "/home/william/miniconda3/envs/llmcompass/lib/python3.9/site-packages/pandas/core/indexing.py", line 1432, in _getitem_axis
    return self._get_label(key, axis=axis)
2025-12-30 15:42:06,667 [ERROR]   File "/home/william/miniconda3/envs/llmcompass/lib/python3.9/site-packages/pandas/core/indexing.py", line 1382, in _get_label
    return self.obj.xs(label, axis=axis)
2025-12-30 15:42:06,667 [ERROR]   File "/home/william/miniconda3/envs/llmcompass/lib/python3.9/site-packages/pandas/core/generic.py", line 4315, in xs
    loc, new_index = index._get_loc_level(key, level=0)
2025-12-30 15:42:06,667 [ERROR]   File "/home/william/miniconda3/envs/llmcompass/lib/python3.9/site-packages/pandas/core/indexes/multi.py", line 3239, in _get_loc_level
    return (self._engine.get_loc(key), None)
2025-12-30 15:42:06,667 [ERROR] KeyboardInterrupt
2025-12-30 15:42:06,667 [ERROR] Process Process-554:
2025-12-30 15:42:06,668 [ERROR] Traceback (most recent call last):
2025-12-30 15:42:06,668 [ERROR] Traceback (most recent call last):
2025-12-30 15:42:06,668 [ERROR]   File "/home/william/miniconda3/envs/llmcompass/lib/python3.9/multiprocessing/process.py", line 315, in _bootstrap
    self.run()
2025-12-30 15:42:06,668 [ERROR]   File "/home/william/miniconda3/envs/llmcompass/lib/python3.9/multiprocessing/process.py", line 315, in _bootstrap
    self.run()
2025-12-30 15:42:06,668 [ERROR]   File "/home/william/miniconda3/envs/llmcompass/lib/python3.9/multiprocessing/process.py", line 108, in run
    self._target(*self._args, **self._kwargs)
2025-12-30 15:42:06,668 [ERROR]   File "/home/william/miniconda3/envs/llmcompass/lib/python3.9/multiprocessing/process.py", line 108, in run
    self._target(*self._args, **self._kwargs)
2025-12-30 15:42:06,668 [ERROR]   File "/home/william/LLMCompass_GoldData/ae/figure8/change_memory_bw.py", line 103, in test_memory_bandwidth
    auto_regression_latency_simulated = model_auto_regression.compile_and_simulate(
2025-12-30 15:42:06,668 [ERROR]   File "/home/william/LLMCompass_GoldData/ae/figure8/change_memory_bw.py", line 103, in test_memory_bandwidth
    auto_regression_latency_simulated = model_auto_regression.compile_and_simulate(
2025-12-30 15:42:06,668 [ERROR]   File "/home/william/LLMCompass_GoldData/software_model/transformer.py", line 558, in compile_and_simulate
    self.Q_proj.compile_and_simulate(pcb, compile_mode)
2025-12-30 15:42:06,668 [ERROR]   File "/home/william/LLMCompass_GoldData/software_model/transformer.py", line 573, in compile_and_simulate
    self.H_matmul0.compile_and_simulate(pcb, compile_mode)
2025-12-30 15:42:06,668 [ERROR]   File "/home/william/LLMCompass_GoldData/software_model/matmul.py", line 583, in compile_and_simulate
    cycle_count = self.simulate(
2025-12-30 15:42:06,668 [ERROR]   File "/home/william/LLMCompass_GoldData/software_model/matmul.py", line 583, in compile_and_simulate
    cycle_count = self.simulate(
2025-12-30 15:42:06,668 [ERROR]   File "/home/william/LLMCompass_GoldData/software_model/matmul.py", line 749, in simulate
    self.look_up_table = pd.read_csv(
2025-12-30 15:42:06,668 [ERROR]   File "/home/william/LLMCompass_GoldData/software_model/matmul.py", line 749, in simulate
    self.look_up_table = pd.read_csv(
2025-12-30 15:42:06,668 [ERROR]   File "/home/william/miniconda3/envs/llmcompass/lib/python3.9/site-packages/pandas/io/parsers/readers.py", line 1026, in read_csv
    return _read(filepath_or_buffer, kwds)
2025-12-30 15:42:06,668 [ERROR]   File "/home/william/miniconda3/envs/llmcompass/lib/python3.9/site-packages/pandas/io/parsers/readers.py", line 1026, in read_csv
    return _read(filepath_or_buffer, kwds)
2025-12-30 15:42:06,668 [ERROR]   File "/home/william/miniconda3/envs/llmcompass/lib/python3.9/site-packages/pandas/io/parsers/readers.py", line 626, in _read
    return parser.read(nrows)
2025-12-30 15:42:06,668 [ERROR]   File "/home/william/miniconda3/envs/llmcompass/lib/python3.9/site-packages/pandas/io/parsers/readers.py", line 626, in _read
    return parser.read(nrows)
2025-12-30 15:42:06,669 [ERROR]   File "/home/william/miniconda3/envs/llmcompass/lib/python3.9/site-packages/pandas/io/parsers/readers.py", line 1923, in read
    ) = self._engine.read(  # type: ignore[attr-defined]
2025-12-30 15:42:06,669 [ERROR]   File "/home/william/miniconda3/envs/llmcompass/lib/python3.9/site-packages/pandas/io/parsers/readers.py", line 1968, in read
    df = DataFrame(
2025-12-30 15:42:06,669 [ERROR]   File "/home/william/miniconda3/envs/llmcompass/lib/python3.9/site-packages/pandas/io/parsers/c_parser_wrapper.py", line 234, in read
    chunks = self._reader.read_low_memory(nrows)
2025-12-30 15:42:06,669 [ERROR]   File "/home/william/miniconda3/envs/llmcompass/lib/python3.9/site-packages/pandas/core/frame.py", line 782, in __init__
    mgr = dict_to_mgr(data, index, columns, dtype=dtype, copy=copy, typ=manager)
2025-12-30 15:42:06,669 [ERROR]   File "/home/william/miniconda3/envs/llmcompass/lib/python3.9/site-packages/pandas/core/internals/construction.py", line 443, in dict_to_mgr
    arrays = Series(data, index=columns, dtype=object)
2025-12-30 15:42:06,669 [ERROR] KeyboardInterrupt
2025-12-30 15:42:06,669 [ERROR]   File "/home/william/miniconda3/envs/llmcompass/lib/python3.9/site-packages/pandas/core/series.py", line 540, in __init__
    data, index = self._init_dict(data, index, dtype)
2025-12-30 15:42:06,669 [ERROR]   File "/home/william/miniconda3/envs/llmcompass/lib/python3.9/site-packages/pandas/core/series.py", line 654, in _init_dict
    s = Series(values, index=keys, dtype=dtype)
2025-12-30 15:42:06,669 [ERROR]   File "/home/william/miniconda3/envs/llmcompass/lib/python3.9/site-packages/pandas/core/series.py", line 493, in __init__
    index = ensure_index(index)
2025-12-30 15:42:06,669 [ERROR]   File "/home/william/miniconda3/envs/llmcompass/lib/python3.9/site-packages/pandas/core/indexes/base.py", line 7715, in ensure_index
    return Index(index_like, copy=copy)
2025-12-30 15:42:06,669 [ERROR]   File "/home/william/miniconda3/envs/llmcompass/lib/python3.9/site-packages/pandas/core/indexes/base.py", line 566, in __new__
    arr = sanitize_array(data, None, dtype=dtype, copy=copy)
2025-12-30 15:42:06,669 [ERROR]   File "/home/william/miniconda3/envs/llmcompass/lib/python3.9/site-packages/pandas/core/construction.py", line 656, in sanitize_array
    subarr = _sanitize_ndim(subarr, data, dtype, index, allow_2d=allow_2d)
2025-12-30 15:42:06,669 [ERROR]   File "/home/william/miniconda3/envs/llmcompass/lib/python3.9/site-packages/pandas/core/construction.py", line 704, in _sanitize_ndim
    if getattr(result, "ndim", 0) == 0:
2025-12-30 15:42:06,669 [ERROR] KeyboardInterrupt
2025-12-30 15:42:06,669 [ERROR] Exception ignored in:
2025-12-30 15:42:06,669 [ERROR] <function _releaseLock at 0x7220b04398b0>
2025-12-30 15:42:06,669 [ERROR] Traceback (most recent call last):
2025-12-30 15:42:06,669 [ERROR]   File "/home/william/miniconda3/envs/llmcompass/lib/python3.9/logging/__init__.py", line 227, in _releaseLock
2025-12-30 15:42:06,670 [ERROR] def _releaseLock():
2025-12-30 15:42:06,670 [ERROR] KeyboardInterrupt
2025-12-30 15:42:06,670 [ERROR] :
2025-12-30 15:42:06,885 [ERROR] Process Process-570:
2025-12-30 15:42:06,885 [ERROR] Process Process-577:
2025-12-30 15:42:06,885 [ERROR] Process Process-569:
2025-12-30 15:42:06,885 [ERROR] Process Process-572:
2025-12-30 15:42:06,885 [ERROR] Process Process-568:
2025-12-30 15:42:06,885 [ERROR] Process Process-567:
2025-12-30 15:42:06,885 [ERROR] Process Process-565:
2025-12-30 15:42:06,885 [ERROR] Process Process-564:
2025-12-30 15:42:06,885 [ERROR] Process Process-560:
2025-12-30 15:42:06,885 [ERROR] Process Process-561:
2025-12-30 15:42:06,885 [ERROR] Process Process-581:
2025-12-30 15:42:06,885 [ERROR] Process Process-574:
2025-12-30 15:42:06,885 [ERROR] Process Process-576:
2025-12-30 15:42:06,885 [ERROR] Process Process-583:
2025-12-30 15:42:06,885 [ERROR] Process Process-580:
2025-12-30 15:42:06,885 [ERROR] Process Process-575:
2025-12-30 15:42:06,885 [ERROR] Process Process-571:
2025-12-30 15:42:06,885 [ERROR] Process Process-559:
2025-12-30 15:42:06,885 [ERROR] Process Process-582:
2025-12-30 15:42:06,885 [ERROR] Process Process-566:
2025-12-30 15:42:06,885 [ERROR] Process Process-557:
2025-12-30 15:42:06,885 [ERROR] Process Process-562:
2025-12-30 15:42:06,885 [ERROR] Process Process-552:
2025-12-30 15:42:06,885 [ERROR] Process Process-563:
2025-12-30 15:42:06,885 [ERROR] Process Process-573:
2025-12-30 15:42:06,885 [ERROR] Process Process-579:
2025-12-30 15:42:06,885 [ERROR] Process Process-578:
2025-12-30 15:42:06,885 [ERROR] Process Process-558:
2025-12-30 15:42:06,885 [INFO] Terminating processes...
2025-12-30 15:42:06,885 [ERROR] Exception ignored in:
2025-12-30 15:42:06,886 [ERROR] <function _after_fork at 0x7220b0527a60>
2025-12-30 15:42:06,886 [ERROR] Traceback (most recent call last):
2025-12-30 15:42:06,886 [ERROR]   File "/home/william/miniconda3/envs/llmcompass/lib/python3.9/threading.py", line 1515, in _after_fork
2025-12-30 15:42:06,886 [ERROR] Traceback (most recent call last):
2025-12-30 15:42:06,886 [ERROR] Traceback (most recent call last):
2025-12-30 15:42:06,886 [ERROR] Traceback (most recent call last):
2025-12-30 15:42:06,886 [ERROR] Traceback (most recent call last):
2025-12-30 15:42:06,886 [ERROR] Process Process-584:
2025-12-30 15:42:06,886 [ERROR]   File "/home/william/miniconda3/envs/llmcompass/lib/python3.9/multiprocessing/process.py", line 315, in _bootstrap
    self.run()
2025-12-30 15:42:06,886 [ERROR] Traceback (most recent call last):
2025-12-30 15:42:06,886 [ERROR] Traceback (most recent call last):
2025-12-30 15:42:06,886 [ERROR]   File "/home/william/miniconda3/envs/llmcompass/lib/python3.9/multiprocessing/process.py", line 315, in _bootstrap
    self.run()
2025-12-30 15:42:06,886 [ERROR]   File "/home/william/miniconda3/envs/llmcompass/lib/python3.9/multiprocessing/process.py", line 315, in _bootstrap
    self.run()
2025-12-30 15:42:06,886 [ERROR]   File "/home/william/miniconda3/envs/llmcompass/lib/python3.9/multiprocessing/process.py", line 108, in run
    self._target(*self._args, **self._kwargs)
2025-12-30 15:42:06,886 [ERROR]   File "/home/william/miniconda3/envs/llmcompass/lib/python3.9/multiprocessing/process.py", line 315, in _bootstrap
    self.run()
2025-12-30 15:42:06,886 [ERROR]   File "/home/william/miniconda3/envs/llmcompass/lib/python3.9/multiprocessing/process.py", line 108, in run
    self._target(*self._args, **self._kwargs)
2025-12-30 15:42:06,886 [ERROR]   File "/home/william/LLMCompass_GoldData/ae/figure8/change_memory_bw.py", line 103, in test_memory_bandwidth
    auto_regression_latency_simulated = model_auto_regression.compile_and_simulate(
2025-12-30 15:42:06,886 [ERROR]   File "/home/william/miniconda3/envs/llmcompass/lib/python3.9/multiprocessing/process.py", line 108, in run
    self._target(*self._args, **self._kwargs)
2025-12-30 15:42:06,886 [ERROR]   File "/home/william/miniconda3/envs/llmcompass/lib/python3.9/multiprocessing/process.py", line 315, in _bootstrap
    self.run()
2025-12-30 15:42:06,886 [ERROR]   File "/home/william/miniconda3/envs/llmcompass/lib/python3.9/multiprocessing/process.py", line 108, in run
    self._target(*self._args, **self._kwargs)
2025-12-30 15:42:06,886 [ERROR]   File "/home/william/LLMCompass_GoldData/ae/figure8/change_memory_bw.py", line 103, in test_memory_bandwidth
    auto_regression_latency_simulated = model_auto_regression.compile_and_simulate(
2025-12-30 15:42:06,886 [ERROR]   File "/home/william/LLMCompass_GoldData/software_model/transformer.py", line 558, in compile_and_simulate
    self.Q_proj.compile_and_simulate(pcb, compile_mode)
2025-12-30 15:42:06,886 [ERROR]   File "/home/william/miniconda3/envs/llmcompass/lib/python3.9/multiprocessing/process.py", line 315, in _bootstrap
    self.run()
2025-12-30 15:42:06,886 [ERROR]   File "/home/william/LLMCompass_GoldData/ae/figure8/change_memory_bw.py", line 103, in test_memory_bandwidth
    auto_regression_latency_simulated = model_auto_regression.compile_and_simulate(
2025-12-30 15:42:06,886 [ERROR]   File "/home/william/miniconda3/envs/llmcompass/lib/python3.9/multiprocessing/process.py", line 108, in run
    self._target(*self._args, **self._kwargs)
2025-12-30 15:42:06,886 [ERROR] Traceback (most recent call last):
2025-12-30 15:42:06,886 [ERROR]   File "/home/william/LLMCompass_GoldData/ae/figure8/change_memory_bw.py", line 103, in test_memory_bandwidth
    auto_regression_latency_simulated = model_auto_regression.compile_and_simulate(
2025-12-30 15:42:06,886 [ERROR]   File "/home/william/LLMCompass_GoldData/software_model/transformer.py", line 558, in compile_and_simulate
    self.Q_proj.compile_and_simulate(pcb, compile_mode)
2025-12-30 15:42:06,886 [ERROR]   File "/home/william/LLMCompass_GoldData/software_model/matmul.py", line 583, in compile_and_simulate
    cycle_count = self.simulate(
2025-12-30 15:42:06,886 [ERROR]   File "/home/william/LLMCompass_GoldData/software_model/transformer.py", line 558, in compile_and_simulate
    self.Q_proj.compile_and_simulate(pcb, compile_mode)
2025-12-30 15:42:06,886 [ERROR]   File "/home/william/miniconda3/envs/llmcompass/lib/python3.9/multiprocessing/process.py", line 108, in run
    self._target(*self._args, **self._kwargs)
2025-12-30 15:42:06,886 [ERROR]   File "/home/william/LLMCompass_GoldData/ae/figure8/change_memory_bw.py", line 103, in test_memory_bandwidth
    auto_regression_latency_simulated = model_auto_regression.compile_and_simulate(
2025-12-30 15:42:06,886 [ERROR]   File "/home/william/LLMCompass_GoldData/software_model/transformer.py", line 558, in compile_and_simulate
    self.Q_proj.compile_and_simulate(pcb, compile_mode)
2025-12-30 15:42:06,886 [ERROR]   File "/home/william/LLMCompass_GoldData/software_model/matmul.py", line 583, in compile_and_simulate
    cycle_count = self.simulate(
2025-12-30 15:42:06,886 [ERROR]   File "/home/william/LLMCompass_GoldData/software_model/matmul.py", line 914, in simulate
    l2_tile = l2_tiles[m, n, k]
2025-12-30 15:42:06,886 [ERROR]   File "/home/william/LLMCompass_GoldData/software_model/matmul.py", line 583, in compile_and_simulate
    cycle_count = self.simulate(
2025-12-30 15:42:06,886 [ERROR] Traceback (most recent call last):
2025-12-30 15:42:06,886 [ERROR] Traceback (most recent call last):
2025-12-30 15:42:06,886 [ERROR]   File "/home/william/LLMCompass_GoldData/ae/figure8/change_memory_bw.py", line 103, in test_memory_bandwidth
    auto_regression_latency_simulated = model_auto_regression.compile_and_simulate(
2025-12-30 15:42:06,886 [ERROR]   File "/home/william/LLMCompass_GoldData/software_model/transformer.py", line 558, in compile_and_simulate
    self.Q_proj.compile_and_simulate(pcb, compile_mode)
2025-12-30 15:42:06,886 [ERROR]   File "/home/william/LLMCompass_GoldData/software_model/matmul.py", line 583, in compile_and_simulate
    cycle_count = self.simulate(
2025-12-30 15:42:06,886 [ERROR]   File "/home/william/LLMCompass_GoldData/software_model/matmul.py", line 918, in simulate
    if m == previous_m and k == previous_k:
2025-12-30 15:42:06,886 [ERROR]   File "/home/william/miniconda3/envs/llmcompass/lib/python3.9/multiprocessing/process.py", line 315, in _bootstrap
    self.run()
2025-12-30 15:42:06,886 [ERROR] Traceback (most recent call last):
2025-12-30 15:42:06,886 [ERROR]   File "/home/william/LLMCompass_GoldData/software_model/matmul.py", line 941, in simulate
    if mapping.is_l2_double_buffering:  # pipelined
2025-12-30 15:42:06,886 [ERROR] KeyboardInterrupt
2025-12-30 15:42:06,886 [ERROR]   File "/home/william/LLMCompass_GoldData/software_model/transformer.py", line 558, in compile_and_simulate
    self.Q_proj.compile_and_simulate(pcb, compile_mode)
2025-12-30 15:42:06,886 [ERROR] Traceback (most recent call last):
2025-12-30 15:42:06,886 [ERROR]   File "/home/william/LLMCompass_GoldData/software_model/matmul.py", line 583, in compile_and_simulate
    cycle_count = self.simulate(
2025-12-30 15:42:06,886 [ERROR]   File "/home/william/LLMCompass_GoldData/software_model/matmul.py", line 866, in simulate
    l2_tiles[-1, :N_l2_t, -1] = self.L2TileSimulator(
2025-12-30 15:42:06,886 [ERROR]   File "/home/william/LLMCompass_GoldData/software_model/matmul.py", line 583, in compile_and_simulate
    cycle_count = self.simulate(
2025-12-30 15:42:06,886 [ERROR] KeyboardInterrupt
2025-12-30 15:42:06,886 [ERROR]   File "/home/william/miniconda3/envs/llmcompass/lib/python3.9/multiprocessing/process.py", line 108, in run
    self._target(*self._args, **self._kwargs)
2025-12-30 15:42:06,886 [ERROR] KeyboardInterrupt
2025-12-30 15:42:06,886 [ERROR]   File "/home/william/miniconda3/envs/llmcompass/lib/python3.9/multiprocessing/process.py", line 315, in _bootstrap
    self.run()
2025-12-30 15:42:06,886 [ERROR]   File "/home/william/miniconda3/envs/llmcompass/lib/python3.9/multiprocessing/process.py", line 315, in _bootstrap
    self.run()
2025-12-30 15:42:06,886 [ERROR]   File "/home/william/LLMCompass_GoldData/software_model/matmul.py", line 918, in simulate
    if m == previous_m and k == previous_k:
2025-12-30 15:42:06,886 [ERROR]   File "/home/william/LLMCompass_GoldData/software_model/matmul.py", line 1005, in __init__
    self.compute_cycle_count = self.simulate_l2_tile_compute_cycle_count(
2025-12-30 15:42:06,886 [ERROR]   File "/home/william/LLMCompass_GoldData/software_model/matmul.py", line 826, in simulate
    l2_tiles[-1, :N_l2_t, :K_l2_t] = self.L2TileSimulator(
2025-12-30 15:42:06,886 [ERROR]   File "/home/william/miniconda3/envs/llmcompass/lib/python3.9/multiprocessing/process.py", line 315, in _bootstrap
    self.run()
2025-12-30 15:42:06,886 [ERROR]   File "/home/william/LLMCompass_GoldData/ae/figure8/change_memory_bw.py", line 103, in test_memory_bandwidth
    auto_regression_latency_simulated = model_auto_regression.compile_and_simulate(
2025-12-30 15:42:06,886 [ERROR] Traceback (most recent call last):
2025-12-30 15:42:06,886 [ERROR]   File "/home/william/miniconda3/envs/llmcompass/lib/python3.9/multiprocessing/process.py", line 315, in _bootstrap
    self.run()
2025-12-30 15:42:06,886 [ERROR]   File "/home/william/LLMCompass_GoldData/software_model/matmul.py", line 1058, in simulate_l2_tile_compute_cycle_count
    l1_tiles[-1, :N_l1_t, :K_l1_t] = Matmul.L1TileSimulator(
2025-12-30 15:42:06,886 [ERROR] KeyboardInterrupt
2025-12-30 15:42:06,886 [ERROR]   File "/home/william/LLMCompass_GoldData/software_model/matmul.py", line 1005, in __init__
    self.compute_cycle_count = self.simulate_l2_tile_compute_cycle_count(
2025-12-30 15:42:06,886 [ERROR] Traceback (most recent call last):
2025-12-30 15:42:06,886 [ERROR]   File "/home/william/miniconda3/envs/llmcompass/lib/python3.9/multiprocessing/process.py", line 108, in run
    self._target(*self._args, **self._kwargs)
2025-12-30 15:42:06,886 [ERROR]   File "/home/william/miniconda3/envs/llmcompass/lib/python3.9/multiprocessing/process.py", line 108, in run
    self._target(*self._args, **self._kwargs)
2025-12-30 15:42:06,886 [ERROR] Traceback (most recent call last):
2025-12-30 15:42:06,886 [ERROR]   File "/home/william/miniconda3/envs/llmcompass/lib/python3.9/multiprocessing/process.py", line 108, in run
    self._target(*self._args, **self._kwargs)
2025-12-30 15:42:06,886 [ERROR]   File "/home/william/LLMCompass_GoldData/software_model/transformer.py", line 558, in compile_and_simulate
    self.Q_proj.compile_and_simulate(pcb, compile_mode)
2025-12-30 15:42:06,886 [ERROR] Traceback (most recent call last):
2025-12-30 15:42:06,886 [ERROR]   File "/home/william/LLMCompass_GoldData/software_model/matmul.py", line 1308, in __init__
    self.compute_cycle_count = self.simulate_l1_tile_compute_cycle_count(
2025-12-30 15:42:06,886 [ERROR]   File "/home/william/miniconda3/envs/llmcompass/lib/python3.9/multiprocessing/process.py", line 108, in run
    self._target(*self._args, **self._kwargs)
2025-12-30 15:42:06,886 [ERROR]   File "/home/william/LLMCompass_GoldData/software_model/matmul.py", line 1277, in simulate_l2_tile_compute_cycle_count
    previous_batch_Read_M_K = copy.deepcopy(current_batch_Read_M_K)
2025-12-30 15:42:06,886 [ERROR]   File "/home/william/LLMCompass_GoldData/ae/figure8/change_memory_bw.py", line 103, in test_memory_bandwidth
    auto_regression_latency_simulated = model_auto_regression.compile_and_simulate(
2025-12-30 15:42:06,886 [ERROR] Traceback (most recent call last):
2025-12-30 15:42:06,886 [ERROR]   File "/home/william/LLMCompass_GoldData/ae/figure8/change_memory_bw.py", line 103, in test_memory_bandwidth
    auto_regression_latency_simulated = model_auto_regression.compile_and_simulate(
2025-12-30 15:42:06,886 [ERROR]   File "/home/william/LLMCompass_GoldData/software_model/matmul.py", line 583, in compile_and_simulate
    cycle_count = self.simulate(
2025-12-30 15:42:06,886 [ERROR]   File "/home/william/LLMCompass_GoldData/ae/figure8/change_memory_bw.py", line 103, in test_memory_bandwidth
    auto_regression_latency_simulated = model_auto_regression.compile_and_simulate(
2025-12-30 15:42:06,886 [ERROR]   File "/home/william/miniconda3/envs/llmcompass/lib/python3.9/multiprocessing/process.py", line 315, in _bootstrap
    self.run()
2025-12-30 15:42:06,886 [ERROR]   File "/home/william/LLMCompass_GoldData/software_model/matmul.py", line 1338, in simulate_l1_tile_compute_cycle_count
    Matmul.simulate_systolic_array_cycle_count(
2025-12-30 15:42:06,886 [ERROR]   File "/home/william/miniconda3/envs/llmcompass/lib/python3.9/multiprocessing/process.py", line 315, in _bootstrap
    self.run()
2025-12-30 15:42:06,886 [ERROR]   File "/home/william/LLMCompass_GoldData/ae/figure8/change_memory_bw.py", line 103, in test_memory_bandwidth
    auto_regression_latency_simulated = model_auto_regression.compile_and_simulate(
2025-12-30 15:42:06,886 [ERROR]   File "/home/william/miniconda3/envs/llmcompass/lib/python3.9/copy.py", line 153, in deepcopy
    y = copier(memo)
2025-12-30 15:42:06,886 [ERROR]   File "/home/william/LLMCompass_GoldData/software_model/matmul.py", line 914, in simulate
    l2_tile = l2_tiles[m, n, k]
2025-12-30 15:42:06,886 [ERROR]   File "/home/william/LLMCompass_GoldData/software_model/transformer.py", line 558, in compile_and_simulate
    self.Q_proj.compile_and_simulate(pcb, compile_mode)
2025-12-30 15:42:06,886 [ERROR]   File "/home/william/LLMCompass_GoldData/software_model/transformer.py", line 558, in compile_and_simulate
    self.Q_proj.compile_and_simulate(pcb, compile_mode)
2025-12-30 15:42:06,886 [ERROR]   File "/home/william/LLMCompass_GoldData/software_model/matmul.py", line 1405, in simulate_systolic_array_cycle_count
    cycle_count = look_up_table.loc[
2025-12-30 15:42:06,886 [ERROR]   File "/home/william/miniconda3/envs/llmcompass/lib/python3.9/multiprocessing/process.py", line 315, in _bootstrap
    self.run()
2025-12-30 15:42:06,886 [ERROR]   File "/home/william/LLMCompass_GoldData/software_model/transformer.py", line 558, in compile_and_simulate
    self.Q_proj.compile_and_simulate(pcb, compile_mode)
2025-12-30 15:42:06,886 [ERROR] Traceback (most recent call last):
2025-12-30 15:42:06,886 [ERROR]   File "/home/william/miniconda3/envs/llmcompass/lib/python3.9/multiprocessing/process.py", line 315, in _bootstrap
    self.run()
2025-12-30 15:42:06,886 [ERROR]   File "/home/william/miniconda3/envs/llmcompass/lib/python3.9/multiprocessing/process.py", line 108, in run
    self._target(*self._args, **self._kwargs)
2025-12-30 15:42:06,886 [ERROR] Traceback (most recent call last):
2025-12-30 15:42:06,886 [ERROR]   File "/home/william/LLMCompass_GoldData/software_model/transformer.py", line 558, in compile_and_simulate
    self.Q_proj.compile_and_simulate(pcb, compile_mode)
2025-12-30 15:42:06,886 [ERROR]   File "/home/william/miniconda3/envs/llmcompass/lib/python3.9/multiprocessing/process.py", line 108, in run
    self._target(*self._args, **self._kwargs)
2025-12-30 15:42:06,886 [ERROR]   File "/home/william/miniconda3/envs/llmcompass/lib/python3.9/multiprocessing/process.py", line 315, in _bootstrap
    self.run()
2025-12-30 15:42:06,886 [ERROR] KeyboardInterrupt
2025-12-30 15:42:06,886 [ERROR]   File "/home/william/LLMCompass_GoldData/software_model/matmul.py", line 583, in compile_and_simulate
    cycle_count = self.simulate(
2025-12-30 15:42:06,886 [ERROR] KeyboardInterrupt
2025-12-30 15:42:06,886 [ERROR]   File "/home/william/LLMCompass_GoldData/software_model/matmul.py", line 583, in compile_and_simulate
    cycle_count = self.simulate(
2025-12-30 15:42:06,886 [ERROR] KeyboardInterrupt
2025-12-30 15:42:06,886 [ERROR] Traceback (most recent call last):
2025-12-30 15:42:06,886 [ERROR] Traceback (most recent call last):
2025-12-30 15:42:06,886 [ERROR]   File "/home/william/LLMCompass_GoldData/software_model/matmul.py", line 957, in simulate
    previous_k = k
2025-12-30 15:42:06,886 [ERROR]   File "/home/william/LLMCompass_GoldData/software_model/matmul.py", line 583, in compile_and_simulate
    cycle_count = self.simulate(
2025-12-30 15:42:06,886 [ERROR]   File "/home/william/miniconda3/envs/llmcompass/lib/python3.9/multiprocessing/process.py", line 108, in run
    self._target(*self._args, **self._kwargs)
2025-12-30 15:42:06,886 [ERROR] current = _active[get_ident()]
2025-12-30 15:42:06,886 [ERROR]   File "/home/william/miniconda3/envs/llmcompass/lib/python3.9/multiprocessing/process.py", line 108, in run
    self._target(*self._args, **self._kwargs)
2025-12-30 15:42:06,886 [ERROR]   File "/home/william/LLMCompass_GoldData/software_model/matmul.py", line 583, in compile_and_simulate
    cycle_count = self.simulate(
2025-12-30 15:42:06,886 [ERROR]   File "/home/william/LLMCompass_GoldData/ae/figure8/change_memory_bw.py", line 103, in test_memory_bandwidth
    auto_regression_latency_simulated = model_auto_regression.compile_and_simulate(
2025-12-30 15:42:06,886 [ERROR]   File "/home/william/LLMCompass_GoldData/software_model/matmul.py", line 905, in simulate
    for m, n, k in self.generate_tile_loops(
2025-12-30 15:42:06,886 [ERROR]   File "/home/william/LLMCompass_GoldData/ae/figure8/change_memory_bw.py", line 103, in test_memory_bandwidth
    auto_regression_latency_simulated = model_auto_regression.compile_and_simulate(
2025-12-30 15:42:06,886 [ERROR]   File "/home/william/miniconda3/envs/llmcompass/lib/python3.9/multiprocessing/process.py", line 108, in run
    self._target(*self._args, **self._kwargs)
2025-12-30 15:42:06,886 [ERROR]   File "/home/william/miniconda3/envs/llmcompass/lib/python3.9/multiprocessing/process.py", line 315, in _bootstrap
    self.run()
2025-12-30 15:42:06,886 [ERROR]   File "/home/william/miniconda3/envs/llmcompass/lib/python3.9/multiprocessing/process.py", line 315, in _bootstrap
    self.run()
2025-12-30 15:42:06,886 [ERROR] Process Process-586:
2025-12-30 15:42:06,886 [ERROR]   File "/home/william/LLMCompass_GoldData/ae/figure8/change_memory_bw.py", line 103, in test_memory_bandwidth
    auto_regression_latency_simulated = model_auto_regression.compile_and_simulate(
2025-12-30 15:42:06,886 [ERROR]   File "/home/william/miniconda3/envs/llmcompass/lib/python3.9/multiprocessing/process.py", line 315, in _bootstrap
    self.run()
2025-12-30 15:42:06,886 [ERROR]   File "/home/william/LLMCompass_GoldData/software_model/matmul.py", line 914, in simulate
    l2_tile = l2_tiles[m, n, k]
2025-12-30 15:42:06,886 [ERROR]   File "/home/william/miniconda3/envs/llmcompass/lib/python3.9/multiprocessing/process.py", line 108, in run
    self._target(*self._args, **self._kwargs)
2025-12-30 15:42:06,886 [ERROR]   File "/home/william/LLMCompass_GoldData/ae/figure8/change_memory_bw.py", line 103, in test_memory_bandwidth
    auto_regression_latency_simulated = model_auto_regression.compile_and_simulate(
2025-12-30 15:42:06,886 [ERROR]   File "/home/william/LLMCompass_GoldData/software_model/matmul.py", line 919, in simulate
    current_tile_read_cycle_count = l2_tile.K_N_io_cycle_count
2025-12-30 15:42:06,886 [ERROR] KeyboardInterrupt
2025-12-30 15:42:06,886 [ERROR]   File "/home/william/miniconda3/envs/llmcompass/lib/python3.9/multiprocessing/process.py", line 315, in _bootstrap
    self.run()
2025-12-30 15:42:06,886 [ERROR] KeyboardInterrupt
2025-12-30 15:42:06,886 [ERROR]   File "/home/william/LLMCompass_GoldData/software_model/transformer.py", line 558, in compile_and_simulate
    self.Q_proj.compile_and_simulate(pcb, compile_mode)
2025-12-30 15:42:06,886 [ERROR] Traceback (most recent call last):
2025-12-30 15:42:06,886 [ERROR]   File "/home/william/LLMCompass_GoldData/software_model/transformer.py", line 558, in compile_and_simulate
    self.Q_proj.compile_and_simulate(pcb, compile_mode)
2025-12-30 15:42:06,886 [ERROR] KeyboardInterrupt
2025-12-30 15:42:06,886 [ERROR]   File "/home/william/LLMCompass_GoldData/software_model/transformer.py", line 558, in compile_and_simulate
    self.Q_proj.compile_and_simulate(pcb, compile_mode)
2025-12-30 15:42:06,886 [ERROR]   File "/home/william/LLMCompass_GoldData/ae/figure8/change_memory_bw.py", line 103, in test_memory_bandwidth
    auto_regression_latency_simulated = model_auto_regression.compile_and_simulate(
2025-12-30 15:42:06,886 [ERROR]   File "/home/william/miniconda3/envs/llmcompass/lib/python3.9/multiprocessing/process.py", line 108, in run
    self._target(*self._args, **self._kwargs)
2025-12-30 15:42:06,886 [ERROR]   File "/home/william/LLMCompass_GoldData/software_model/transformer.py", line 558, in compile_and_simulate
    self.Q_proj.compile_and_simulate(pcb, compile_mode)
2025-12-30 15:42:06,886 [ERROR]   File "/home/william/LLMCompass_GoldData/ae/figure8/change_memory_bw.py", line 103, in test_memory_bandwidth
    auto_regression_latency_simulated = model_auto_regression.compile_and_simulate(
2025-12-30 15:42:06,886 [ERROR]   File "/home/william/miniconda3/envs/llmcompass/lib/python3.9/multiprocessing/process.py", line 108, in run
    self._target(*self._args, **self._kwargs)
2025-12-30 15:42:06,886 [ERROR] KeyboardInterrupt
2025-12-30 15:42:06,886 [ERROR] KeyboardInterrupt
2025-12-30 15:42:06,886 [ERROR]   File "/home/william/LLMCompass_GoldData/software_model/matmul.py", line 583, in compile_and_simulate
    cycle_count = self.simulate(
2025-12-30 15:42:06,886 [ERROR] :
2025-12-30 15:42:06,886 [ERROR]   File "/home/william/miniconda3/envs/llmcompass/lib/python3.9/multiprocessing/process.py", line 108, in run
    self._target(*self._args, **self._kwargs)
2025-12-30 15:42:06,886 [ERROR]   File "/home/william/LLMCompass_GoldData/software_model/matmul.py", line 583, in compile_and_simulate
    cycle_count = self.simulate(
2025-12-30 15:42:06,886 [ERROR]   File "/home/william/LLMCompass_GoldData/software_model/matmul.py", line 583, in compile_and_simulate
    cycle_count = self.simulate(
2025-12-30 15:42:06,886 [ERROR]   File "/home/william/LLMCompass_GoldData/software_model/transformer.py", line 558, in compile_and_simulate
    self.Q_proj.compile_and_simulate(pcb, compile_mode)
2025-12-30 15:42:06,886 [ERROR]   File "/home/william/LLMCompass_GoldData/ae/figure8/change_memory_bw.py", line 103, in test_memory_bandwidth
    auto_regression_latency_simulated = model_auto_regression.compile_and_simulate(
2025-12-30 15:42:06,886 [ERROR]   File "/home/william/LLMCompass_GoldData/software_model/transformer.py", line 558, in compile_and_simulate
    self.Q_proj.compile_and_simulate(pcb, compile_mode)
2025-12-30 15:42:06,886 [ERROR]   File "/home/william/LLMCompass_GoldData/software_model/matmul.py", line 583, in compile_and_simulate
    cycle_count = self.simulate(
2025-12-30 15:42:06,886 [ERROR]   File "/home/william/LLMCompass_GoldData/ae/figure8/change_memory_bw.py", line 103, in test_memory_bandwidth
    auto_regression_latency_simulated = model_auto_regression.compile_and_simulate(
2025-12-30 15:42:06,886 [ERROR]   File "/home/william/LLMCompass_GoldData/software_model/matmul.py", line 826, in simulate
    l2_tiles[-1, :N_l2_t, :K_l2_t] = self.L2TileSimulator(
2025-12-30 15:42:06,886 [ERROR]   File "/home/william/LLMCompass_GoldData/software_model/matmul.py", line 919, in simulate
    current_tile_read_cycle_count = l2_tile.K_N_io_cycle_count
2025-12-30 15:42:06,886 [ERROR]   File "/home/william/LLMCompass_GoldData/software_model/matmul.py", line 583, in compile_and_simulate
    cycle_count = self.simulate(
2025-12-30 15:42:06,886 [ERROR]   File "/home/william/LLMCompass_GoldData/ae/figure8/change_memory_bw.py", line 103, in test_memory_bandwidth
    auto_regression_latency_simulated = model_auto_regression.compile_and_simulate(
2025-12-30 15:42:06,886 [ERROR]   File "/home/william/miniconda3/envs/llmcompass/lib/python3.9/multiprocessing/process.py", line 315, in _bootstrap
    self.run()
2025-12-30 15:42:06,886 [ERROR]   File "/home/william/LLMCompass_GoldData/software_model/matmul.py", line 950, in simulate
    current_tile_read_cycle_count
2025-12-30 15:42:06,886 [ERROR] Traceback (most recent call last):
2025-12-30 15:42:06,886 [ERROR]   File "/home/william/LLMCompass_GoldData/software_model/transformer.py", line 558, in compile_and_simulate
    self.Q_proj.compile_and_simulate(pcb, compile_mode)
2025-12-30 15:42:06,886 [ERROR]   File "/home/william/LLMCompass_GoldData/software_model/matmul.py", line 583, in compile_and_simulate
    cycle_count = self.simulate(
2025-12-30 15:42:06,886 [ERROR]   File "/home/william/LLMCompass_GoldData/software_model/transformer.py", line 558, in compile_and_simulate
    self.Q_proj.compile_and_simulate(pcb, compile_mode)
2025-12-30 15:42:06,886 [ERROR]   File "/home/william/LLMCompass_GoldData/software_model/matmul.py", line 1005, in __init__
    self.compute_cycle_count = self.simulate_l2_tile_compute_cycle_count(
2025-12-30 15:42:06,886 [ERROR]   File "/home/william/LLMCompass_GoldData/software_model/matmul.py", line 943, in simulate
    max(
2025-12-30 15:42:06,886 [ERROR]   File "/home/william/LLMCompass_GoldData/software_model/matmul.py", line 826, in simulate
    l2_tiles[-1, :N_l2_t, :K_l2_t] = self.L2TileSimulator(
2025-12-30 15:42:06,886 [ERROR]   File "/home/william/LLMCompass_GoldData/software_model/matmul.py", line 583, in compile_and_simulate
    cycle_count = self.simulate(
2025-12-30 15:42:06,886 [ERROR] KeyboardInterrupt
2025-12-30 15:42:06,886 [ERROR]   File "/home/william/LLMCompass_GoldData/software_model/transformer.py", line 558, in compile_and_simulate
    self.Q_proj.compile_and_simulate(pcb, compile_mode)
2025-12-30 15:42:06,886 [ERROR]   File "/home/william/miniconda3/envs/llmcompass/lib/python3.9/multiprocessing/process.py", line 108, in run
    self._target(*self._args, **self._kwargs)
2025-12-30 15:42:06,886 [ERROR]   File "/home/william/LLMCompass_GoldData/software_model/matmul.py", line 583, in compile_and_simulate
    cycle_count = self.simulate(
2025-12-30 15:42:06,886 [ERROR]   File "/home/william/LLMCompass_GoldData/software_model/matmul.py", line 1058, in simulate_l2_tile_compute_cycle_count
    l1_tiles[-1, :N_l1_t, :K_l1_t] = Matmul.L1TileSimulator(
2025-12-30 15:42:06,886 [ERROR] KeyboardInterrupt
2025-12-30 15:42:06,886 [ERROR]   File "/home/william/LLMCompass_GoldData/software_model/matmul.py", line 943, in simulate
    max(
2025-12-30 15:42:06,886 [ERROR]   File "/home/william/LLMCompass_GoldData/software_model/matmul.py", line 1005, in __init__
    self.compute_cycle_count = self.simulate_l2_tile_compute_cycle_count(
2025-12-30 15:42:06,886 [ERROR]   File "/home/william/LLMCompass_GoldData/software_model/matmul.py", line 826, in simulate
    l2_tiles[-1, :N_l2_t, :K_l2_t] = self.L2TileSimulator(
2025-12-30 15:42:06,886 [ERROR] KeyboardInterrupt
2025-12-30 15:42:06,886 [ERROR]   File "/home/william/LLMCompass_GoldData/software_model/matmul.py", line 583, in compile_and_simulate
    cycle_count = self.simulate(
2025-12-30 15:42:06,886 [ERROR]   File "/home/william/LLMCompass_GoldData/software_model/matmul.py", line 1308, in __init__
    self.compute_cycle_count = self.simulate_l1_tile_compute_cycle_count(
2025-12-30 15:42:06,886 [ERROR]   File "/home/william/LLMCompass_GoldData/software_model/matmul.py", line 950, in simulate
    current_tile_read_cycle_count
2025-12-30 15:42:06,886 [ERROR]   File "/home/william/LLMCompass_GoldData/ae/figure8/change_memory_bw.py", line 103, in test_memory_bandwidth
    auto_regression_latency_simulated = model_auto_regression.compile_and_simulate(
2025-12-30 15:42:06,886 [ERROR]   File "/home/william/LLMCompass_GoldData/software_model/matmul.py", line 1239, in simulate_l2_tile_compute_cycle_count
    current_batch_M_N_read_count = np.sum(
2025-12-30 15:42:06,886 [ERROR]   File "/home/william/LLMCompass_GoldData/software_model/matmul.py", line 1005, in __init__
    self.compute_cycle_count = self.simulate_l2_tile_compute_cycle_count(
2025-12-30 15:42:06,886 [ERROR]   File "/home/william/miniconda3/envs/llmcompass/lib/python3.9/multiprocessing/process.py", line 315, in _bootstrap
    self.run()
2025-12-30 15:42:06,886 [ERROR]   File "/home/william/LLMCompass_GoldData/software_model/matmul.py", line 1338, in simulate_l1_tile_compute_cycle_count
    Matmul.simulate_systolic_array_cycle_count(
2025-12-30 15:42:06,886 [ERROR]   File "/home/william/LLMCompass_GoldData/software_model/matmul.py", line 932, in simulate
    previous_l2_tile.K_reduction_cycle_count
2025-12-30 15:42:06,886 [ERROR]   File "/home/william/LLMCompass_GoldData/software_model/matmul.py", line 1058, in simulate_l2_tile_compute_cycle_count
    l1_tiles[-1, :N_l1_t, :K_l1_t] = Matmul.L1TileSimulator(
2025-12-30 15:42:06,886 [ERROR]   File "/home/william/miniconda3/envs/llmcompass/lib/python3.9/site-packages/numpy/_core/fromnumeric.py", line 2389, in sum
    return _wrapreduction(
2025-12-30 15:42:06,886 [ERROR] KeyboardInterrupt
2025-12-30 15:42:06,886 [ERROR]   File "/home/william/LLMCompass_GoldData/software_model/matmul.py", line 1405, in simulate_systolic_array_cycle_count
    cycle_count = look_up_table.loc[
2025-12-30 15:42:06,886 [ERROR] KeyboardInterrupt
2025-12-30 15:42:06,887 [ERROR]   File "/home/william/LLMCompass_GoldData/software_model/matmul.py", line 1308, in __init__
    self.compute_cycle_count = self.simulate_l1_tile_compute_cycle_count(
2025-12-30 15:42:06,886 [ERROR]   File "/home/william/LLMCompass_GoldData/software_model/transformer.py", line 558, in compile_and_simulate
    self.Q_proj.compile_and_simulate(pcb, compile_mode)
2025-12-30 15:42:06,887 [ERROR]   File "/home/william/miniconda3/envs/llmcompass/lib/python3.9/site-packages/numpy/_core/fromnumeric.py", line 86, in _wrapreduction
    return ufunc.reduce(obj, axis, dtype, out, **passkwargs)
2025-12-30 15:42:06,887 [ERROR]   File "/home/william/miniconda3/envs/llmcompass/lib/python3.9/multiprocessing/process.py", line 108, in run
    self._target(*self._args, **self._kwargs)
2025-12-30 15:42:06,887 [ERROR]   File "/home/william/miniconda3/envs/llmcompass/lib/python3.9/site-packages/pandas/core/indexing.py", line 1185, in __getitem__
    return self._getitem_tuple(key)
2025-12-30 15:42:06,887 [ERROR]   File "/home/william/LLMCompass_GoldData/software_model/matmul.py", line 1338, in simulate_l1_tile_compute_cycle_count
    Matmul.simulate_systolic_array_cycle_count(
2025-12-30 15:42:06,887 [ERROR] KeyboardInterrupt
2025-12-30 15:42:06,887 [ERROR]   File "/home/william/miniconda3/envs/llmcompass/lib/python3.9/site-packages/pandas/core/indexing.py", line 1369, in _getitem_tuple
    return self._getitem_lowerdim(tup)
2025-12-30 15:42:06,887 [ERROR] KeyboardInterrupt
2025-12-30 15:42:06,887 [ERROR]   File "/home/william/LLMCompass_GoldData/software_model/matmul.py", line 583, in compile_and_simulate
    cycle_count = self.simulate(
2025-12-30 15:42:06,887 [ERROR]   File "/home/william/LLMCompass_GoldData/software_model/matmul.py", line 1405, in simulate_systolic_array_cycle_count
    cycle_count = look_up_table.loc[
2025-12-30 15:42:06,887 [ERROR]   File "/home/william/LLMCompass_GoldData/ae/figure8/change_memory_bw.py", line 103, in test_memory_bandwidth
    auto_regression_latency_simulated = model_auto_regression.compile_and_simulate(
2025-12-30 15:42:06,886 [ERROR] Traceback (most recent call last):
2025-12-30 15:42:06,887 [ERROR]   File "/home/william/miniconda3/envs/llmcompass/lib/python3.9/site-packages/pandas/core/indexing.py", line 1042, in _getitem_lowerdim
    return self._getitem_nested_tuple(tup)
2025-12-30 15:42:06,887 [ERROR]   File "/home/william/LLMCompass_GoldData/software_model/transformer.py", line 558, in compile_and_simulate
    self.Q_proj.compile_and_simulate(pcb, compile_mode)
2025-12-30 15:42:06,887 [ERROR]   File "/home/william/miniconda3/envs/llmcompass/lib/python3.9/site-packages/pandas/core/indexing.py", line 1181, in __getitem__
    key = tuple(list(x) if is_iterator(x) else x for x in key)
2025-12-30 15:42:06,887 [ERROR]   File "/home/william/LLMCompass_GoldData/software_model/matmul.py", line 826, in simulate
    l2_tiles[-1, :N_l2_t, :K_l2_t] = self.L2TileSimulator(
2025-12-30 15:42:06,887 [ERROR]   File "/home/william/miniconda3/envs/llmcompass/lib/python3.9/site-packages/pandas/core/indexing.py", line 1108, in _getitem_nested_tuple
    check_dict_or_set_indexers(key)
2025-12-30 15:42:06,887 [ERROR]   File "/home/william/LLMCompass_GoldData/software_model/matmul.py", line 583, in compile_and_simulate
    cycle_count = self.simulate(
2025-12-30 15:42:06,887 [ERROR]   File "/home/william/LLMCompass_GoldData/software_model/matmul.py", line 1005, in __init__
    self.compute_cycle_count = self.simulate_l2_tile_compute_cycle_count(
2025-12-30 15:42:06,887 [ERROR] KeyboardInterrupt
2025-12-30 15:42:06,887 [ERROR]   File "/home/william/miniconda3/envs/llmcompass/lib/python3.9/site-packages/pandas/core/indexing.py", line 2817, in check_dict_or_set_indexers
    and any(isinstance(x, dict) for x in key)
2025-12-30 15:42:06,887 [ERROR]   File "/home/william/LLMCompass_GoldData/software_model/matmul.py", line 826, in simulate
    l2_tiles[-1, :N_l2_t, :K_l2_t] = self.L2TileSimulator(
2025-12-30 15:42:06,887 [ERROR]   File "/home/william/LLMCompass_GoldData/software_model/matmul.py", line 1058, in simulate_l2_tile_compute_cycle_count
    l1_tiles[-1, :N_l1_t, :K_l1_t] = Matmul.L1TileSimulator(
2025-12-30 15:42:06,887 [ERROR]   File "/home/william/miniconda3/envs/llmcompass/lib/python3.9/site-packages/pandas/core/indexing.py", line 2817, in <genexpr>
    and any(isinstance(x, dict) for x in key)
2025-12-30 15:42:06,887 [ERROR]   File "/home/william/LLMCompass_GoldData/software_model/matmul.py", line 1005, in __init__
    self.compute_cycle_count = self.simulate_l2_tile_compute_cycle_count(
2025-12-30 15:42:06,887 [ERROR]   File "/home/william/miniconda3/envs/llmcompass/lib/python3.9/multiprocessing/process.py", line 315, in _bootstrap
    self.run()
2025-12-30 15:42:06,887 [ERROR]   File "/home/william/LLMCompass_GoldData/software_model/matmul.py", line 1308, in __init__
    self.compute_cycle_count = self.simulate_l1_tile_compute_cycle_count(
2025-12-30 15:42:06,887 [ERROR] KeyboardInterrupt
2025-12-30 15:42:06,887 [ERROR]   File "/home/william/LLMCompass_GoldData/software_model/matmul.py", line 1058, in simulate_l2_tile_compute_cycle_count
    l1_tiles[-1, :N_l1_t, :K_l1_t] = Matmul.L1TileSimulator(
2025-12-30 15:42:06,887 [ERROR]   File "/home/william/LLMCompass_GoldData/software_model/matmul.py", line 1338, in simulate_l1_tile_compute_cycle_count
    Matmul.simulate_systolic_array_cycle_count(
2025-12-30 15:42:06,887 [ERROR]   File "/home/william/miniconda3/envs/llmcompass/lib/python3.9/multiprocessing/process.py", line 108, in run
    self._target(*self._args, **self._kwargs)
2025-12-30 15:42:06,887 [ERROR]   File "/home/william/LLMCompass_GoldData/software_model/matmul.py", line 1308, in __init__
    self.compute_cycle_count = self.simulate_l1_tile_compute_cycle_count(
2025-12-30 15:42:06,887 [ERROR]   File "/home/william/LLMCompass_GoldData/software_model/matmul.py", line 1405, in simulate_systolic_array_cycle_count
    cycle_count = look_up_table.loc[
2025-12-30 15:42:06,887 [ERROR]   File "/home/william/LLMCompass_GoldData/software_model/matmul.py", line 1338, in simulate_l1_tile_compute_cycle_count
    Matmul.simulate_systolic_array_cycle_count(
2025-12-30 15:42:06,887 [ERROR]   File "/home/william/LLMCompass_GoldData/ae/figure8/change_memory_bw.py", line 103, in test_memory_bandwidth
    auto_regression_latency_simulated = model_auto_regression.compile_and_simulate(
2025-12-30 15:42:06,887 [ERROR]   File "/home/william/miniconda3/envs/llmcompass/lib/python3.9/site-packages/pandas/core/indexing.py", line 1185, in __getitem__
    return self._getitem_tuple(key)
2025-12-30 15:42:06,887 [ERROR]   File "/home/william/LLMCompass_GoldData/software_model/matmul.py", line 1405, in simulate_systolic_array_cycle_count
    cycle_count = look_up_table.loc[
2025-12-30 15:42:06,887 [ERROR]   File "/home/william/LLMCompass_GoldData/software_model/transformer.py", line 558, in compile_and_simulate
    self.Q_proj.compile_and_simulate(pcb, compile_mode)
2025-12-30 15:42:06,887 [ERROR]   File "/home/william/miniconda3/envs/llmcompass/lib/python3.9/site-packages/pandas/core/indexing.py", line 1369, in _getitem_tuple
    return self._getitem_lowerdim(tup)
2025-12-30 15:42:06,887 [ERROR]   File "/home/william/miniconda3/envs/llmcompass/lib/python3.9/site-packages/pandas/core/indexing.py", line 1183, in __getitem__
    if self._is_scalar_access(key):
2025-12-30 15:42:06,887 [ERROR]   File "/home/william/LLMCompass_GoldData/software_model/matmul.py", line 583, in compile_and_simulate
    cycle_count = self.simulate(
2025-12-30 15:42:06,887 [ERROR]   File "/home/william/miniconda3/envs/llmcompass/lib/python3.9/site-packages/pandas/core/indexing.py", line 1042, in _getitem_lowerdim
    return self._getitem_nested_tuple(tup)
2025-12-30 15:42:06,887 [ERROR]   File "/home/william/miniconda3/envs/llmcompass/lib/python3.9/site-packages/pandas/core/indexing.py", line 1262, in _is_scalar_access
    if len(key) != self.ndim:
2025-12-30 15:42:06,887 [ERROR] Traceback (most recent call last):
2025-12-30 15:42:06,887 [ERROR]   File "/home/william/LLMCompass_GoldData/software_model/matmul.py", line 826, in simulate
    l2_tiles[-1, :N_l2_t, :K_l2_t] = self.L2TileSimulator(
2025-12-30 15:42:06,887 [ERROR]   File "/home/william/miniconda3/envs/llmcompass/lib/python3.9/site-packages/pandas/core/indexing.py", line 1154, in _getitem_nested_tuple
    obj = getattr(obj, self.name)._getitem_axis(key, axis=axis)
2025-12-30 15:42:06,887 [ERROR] KeyboardInterrupt
2025-12-30 15:42:06,887 [ERROR]   File "/home/william/LLMCompass_GoldData/software_model/matmul.py", line 1005, in __init__
    self.compute_cycle_count = self.simulate_l2_tile_compute_cycle_count(
2025-12-30 15:42:06,887 [ERROR]   File "/home/william/miniconda3/envs/llmcompass/lib/python3.9/site-packages/pandas/core/indexing.py", line 306, in loc
    @property
2025-12-30 15:42:06,887 [ERROR]   File "/home/william/LLMCompass_GoldData/software_model/matmul.py", line 1058, in simulate_l2_tile_compute_cycle_count
    l1_tiles[-1, :N_l1_t, :K_l1_t] = Matmul.L1TileSimulator(
2025-12-30 15:42:06,887 [ERROR]   File "/home/william/miniconda3/envs/llmcompass/lib/python3.9/multiprocessing/process.py", line 315, in _bootstrap
    self.run()
2025-12-30 15:42:06,887 [ERROR] KeyboardInterrupt
2025-12-30 15:42:06,887 [ERROR]   File "/home/william/LLMCompass_GoldData/software_model/matmul.py", line 1308, in __init__
    self.compute_cycle_count = self.simulate_l1_tile_compute_cycle_count(
2025-12-30 15:42:06,887 [ERROR]   File "/home/william/miniconda3/envs/llmcompass/lib/python3.9/multiprocessing/process.py", line 108, in run
    self._target(*self._args, **self._kwargs)
2025-12-30 15:42:06,887 [ERROR]   File "/home/william/LLMCompass_GoldData/software_model/matmul.py", line 1338, in simulate_l1_tile_compute_cycle_count
    Matmul.simulate_systolic_array_cycle_count(
2025-12-30 15:42:06,887 [ERROR]   File "/home/william/LLMCompass_GoldData/ae/figure8/change_memory_bw.py", line 103, in test_memory_bandwidth
    auto_regression_latency_simulated = model_auto_regression.compile_and_simulate(
2025-12-30 15:42:06,887 [ERROR]   File "/home/william/LLMCompass_GoldData/software_model/matmul.py", line 1405, in simulate_systolic_array_cycle_count
    cycle_count = look_up_table.loc[
2025-12-30 15:42:06,887 [ERROR]   File "/home/william/miniconda3/envs/llmcompass/lib/python3.9/site-packages/pandas/core/indexing.py", line 1181, in __getitem__
    key = tuple(list(x) if is_iterator(x) else x for x in key)
2025-12-30 15:42:06,887 [ERROR]   File "/home/william/LLMCompass_GoldData/software_model/transformer.py", line 558, in compile_and_simulate
    self.Q_proj.compile_and_simulate(pcb, compile_mode)
2025-12-30 15:42:06,887 [ERROR]   File "/home/william/LLMCompass_GoldData/software_model/matmul.py", line 583, in compile_and_simulate
    cycle_count = self.simulate(
2025-12-30 15:42:06,887 [ERROR] KeyboardInterrupt
2025-12-30 15:42:06,887 [ERROR]   File "/home/william/LLMCompass_GoldData/software_model/matmul.py", line 749, in simulate
    self.look_up_table = pd.read_csv(
2025-12-30 15:42:06,887 [ERROR]   File "/home/william/miniconda3/envs/llmcompass/lib/python3.9/site-packages/pandas/io/parsers/readers.py", line 1026, in read_csv
    return _read(filepath_or_buffer, kwds)
2025-12-30 15:42:06,887 [ERROR]   File "/home/william/miniconda3/envs/llmcompass/lib/python3.9/site-packages/pandas/io/parsers/readers.py", line 626, in _read
    return parser.read(nrows)
2025-12-30 15:42:06,887 [ERROR]   File "/home/william/miniconda3/envs/llmcompass/lib/python3.9/site-packages/pandas/io/parsers/readers.py", line 1923, in read
    ) = self._engine.read(  # type: ignore[attr-defined]
2025-12-30 15:42:06,887 [ERROR]   File "/home/william/miniconda3/envs/llmcompass/lib/python3.9/site-packages/pandas/io/parsers/c_parser_wrapper.py", line 234, in read
    chunks = self._reader.read_low_memory(nrows)
2025-12-30 15:42:06,887 [ERROR] KeyboardInterrupt
2025-12-30 15:42:06,887 [ERROR] Traceback (most recent call last):
2025-12-30 15:42:06,887 [ERROR] Process Process-585:
2025-12-30 15:42:06,887 [ERROR]   File "/home/william/miniconda3/envs/llmcompass/lib/python3.9/multiprocessing/process.py", line 315, in _bootstrap
    self.run()
2025-12-30 15:42:06,887 [ERROR]   File "/home/william/miniconda3/envs/llmcompass/lib/python3.9/multiprocessing/process.py", line 108, in run
    self._target(*self._args, **self._kwargs)
2025-12-30 15:42:06,887 [ERROR]   File "/home/william/LLMCompass_GoldData/ae/figure8/change_memory_bw.py", line 103, in test_memory_bandwidth
    auto_regression_latency_simulated = model_auto_regression.compile_and_simulate(
2025-12-30 15:42:06,887 [ERROR]   File "/home/william/LLMCompass_GoldData/software_model/transformer.py", line 558, in compile_and_simulate
    self.Q_proj.compile_and_simulate(pcb, compile_mode)
2025-12-30 15:42:06,888 [ERROR]   File "/home/william/LLMCompass_GoldData/software_model/matmul.py", line 583, in compile_and_simulate
    cycle_count = self.simulate(
2025-12-30 15:42:06,888 [ERROR]   File "/home/william/LLMCompass_GoldData/software_model/matmul.py", line 749, in simulate
    self.look_up_table = pd.read_csv(
2025-12-30 15:42:06,888 [ERROR]   File "/home/william/miniconda3/envs/llmcompass/lib/python3.9/site-packages/pandas/io/parsers/readers.py", line 1026, in read_csv
    return _read(filepath_or_buffer, kwds)
2025-12-30 15:42:06,888 [ERROR]   File "/home/william/miniconda3/envs/llmcompass/lib/python3.9/site-packages/pandas/io/parsers/readers.py", line 620, in _read
    parser = TextFileReader(filepath_or_buffer, **kwds)
2025-12-30 15:42:06,888 [ERROR]   File "/home/william/miniconda3/envs/llmcompass/lib/python3.9/site-packages/pandas/io/parsers/readers.py", line 1620, in __init__
    self._engine = self._make_engine(f, self.engine)
2025-12-30 15:42:06,888 [ERROR]   File "/home/william/miniconda3/envs/llmcompass/lib/python3.9/site-packages/pandas/io/parsers/readers.py", line 1898, in _make_engine
    return mapping[engine](f, **self.options)
2025-12-30 15:42:06,888 [ERROR]   File "/home/william/miniconda3/envs/llmcompass/lib/python3.9/site-packages/pandas/io/parsers/c_parser_wrapper.py", line 93, in __init__
    self._reader = parsers.TextReader(src, **kwds)
2025-12-30 15:42:06,888 [ERROR] KeyboardInterrupt
2025-12-30 15:42:06,888 [ERROR] Traceback (most recent call last):
2025-12-30 15:42:06,888 [ERROR] Traceback (most recent call last):
2025-12-30 15:42:06,888 [ERROR]   File "/home/william/miniconda3/envs/llmcompass/lib/python3.9/multiprocessing/process.py", line 315, in _bootstrap
    self.run()
2025-12-30 15:42:06,888 [ERROR]   File "/home/william/miniconda3/envs/llmcompass/lib/python3.9/multiprocessing/process.py", line 108, in run
    self._target(*self._args, **self._kwargs)
2025-12-30 15:42:06,888 [ERROR]   File "/home/william/miniconda3/envs/llmcompass/lib/python3.9/multiprocessing/process.py", line 315, in _bootstrap
    self.run()
2025-12-30 15:42:06,888 [ERROR]   File "/home/william/LLMCompass_GoldData/ae/figure8/change_memory_bw.py", line 103, in test_memory_bandwidth
    auto_regression_latency_simulated = model_auto_regression.compile_and_simulate(
2025-12-30 15:42:06,888 [ERROR]   File "/home/william/miniconda3/envs/llmcompass/lib/python3.9/multiprocessing/process.py", line 108, in run
    self._target(*self._args, **self._kwargs)
2025-12-30 15:42:06,888 [ERROR]   File "/home/william/LLMCompass_GoldData/ae/figure8/change_memory_bw.py", line 103, in test_memory_bandwidth
    auto_regression_latency_simulated = model_auto_regression.compile_and_simulate(
2025-12-30 15:42:06,888 [ERROR]   File "/home/william/LLMCompass_GoldData/software_model/transformer.py", line 558, in compile_and_simulate
    self.Q_proj.compile_and_simulate(pcb, compile_mode)
2025-12-30 15:42:06,888 [ERROR]   File "/home/william/LLMCompass_GoldData/software_model/transformer.py", line 558, in compile_and_simulate
    self.Q_proj.compile_and_simulate(pcb, compile_mode)
2025-12-30 15:42:06,888 [ERROR]   File "/home/william/LLMCompass_GoldData/software_model/matmul.py", line 583, in compile_and_simulate
    cycle_count = self.simulate(
2025-12-30 15:42:06,888 [ERROR]   File "/home/william/LLMCompass_GoldData/software_model/matmul.py", line 583, in compile_and_simulate
    cycle_count = self.simulate(
2025-12-30 15:42:06,888 [ERROR]   File "/home/william/LLMCompass_GoldData/software_model/matmul.py", line 826, in simulate
    l2_tiles[-1, :N_l2_t, :K_l2_t] = self.L2TileSimulator(
2025-12-30 15:42:06,888 [ERROR]   File "/home/william/LLMCompass_GoldData/software_model/matmul.py", line 763, in simulate
    self.look_up_table.drop_duplicates(
2025-12-30 15:42:06,888 [ERROR]   File "/home/william/LLMCompass_GoldData/software_model/matmul.py", line 1005, in __init__
    self.compute_cycle_count = self.simulate_l2_tile_compute_cycle_count(
2025-12-30 15:42:06,888 [ERROR]   File "/home/william/miniconda3/envs/llmcompass/lib/python3.9/site-packages/pandas/core/frame.py", line 6840, in drop_duplicates
    result = self[-self.duplicated(subset, keep=keep)]
2025-12-30 15:42:06,888 [ERROR]   File "/home/william/LLMCompass_GoldData/software_model/matmul.py", line 1058, in simulate_l2_tile_compute_cycle_count
    l1_tiles[-1, :N_l1_t, :K_l1_t] = Matmul.L1TileSimulator(
2025-12-30 15:42:06,888 [ERROR]   File "/home/william/LLMCompass_GoldData/software_model/matmul.py", line 1308, in __init__
    self.compute_cycle_count = self.simulate_l1_tile_compute_cycle_count(
2025-12-30 15:42:06,888 [ERROR]   File "/home/william/miniconda3/envs/llmcompass/lib/python3.9/site-packages/pandas/core/frame.py", line 6980, in duplicated
    labels, shape = map(list, zip(*map(f, vals)))
2025-12-30 15:42:06,888 [ERROR]   File "/home/william/LLMCompass_GoldData/software_model/matmul.py", line 1338, in simulate_l1_tile_compute_cycle_count
    Matmul.simulate_systolic_array_cycle_count(
2025-12-30 15:42:06,888 [ERROR]   File "/home/william/miniconda3/envs/llmcompass/lib/python3.9/site-packages/pandas/core/frame.py", line 6948, in f
    labels, shape = algorithms.factorize(vals, size_hint=len(self))
2025-12-30 15:42:06,888 [ERROR]   File "/home/william/LLMCompass_GoldData/software_model/matmul.py", line 1405, in simulate_systolic_array_cycle_count
    cycle_count = look_up_table.loc[
2025-12-30 15:42:06,888 [ERROR]   File "/home/william/miniconda3/envs/llmcompass/lib/python3.9/site-packages/pandas/core/indexing.py", line 1185, in __getitem__
    return self._getitem_tuple(key)
2025-12-30 15:42:06,888 [ERROR]   File "/home/william/miniconda3/envs/llmcompass/lib/python3.9/site-packages/pandas/core/algorithms.py", line 795, in factorize
    codes, uniques = factorize_array(
2025-12-30 15:42:06,888 [ERROR]   File "/home/william/miniconda3/envs/llmcompass/lib/python3.9/site-packages/pandas/core/indexing.py", line 1369, in _getitem_tuple
    return self._getitem_lowerdim(tup)
2025-12-30 15:42:06,888 [ERROR]   File "/home/william/miniconda3/envs/llmcompass/lib/python3.9/site-packages/pandas/core/algorithms.py", line 595, in factorize_array
    uniques, codes = table.factorize(
2025-12-30 15:42:06,888 [ERROR]   File "/home/william/miniconda3/envs/llmcompass/lib/python3.9/site-packages/pandas/core/indexing.py", line 1042, in _getitem_lowerdim
    return self._getitem_nested_tuple(tup)
2025-12-30 15:42:06,888 [ERROR]   File "/home/william/miniconda3/envs/llmcompass/lib/python3.9/site-packages/pandas/core/indexing.py", line 1154, in _getitem_nested_tuple
    obj = getattr(obj, self.name)._getitem_axis(key, axis=axis)
2025-12-30 15:42:06,888 [ERROR]   File "/home/william/miniconda3/envs/llmcompass/lib/python3.9/site-packages/pandas/core/indexing.py", line 1432, in _getitem_axis
    return self._get_label(key, axis=axis)
2025-12-30 15:42:06,888 [ERROR] KeyboardInterrupt
2025-12-30 15:42:06,888 [ERROR]   File "/home/william/miniconda3/envs/llmcompass/lib/python3.9/site-packages/pandas/core/indexing.py", line 1382, in _get_label
    return self.obj.xs(label, axis=axis)
2025-12-30 15:42:06,888 [ERROR] Traceback (most recent call last):
2025-12-30 15:42:06,888 [ERROR] Traceback (most recent call last):
2025-12-30 15:42:06,888 [ERROR]   File "/home/william/miniconda3/envs/llmcompass/lib/python3.9/site-packages/pandas/core/generic.py", line 4315, in xs
    loc, new_index = index._get_loc_level(key, level=0)
2025-12-30 15:42:06,889 [ERROR]   File "/home/william/miniconda3/envs/llmcompass/lib/python3.9/site-packages/pandas/core/indexes/multi.py", line 3228, in _get_loc_level
    if key in self.levels[0]:
2025-12-30 15:42:06,889 [ERROR]   File "/home/william/miniconda3/envs/llmcompass/lib/python3.9/site-packages/pandas/core/indexes/frozen.py", line 77, in __getitem__
    if isinstance(n, slice):
2025-12-30 15:42:06,889 [ERROR]   File "/home/william/miniconda3/envs/llmcompass/lib/python3.9/multiprocessing/process.py", line 315, in _bootstrap
    self.run()
2025-12-30 15:42:06,889 [ERROR] KeyboardInterrupt
2025-12-30 15:42:06,889 [ERROR]   File "/home/william/miniconda3/envs/llmcompass/lib/python3.9/multiprocessing/process.py", line 315, in _bootstrap
    self.run()
2025-12-30 15:42:06,889 [ERROR]   File "/home/william/miniconda3/envs/llmcompass/lib/python3.9/multiprocessing/process.py", line 108, in run
    self._target(*self._args, **self._kwargs)
2025-12-30 15:42:06,889 [ERROR]   File "/home/william/miniconda3/envs/llmcompass/lib/python3.9/multiprocessing/process.py", line 108, in run
    self._target(*self._args, **self._kwargs)
2025-12-30 15:42:06,889 [ERROR]   File "/home/william/LLMCompass_GoldData/ae/figure8/change_memory_bw.py", line 103, in test_memory_bandwidth
    auto_regression_latency_simulated = model_auto_regression.compile_and_simulate(
2025-12-30 15:42:06,889 [ERROR]   File "/home/william/LLMCompass_GoldData/ae/figure8/change_memory_bw.py", line 103, in test_memory_bandwidth
    auto_regression_latency_simulated = model_auto_regression.compile_and_simulate(
2025-12-30 15:42:06,889 [ERROR]   File "/home/william/LLMCompass_GoldData/software_model/transformer.py", line 558, in compile_and_simulate
    self.Q_proj.compile_and_simulate(pcb, compile_mode)
2025-12-30 15:42:06,889 [ERROR]   File "/home/william/LLMCompass_GoldData/software_model/transformer.py", line 558, in compile_and_simulate
    self.Q_proj.compile_and_simulate(pcb, compile_mode)
2025-12-30 15:42:06,889 [ERROR]   File "/home/william/LLMCompass_GoldData/software_model/matmul.py", line 583, in compile_and_simulate
    cycle_count = self.simulate(
2025-12-30 15:42:06,889 [ERROR]   File "/home/william/LLMCompass_GoldData/software_model/matmul.py", line 583, in compile_and_simulate
    cycle_count = self.simulate(
2025-12-30 15:42:06,889 [ERROR]   File "/home/william/LLMCompass_GoldData/software_model/matmul.py", line 826, in simulate
    l2_tiles[-1, :N_l2_t, :K_l2_t] = self.L2TileSimulator(
2025-12-30 15:42:06,889 [ERROR]   File "/home/william/LLMCompass_GoldData/software_model/matmul.py", line 749, in simulate
    self.look_up_table = pd.read_csv(
2025-12-30 15:42:06,889 [ERROR]   File "/home/william/LLMCompass_GoldData/software_model/matmul.py", line 1005, in __init__
    self.compute_cycle_count = self.simulate_l2_tile_compute_cycle_count(
2025-12-30 15:42:06,889 [ERROR]   File "/home/william/miniconda3/envs/llmcompass/lib/python3.9/site-packages/pandas/io/parsers/readers.py", line 1026, in read_csv
    return _read(filepath_or_buffer, kwds)
2025-12-30 15:42:06,889 [ERROR]   File "/home/william/LLMCompass_GoldData/software_model/matmul.py", line 1058, in simulate_l2_tile_compute_cycle_count
    l1_tiles[-1, :N_l1_t, :K_l1_t] = Matmul.L1TileSimulator(
2025-12-30 15:42:06,889 [ERROR]   File "/home/william/LLMCompass_GoldData/software_model/matmul.py", line 1308, in __init__
    self.compute_cycle_count = self.simulate_l1_tile_compute_cycle_count(
2025-12-30 15:42:06,889 [ERROR]   File "/home/william/miniconda3/envs/llmcompass/lib/python3.9/site-packages/pandas/io/parsers/readers.py", line 626, in _read
    return parser.read(nrows)
2025-12-30 15:42:06,889 [ERROR]   File "/home/william/LLMCompass_GoldData/software_model/matmul.py", line 1338, in simulate_l1_tile_compute_cycle_count
    Matmul.simulate_systolic_array_cycle_count(
2025-12-30 15:42:06,889 [ERROR]   File "/home/william/miniconda3/envs/llmcompass/lib/python3.9/site-packages/pandas/io/parsers/readers.py", line 1923, in read
    ) = self._engine.read(  # type: ignore[attr-defined]
2025-12-30 15:42:06,889 [ERROR]   File "/home/william/LLMCompass_GoldData/software_model/matmul.py", line 1405, in simulate_systolic_array_cycle_count
    cycle_count = look_up_table.loc[
2025-12-30 15:42:06,889 [ERROR]   File "/home/william/miniconda3/envs/llmcompass/lib/python3.9/site-packages/pandas/io/parsers/c_parser_wrapper.py", line 234, in read
    chunks = self._reader.read_low_memory(nrows)
2025-12-30 15:42:06,889 [ERROR]   File "/home/william/miniconda3/envs/llmcompass/lib/python3.9/site-packages/pandas/core/indexing.py", line 1185, in __getitem__
    return self._getitem_tuple(key)
2025-12-30 15:42:06,889 [ERROR]   File "pandas/_libs/parsers.pyx", line 838, in pandas._libs.parsers.TextReader.read_low_memory
2025-12-30 15:42:06,889 [ERROR]   File "/home/william/miniconda3/envs/llmcompass/lib/python3.9/site-packages/pandas/core/indexing.py", line 1369, in _getitem_tuple
    return self._getitem_lowerdim(tup)
2025-12-30 15:42:06,889 [ERROR]   File "/home/william/miniconda3/envs/llmcompass/lib/python3.9/site-packages/pandas/core/indexing.py", line 1042, in _getitem_lowerdim
    return self._getitem_nested_tuple(tup)
2025-12-30 15:42:06,889 [ERROR]   File "pandas/_libs/parsers.pyx", line 905, in pandas._libs.parsers.TextReader._read_rows
2025-12-30 15:42:06,889 [ERROR]   File "/home/william/miniconda3/envs/llmcompass/lib/python3.9/site-packages/pandas/core/indexing.py", line 1154, in _getitem_nested_tuple
    obj = getattr(obj, self.name)._getitem_axis(key, axis=axis)
2025-12-30 15:42:06,889 [ERROR]   File "pandas/_libs/parsers.pyx", line 874, in pandas._libs.parsers.TextReader._tokenize_rows
2025-12-30 15:42:06,889 [ERROR]   File "/home/william/miniconda3/envs/llmcompass/lib/python3.9/site-packages/pandas/core/indexing.py", line 1432, in _getitem_axis
    return self._get_label(key, axis=axis)
2025-12-30 15:42:06,889 [ERROR] Traceback (most recent call last):
2025-12-30 15:42:06,889 [ERROR]   File "pandas/_libs/parsers.pyx", line 891, in pandas._libs.parsers.TextReader._check_tokenize_status
2025-12-30 15:42:06,889 [ERROR]   File "/home/william/miniconda3/envs/llmcompass/lib/python3.9/site-packages/pandas/core/indexing.py", line 1382, in _get_label
    return self.obj.xs(label, axis=axis)
2025-12-30 15:42:06,889 [ERROR]   File "/home/william/miniconda3/envs/llmcompass/lib/python3.9/site-packages/pandas/core/generic.py", line 4315, in xs
    loc, new_index = index._get_loc_level(key, level=0)
2025-12-30 15:42:06,889 [ERROR]   File "pandas/_libs/parsers.pyx", line 2061, in pandas._libs.parsers.raise_parser_error
2025-12-30 15:42:06,889 [ERROR] Traceback (most recent call last):
2025-12-30 15:42:06,889 [ERROR]   File "/home/william/miniconda3/envs/llmcompass/lib/python3.9/site-packages/pandas/core/indexes/multi.py", line 3239, in _get_loc_level
    return (self._engine.get_loc(key), None)
2025-12-30 15:42:06,889 [ERROR] KeyboardInterrupt
2025-12-30 15:42:06,889 [ERROR] pandas.errors.ParserError: Error tokenizing data. C error: Calling read(nbytes) on source failed. Try engine='python'.
2025-12-30 15:42:06,889 [ERROR]   File "/home/william/miniconda3/envs/llmcompass/lib/python3.9/multiprocessing/process.py", line 315, in _bootstrap
    self.run()
2025-12-30 15:42:06,889 [ERROR]   File "/home/william/miniconda3/envs/llmcompass/lib/python3.9/multiprocessing/process.py", line 108, in run
    self._target(*self._args, **self._kwargs)
2025-12-30 15:42:06,889 [ERROR]   File "/home/william/miniconda3/envs/llmcompass/lib/python3.9/multiprocessing/process.py", line 315, in _bootstrap
    self.run()
2025-12-30 15:42:06,889 [ERROR]   File "/home/william/LLMCompass_GoldData/ae/figure8/change_memory_bw.py", line 103, in test_memory_bandwidth
    auto_regression_latency_simulated = model_auto_regression.compile_and_simulate(
2025-12-30 15:42:06,889 [ERROR]   File "/home/william/miniconda3/envs/llmcompass/lib/python3.9/multiprocessing/process.py", line 108, in run
    self._target(*self._args, **self._kwargs)
2025-12-30 15:42:06,889 [ERROR]   File "/home/william/LLMCompass_GoldData/software_model/transformer.py", line 558, in compile_and_simulate
    self.Q_proj.compile_and_simulate(pcb, compile_mode)
2025-12-30 15:42:06,889 [ERROR]   File "/home/william/LLMCompass_GoldData/ae/figure8/change_memory_bw.py", line 103, in test_memory_bandwidth
    auto_regression_latency_simulated = model_auto_regression.compile_and_simulate(
2025-12-30 15:42:06,889 [ERROR]   File "/home/william/LLMCompass_GoldData/software_model/matmul.py", line 583, in compile_and_simulate
    cycle_count = self.simulate(
2025-12-30 15:42:06,889 [ERROR]   File "/home/william/LLMCompass_GoldData/software_model/transformer.py", line 558, in compile_and_simulate
    self.Q_proj.compile_and_simulate(pcb, compile_mode)
2025-12-30 15:42:06,889 [ERROR]   File "/home/william/LLMCompass_GoldData/software_model/matmul.py", line 826, in simulate
    l2_tiles[-1, :N_l2_t, :K_l2_t] = self.L2TileSimulator(
2025-12-30 15:42:06,889 [ERROR]   File "/home/william/LLMCompass_GoldData/software_model/matmul.py", line 583, in compile_and_simulate
    cycle_count = self.simulate(
2025-12-30 15:42:06,889 [ERROR]   File "/home/william/LLMCompass_GoldData/software_model/matmul.py", line 1005, in __init__
    self.compute_cycle_count = self.simulate_l2_tile_compute_cycle_count(
2025-12-30 15:42:06,889 [ERROR]   File "/home/william/LLMCompass_GoldData/software_model/matmul.py", line 826, in simulate
    l2_tiles[-1, :N_l2_t, :K_l2_t] = self.L2TileSimulator(
2025-12-30 15:42:06,889 [ERROR]   File "/home/william/LLMCompass_GoldData/software_model/matmul.py", line 1058, in simulate_l2_tile_compute_cycle_count
    l1_tiles[-1, :N_l1_t, :K_l1_t] = Matmul.L1TileSimulator(
2025-12-30 15:42:06,889 [ERROR]   File "/home/william/LLMCompass_GoldData/software_model/matmul.py", line 1005, in __init__
    self.compute_cycle_count = self.simulate_l2_tile_compute_cycle_count(
2025-12-30 15:42:06,889 [ERROR]   File "/home/william/LLMCompass_GoldData/software_model/matmul.py", line 1308, in __init__
    self.compute_cycle_count = self.simulate_l1_tile_compute_cycle_count(
2025-12-30 15:42:06,889 [ERROR]   File "/home/william/LLMCompass_GoldData/software_model/matmul.py", line 1338, in simulate_l1_tile_compute_cycle_count
    Matmul.simulate_systolic_array_cycle_count(
2025-12-30 15:42:06,889 [ERROR]   File "/home/william/LLMCompass_GoldData/software_model/matmul.py", line 1058, in simulate_l2_tile_compute_cycle_count
    l1_tiles[-1, :N_l1_t, :K_l1_t] = Matmul.L1TileSimulator(
2025-12-30 15:42:06,889 [ERROR]   File "/home/william/LLMCompass_GoldData/software_model/matmul.py", line 1405, in simulate_systolic_array_cycle_count
    cycle_count = look_up_table.loc[
2025-12-30 15:42:06,889 [ERROR]   File "/home/william/LLMCompass_GoldData/software_model/matmul.py", line 1308, in __init__
    self.compute_cycle_count = self.simulate_l1_tile_compute_cycle_count(
2025-12-30 15:42:06,889 [ERROR]   File "/home/william/miniconda3/envs/llmcompass/lib/python3.9/site-packages/pandas/core/indexing.py", line 1185, in __getitem__
    return self._getitem_tuple(key)
2025-12-30 15:42:06,889 [ERROR]   File "/home/william/LLMCompass_GoldData/software_model/matmul.py", line 1338, in simulate_l1_tile_compute_cycle_count
    Matmul.simulate_systolic_array_cycle_count(
2025-12-30 15:42:06,889 [ERROR]   File "/home/william/miniconda3/envs/llmcompass/lib/python3.9/site-packages/pandas/core/indexing.py", line 1369, in _getitem_tuple
    return self._getitem_lowerdim(tup)
2025-12-30 15:42:06,889 [ERROR]   File "/home/william/LLMCompass_GoldData/software_model/matmul.py", line 1405, in simulate_systolic_array_cycle_count
    cycle_count = look_up_table.loc[
2025-12-30 15:42:06,889 [ERROR]   File "/home/william/miniconda3/envs/llmcompass/lib/python3.9/site-packages/pandas/core/indexing.py", line 1042, in _getitem_lowerdim
    return self._getitem_nested_tuple(tup)
2025-12-30 15:42:06,889 [ERROR]   File "/home/william/miniconda3/envs/llmcompass/lib/python3.9/site-packages/pandas/core/indexing.py", line 1185, in __getitem__
    return self._getitem_tuple(key)
2025-12-30 15:42:06,889 [ERROR]   File "/home/william/miniconda3/envs/llmcompass/lib/python3.9/site-packages/pandas/core/indexing.py", line 1154, in _getitem_nested_tuple
    obj = getattr(obj, self.name)._getitem_axis(key, axis=axis)
2025-12-30 15:42:06,889 [ERROR]   File "/home/william/miniconda3/envs/llmcompass/lib/python3.9/site-packages/pandas/core/indexing.py", line 1369, in _getitem_tuple
    return self._getitem_lowerdim(tup)
2025-12-30 15:42:06,889 [ERROR]   File "/home/william/miniconda3/envs/llmcompass/lib/python3.9/site-packages/pandas/core/indexing.py", line 1432, in _getitem_axis
    return self._get_label(key, axis=axis)
2025-12-30 15:42:06,889 [ERROR]   File "/home/william/miniconda3/envs/llmcompass/lib/python3.9/site-packages/pandas/core/indexing.py", line 1042, in _getitem_lowerdim
    return self._getitem_nested_tuple(tup)
2025-12-30 15:42:06,889 [ERROR]   File "/home/william/miniconda3/envs/llmcompass/lib/python3.9/site-packages/pandas/core/indexing.py", line 1382, in _get_label
    return self.obj.xs(label, axis=axis)
2025-12-30 15:42:06,889 [ERROR]   File "/home/william/miniconda3/envs/llmcompass/lib/python3.9/site-packages/pandas/core/indexing.py", line 1154, in _getitem_nested_tuple
    obj = getattr(obj, self.name)._getitem_axis(key, axis=axis)
2025-12-30 15:42:06,889 [ERROR]   File "/home/william/miniconda3/envs/llmcompass/lib/python3.9/site-packages/pandas/core/generic.py", line 4315, in xs
    loc, new_index = index._get_loc_level(key, level=0)
2025-12-30 15:42:06,889 [ERROR]   File "/home/william/miniconda3/envs/llmcompass/lib/python3.9/site-packages/pandas/core/indexing.py", line 1432, in _getitem_axis
    return self._get_label(key, axis=axis)
2025-12-30 15:42:06,889 [ERROR]   File "/home/william/miniconda3/envs/llmcompass/lib/python3.9/site-packages/pandas/core/indexes/multi.py", line 3235, in _get_loc_level
    if not any(isinstance(k, slice) for k in key):
2025-12-30 15:42:06,889 [ERROR]   File "/home/william/miniconda3/envs/llmcompass/lib/python3.9/site-packages/pandas/core/indexing.py", line 1382, in _get_label
    return self.obj.xs(label, axis=axis)
2025-12-30 15:42:06,889 [ERROR]   File "/home/william/miniconda3/envs/llmcompass/lib/python3.9/site-packages/pandas/core/generic.py", line 4315, in xs
    loc, new_index = index._get_loc_level(key, level=0)
2025-12-30 15:42:06,889 [ERROR] KeyboardInterrupt
2025-12-30 15:42:06,889 [ERROR]   File "/home/william/miniconda3/envs/llmcompass/lib/python3.9/site-packages/pandas/core/indexes/multi.py", line 3239, in _get_loc_level
    return (self._engine.get_loc(key), None)
2025-12-30 15:42:06,889 [ERROR]   File "pandas/_libs/index.pyx", line 792, in pandas._libs.index.BaseMultiIndexCodesEngine.get_loc
2025-12-30 15:42:06,889 [ERROR]   File "/home/william/miniconda3/envs/llmcompass/lib/python3.9/site-packages/pandas/core/indexes/multi.py", line 162, in _codes_to_ints
    return np.bitwise_or.reduce(codes)
2025-12-30 15:42:06,889 [ERROR] KeyboardInterrupt
2025-12-30 15:42:06,916 [ERROR] Traceback (most recent call last):
2025-12-30 15:42:06,917 [ERROR]   File "/home/william/LLMCompass_GoldData/ae/figure8/change_memory_bw.py", line 150, in <module>
2025-12-30 15:42:06,917 [ERROR] p.start()
2025-12-30 15:42:06,917 [ERROR]   File "/home/william/miniconda3/envs/llmcompass/lib/python3.9/multiprocessing/process.py", line 120, in start
2025-12-30 15:42:06,917 [ERROR] _cleanup()
2025-12-30 15:42:06,917 [ERROR]   File "/home/william/miniconda3/envs/llmcompass/lib/python3.9/multiprocessing/process.py", line 63, in _cleanup
2025-12-30 15:42:06,917 [ERROR] for p in list(_children):
2025-12-30 15:42:06,917 [ERROR] KeyboardInterrupt
2025-12-30 15:42:06,917 [ERROR] 
During handling of the above exception, another exception occurred:
2025-12-30 15:42:06,917 [ERROR] Traceback (most recent call last):
2025-12-30 15:42:06,917 [ERROR]   File "/home/william/miniconda3/envs/llmcompass/lib/python3.9/runpy.py", line 197, in _run_module_as_main
2025-12-30 15:42:06,917 [ERROR] return _run_code(code, main_globals, None,
2025-12-30 15:42:06,917 [ERROR]   File "/home/william/miniconda3/envs/llmcompass/lib/python3.9/runpy.py", line 87, in _run_code
2025-12-30 15:42:06,917 [ERROR] exec(code, run_globals)
2025-12-30 15:42:06,917 [ERROR]   File "/home/william/LLMCompass_GoldData/ae/figure8/change_memory_bw.py", line 157, in <module>
2025-12-30 15:42:06,917 [ERROR] p.terminate()
2025-12-30 15:42:06,917 [ERROR]   File "/home/william/miniconda3/envs/llmcompass/lib/python3.9/multiprocessing/process.py", line 133, in terminate
2025-12-30 15:42:06,917 [ERROR] self._popen.terminate()
2025-12-30 15:42:06,917 [ERROR] AttributeError
2025-12-30 15:42:06,917 [ERROR] :
2025-12-30 15:42:06,917 [ERROR] 'NoneType' object has no attribute 'terminate'
